"Bevl_1";"Bevl_2";"Bevl_3";"Burn1_1";"Burn1_2";"Burn1_3";"Burn1_4";"Mot_Stress_1";"Mot_Stress_2";"Mot_Stress_4";"Onnodige_stress_1";"Onnodige_stress_2";"Onnodige_stress_3";"Onnodige_stress_4";"Onnodige_stress_5";"Onnodige_stress_6";"Onnodige_stress_7";"Onnodige_stress_8";"Onnodige_stress_9";"Onnodige_stress_10";"Leefst";"Cantrill_1";"Q297_1";"Depr_1";"Depr_2";"Depr_3";"Depr_4";"Depr_5";"Depr_6";"Depr_7";"Depr_8";"Cijfer_huidig_1";"StPunt_beh";"Vertr";"StopInt";"Hulp_1";"Hulp_2";"Hulp_3";"Bekendgebruik_1";"Bekendgebruik_2";"Bekendgebruik_3";"Bekendgebruik_4";"Bekendgebruik_5";"Bekendgebruik_6";"Bekendgebruik_7";"Cogn_Eng1_1";"Cogn_Eng1_2";"Cogn_Eng1_3";"Cogn_Eng1_4";"Cogn_Eng1_5";"Cogn_Eng1_6";"Cogn_Eng2_1";"Cogn_Eng2_2";"Cogn_Eng2_3";"Cogn_Eng2_4";"Cogn_Eng2_5";"Cogn_Eng2_6";"Cogn_Eng2_7";"Cogn_Eng2_8";"Partici1_1";"Partici1_2";"Partici1_3";"Partici1_4";"Stopint2";"Betrok_Ouders";"Werk_1";"Zorg_1";"Zorg_2";"Zorg_3";"Zorg_4";"Zorg_5";"Zorg_6";"Pres_1";"Pres_2";"Pres_12";"Veer_1";"Veer_2";"Veer_3";"Veer_4";"Veer_5";"Veer_6";"Cogregiedocent_1";"Cogregiedocent_2";"Cogregiedocent_3";"Cogregiedocent_4";"Cogregiedocent_5";"Cogregiedocent_6";"Extr_eng2_1";"Extr_eng2_2";"Extr_eng2_3";"Domein";"Geslacht";"Leeftijd";"Locatie";"Studiejaar";"Uitwissel";"Vooropleid";"Woonsit"
"2";"2";"3";"4";"5";"4";"5";"2,2";"4,2";"2,2";"2";"4";"2";"5";"5";"";"5";"";"5";"3";"4";"3,4";"3,4";"2,33";"5,0";"5,0";"2,33";"2,33";"2,33";"2,33";"5,0";"3,4";"600";"1,8";"1";"5,0";"5,0";"5,0";"1,0";"1,0";"3,0";"1,0";"1,0";"1,0";"1,0";"4";"4";"3";"5";"2";"2";"3";"2";"4";"4";"2";"5";"3";"3";"2";"2";"3";"2";"1";"3";"2,04";"4";"2";"4";"3";"1";"3";"4";"5";"3";"2";"5";"5";"5";"1";"5";"3";"4";"2";"2";"2";"2";"2";"1";"1";"Creative Business (CB)";"Vrouw";"20";"Den Haag";"2";"0";"Havo";"Bij mijn ouder(s)/verzorger(s)"
"3";"4";"4";"2";"1";"1";"2";"4,2";"3,0";"4,2";"2";"3";"1";"3";"3";"3";"5";"4";"2";"1";"4";"4,2";"3,4";"2,33";"2,33";"1,0";"2,33";"1,0";"2,33";"2,33";"1,0";"3,8";"340";"1,0";"0";"1,0";"1,0";"1,0";"3,0";"3,0";"3,0";"3,0";"3,0";"3,0";"3,0";"4";"4";"2";"4";"4";"4";"3";"2";"3";"4";"3";"4";"4";"4";"3";"2";"2";"1";"1";"3";"2,6";"1";"2";"2";"3";"3";"3";"3";"4";"2";"4";"2";"2";"2";"4";"2";"4";"4";"4";"4";"5";"4";"4";"3";"3";"Gezondheid, Sport en Welzijn (GSW)";"Vrouw";"25";"Den Haag";"4";"0";"Mbo";"Met mijn partner / een relatie"
"3";"4";"3";"4";"3";"3";"3";"3,4";"3,8";"4,2";"3";"3";"3";"3";"3";"3";"3";"3";"3";"3";"4";"3,8";"4,2";"3,67";"3,67";"3,67";"2,33";"3,67";"2,33";"3,67";"2,33";"4,08";"224";"1,0";"0";"1,0";"1,0";"1,0";"1,0";"1,0";"1,0";"1,0";"1,0";"1,0";"1,0";"2";"3";"4";"4";"4";"5";"5";"4";"4";"3";"3";"3";"2";"3";"4";"1";"1";"1";"1";"3";"3,0";"";"";"";"";"";"";"";"";"";"";"";"";"";"";"";"";"";"";"";"";"";"";"";"";"Gezondheid, Sport en Welzijn (GSW)";"Vrouw";"23";"Alkmaar";"4";"0";"Mbo";"Alleen"
"3";"4";"4";"3";"3";"3";"4";"3,8";"5,0";"3,0";"3";"4";"4";"4";"4";"3";"2";"3";"4";"2";"4";"3,8";"4,2";"2,33";"3,67";"1,0";"2,33";"1,0";"2,33";"2,33";"3,67";"3,28";"215";"1,8";"0";"1,0";"1,0";"1,0";"3,0";"3,0";"3,0";"5,0";"3,0";"3,0";"3,0";"4";"4";"3";"4";"4";"4";"4";"4";"4";"4";"3";"4";"3";"4";"3";"3";"2";"1";"1";"3";"2,2";"";"";"";"";"";"";"";"";"";"";"";"";"";"";"";"";"";"";"";"";"";"";"";"";"Gezondheid, Sport en Welzijn (GSW)";"Vrouw";"23";"Alkmaar";"4";"0";"Mbo";"Bij mijn ouder(s)/verzorger(s)"
"3";"4";"4";"1";"1";"1";"1";"3,8";"1,4";"4,2";"1";"1";"1";"2";"1";"1";"1";"1";"1";"1";"4";"3,8";"3,8";"1,0";"1,0";"2,33";"2,33";"1,0";"2,33";"1,0";"2,33";"3,92";"212";"1,0";"0";"1,0";"1,0";"1,0";"3,0";"1,0";"3,0";"1,0";"1,0";"1,0";"1,0";"3";"4";"2";"4";"4";"4";"4";"3";"4";"4";"3";"4";"3";"3";"2";"3";"1";"1";"1";"3";"1,0";"1";"1";"2";"2";"3";"2";"1";"2";"1";"4";"1";"1";"2";"4";"1";"4";"4";"4";"3";"4";"3";"4";"3";"4";"Techniek, Ontwerpen en Informatica (TOI)";"Man";"21";"Alkmaar";"4";"0";"Havo";"Bij mijn ouder(s)/verzorger(s)"
"3";"4";"5";"3";"2";"1";"3";"4,2";"3,8";"3,4";"1";"2";"";"";"";"2";"2";"2";"3";"1";"4";"4,2";"3,4";"2,33";"3,67";"2,33";"2,33";"1,0";"3,67";"1,0";"3,67";"4,12";"212";"1,0";"0";"1,0";"1,0";"1,0";"3,0";"3,0";"3,0";"1,0";"1,0";"1,0";"1,0";"5";"5";"2";"4";"4";"4";"4";"4";"4";"4";"3";"5";"5";"5";"4";"3";"1";"1";"1";"4";"1,96";"2";"1";"3";"1";"4";"2";"4";"2";"1";"4";"2";"2";"2";"3";"2";"4";"4";"5";"5";"5";"5";"5";"4";"4";"Techniek, Ontwerpen en Informatica (TOI)";"Man";"21";"Haarlem";"4";"0";"Havo";"Bij mijn ouder(s)/verzorger(s)"
"3";"4";"3";"4";"3";"4";"4";"2,6";"3,8";"3,8";"1";"2";"2";"3";"4";"4";"3";"2";"3";"3";"4";"3,0";"3,8";"1,0";"2,33";"2,33";"1,0";"1,0";"1,0";"2,33";"5,0";"3,84";"212";"1,0";"0";"1,0";"1,0";"1,0";"5,0";"1,0";"3,0";"1,0";"3,0";"1,0";"1,0";"4";"4";"4";"3";"5";"4";"4";"4";"4";"4";"3";"5";"4";"4";"3";"2";"1";"3";"1";"3";"2,04";"3";"1";"1";"1";"4";"3";"4";"3";"2";"3";"5";"3";"4";"3";"3";"5";"4";"4";"5";"4";"4";"5";"5";"5";"Techniek, Ontwerpen en Informatica (TOI)";"Vrouw";"21";"Haarlem";"4";"0";"Havo";"Bij mijn ouder(s)/verzorger(s)"
"3";"3";"3";"4";"4";"3";"4";"2,2";"4,2";"1,8";"";"5";"";"";"3";"3";"";"";"2";"";"2";"3,4";"3,8";"2,33";"3,67";"3,67";"3,67";"2,33";"3,67";"2,33";"5,0";"3,8";"211";"1,8";"1";"5,0";"1,0";"5,0";"3,0";"1,0";"5,0";"1,0";"1,0";"1,0";"1,0";"4";"4";"4";"4";"4";"4";"4";"4";"4";"3";"4";"4";"3";"4";"3";"1";"3";"2";"1";"4";"2,44";"4";"2";"3";"1";"1";"1";"4";"3";"3";"3";"4";"4";"3";"4";"3";"3";"1";"4";"3";"4";"4";"4";"4";"3";"Onderwijs en Innovatie (ONI)";"Vrouw";"51";"Alkmaar";"5 of hoger";"0";"Anders, namelijk (vul in):";"Met mijn partner / een relatie"
"3";"4";"4";"4";"2";"1";"3";"3,8";"4,2";"3,0";"2";"4";"2";"5";"5";"3";"2";"3";"3";"1";"3";"3,8";"3,4";"3,67";"3,67";"2,33";"5,0";"2,33";"3,67";"3,67";"2,33";"3,68";"210";"1,0";"0";"1,0";"1,0";"1,0";"1,0";"1,0";"5,0";"1,0";"1,0";"1,0";"1,0";"4";"5";"3";"4";"3";"4";"3";"3";"4";"3";"3";"3";"3";"4";"2";"1";"3";"2";"1";"5";"1,8";"4";"4";"4";"4";"4";"4";"4";"3";"4";"4";"5";"5";"4";"3";"4";"3";"4";"3";"3";"4";"4";"3";"3";"3";"Business, Finance and Law (BFL)";"Vrouw";"20";"Alkmaar";"4";"0";"Havo";"Bij mijn ouder(s)/verzorger(s)"
"3";"5";"4";"4";"4";"3";"3";"3,4";"5,0";"3,4";"4";"3";"1";"3";"2";"2";"3";"3";"3";"3";"4";"4,6";"3,8";"1,0";"1,0";"1,0";"2,33";"1,0";"2,33";"2,33";"3,67";"3,88";"210";"1,0";"0";"1,0";"1,0";"1,0";"1,0";"1,0";"1,0";"1,0";"1,0";"1,0";"1,0";"4";"3";"2";"3";"3";"5";"3";"2";"3";"4";"1";"2";"1";"2";"3";"1";"1";"1";"1";"2";"2,6";"";"";"";"";"";"";"";"";"";"";"";"";"";"";"";"";"";"";"";"";"";"";"";"";"Gezondheid, Sport en Welzijn (GSW)";"Vrouw";"22";"Alkmaar";"4";"0";"Havo";"Bij mijn ouder(s)/verzorger(s)"
"1";"3";"3";"3";"3";"3";"4";"3,8";"4,6";"3,8";"4";"3";"4";"5";"5";"5";"4";"4";"4";"3";"3";"3,0";"4,2";"2,33";"3,67";"2,33";"3,67";"2,33";"3,67";"2,33";"2,33";"3,76";"210";"1,0";"0";"1,0";"5,0";"5,0";"1,0";"5,0";"1,0";"1,0";"1,0";"1,0";"1,0";"4";"4";"3";"4";"3";"3";"3";"3";"3";"3";"3";"4";"2";"3";"4";"3";"3";"2";"1";"5";"2,2";"4";"4";"4";"4";"5";"4";"5";"3";"4";"3";"4";"5";"3";"3";"3";"4";"4";"4";"4";"4";"3";"3";"3";"3";"Techniek, Ontwerpen en Informatica (TOI)";"Anders";"39";"Haarlem";"4";"1";"Anders, namelijk (vul in):";"Alleen"
"1";"1";"1";"5";"3";"4";"4";"2,2";"4,2";"1,8";"3";"5";"2";"4";"2";"3";"";"5";"5";"3";"3";"3,0";"3,8";"3,67";"5,0";"2,33";"3,67";"2,33";"3,67";"2,33";"5,0";"3,8";"210";"5,0";"1";"5,0";"1,0";"1,0";"1,0";"1,0";"5,0";"1,0";"1,0";"5,0";"1,0";"4";"4";"3";"4";"2";"2";"3";"2";"4";"2";"3";"3";"3";"2";"3";"1";"3";"3";"1";"2";"2,92";"5";"3";"5";"3";"4";"4";"4";"3";"4";"4";"4";"3";"4";"3";"4";"2";"3";"3";"2";"2";"1";"3";"3";"3";"Agri, Food and Life Sciences (AFL)";"Man";"24";"Delft";"5 of hoger";"1";"Havo";"Met een of enkele huisgenoten / vrienden (geen relatie)"
"1";"1";"1";"5";"3";"5";"5";"1,0";"5,0";"1,0";"1";"";"1";"1";"1";"";"1";"";"";"1";"4";"1,0";"3,4";"2,33";"5,0";"2,33";"3,67";"2,33";"3,67";"2,33";"5,0";"2,6";"210";"5,0";"1";"3,0";"1,0";"3,0";"1,0";"5,0";"3,0";"1,0";"1,0";"1,0";"1,0";"5";"5";"1";"5";"2";"1";"3";"3";"2";"3";"3";"3";"3";"3";"3";"4";"1";"1";"1";"2";"1,0";"5";"4";"5";"3";"3";"4";"5";"5";"5";"2";"4";"4";"5";"3";"5";"5";"3";"5";"1";"3";"1";"1";"1";"1";"Techniek, Ontwerpen en Informatica (TOI)";"Man";"26";"Delft";"5 of hoger";"0";"Havo";"Bij mijn ouder(s)/verzorger(s)"
"1";"1";"1";"5";"5";"5";"4";"2,6";"4,6";"3,0";"";"5";"";"3";"3";"4";"";"3";"5";"";"4";"3,8";"3,8";"1,0";"1,0";"1,0";"1,0";"1,0";"2,33";"2,33";"2,33";"3,96";"210";"1,0";"0";"3,0";"1,0";"1,0";"1,0";"1,0";"1,0";"1,0";"1,0";"1,0";"1,0";"4";"3";"3";"4";"3";"2";"3";"3";"4";"4";"3";"4";"4";"3";"1";"1";"1";"1";"1";"4";"2,2";"";"";"";"";"";"";"";"";"";"";"";"";"";"";"";"";"";"";"";"";"";"";"";"";"Onderwijs en Innovatie (ONI)";"Vrouw";"24";"Dordrecht";"5 of hoger";"0";"Mbo";"Bij mijn ouder(s)/verzorger(s)"
"2";"5";"5";"5";"5";"4";"5";"4,2";"5,0";"1,0";"3";"4";"5";"4";"5";"4";"";"3";"4";"5";"4";"3,4";"4,2";"5,0";"5,0";"3,67";"2,33";"3,67";"3,67";"3,67";"3,67";"3,88";"210";"1,0";"1";"5,0";"5,0";"3,0";"3,0";"3,0";"5,0";"1,0";"1,0";"1,0";"1,0";"4";"4";"3";"4";"4";"4";"5";"5";"5";"5";"5";"4";"4";"4";"2";"2";"1";"1";"1";"4";"";"4";"5";"3";"5";"4";"3";"5";"4";"3";"4";"4";"3";"4";"2";"4";"4";"4";"4";"4";"5";"4";"4";"3";"3";"Gezondheid, Sport en Welzijn (GSW)";"Vrouw";"20";"Amsterdam";"4";"0";"Havo";"Bij mijn ouder(s)/verzorger(s)"
"3";"3";"3";"2";"1";"2";"2";"4,2";"2,6";"3,0";"2";"3";"2";"2";"3";"2";"1";"2";"4";"5";"4";"3,4";"3,8";"2,33";"1,0";"3,67";"2,33";"1,0";"3,67";"1,0";"5,0";"3,84";"210";"1,0";"0";"1,0";"1,0";"1,0";"3,0";"1,0";"1,0";"1,0";"1,0";"1,0";"1,0";"3";"5";"2";"4";"2";"2";"4";"4";"5";"4";"4";"4";"4";"4";"2";"1";"1";"1";"1";"3";"1,88";"2";"2";"4";"3";"4";"4";"5";"3";"3";"5";"1";"1";"1";"5";"1";"4";"3";"4";"3";"3";"4";"5";"3";"3";"Business, Finance and Law (BFL)";"Vrouw";"21";"Alkmaar";"4";"0";"Havo";"Bij mijn ouder(s)/verzorger(s)"
"3";"3";"3";"4";"2";"2";"2";"3,0";"3,0";"3,0";"1";"3";"1";"3";"2";"3";"";"";"1";"";"4";"4,2";"3,4";"1,0";"2,33";"3,67";"2,33";"1,0";"2,33";"2,33";"2,33";"3,84";"210";"1,0";"0";"1,0";"1,0";"1,0";"3,0";"3,0";"3,0";"1,0";"1,0";"1,0";"1,0";"3";"5";"2";"4";"4";"4";"4";"4";"4";"2";"2";"5";"3";"4";"3";"3";"3";"3";"1";"1";"1,64";"1";"2";"3";"2";"1";"1";"4";"2";"2";"4";"2";"2";"4";"3";"3";"4";"4";"3";"4";"4";"4";"3";"4";"4";"Techniek, Ontwerpen en Informatica (TOI)";"Man";"23";"Alkmaar";"4";"0";"Mbo";"Bij mijn ouder(s)/verzorger(s)"
"3";"4";"3";"3";"3";"3";"4";"3,8";"4,2";"3,4";"3";"4";"3";"4";"4";"4";"2";"3";"4";"3";"4";"3,8";"5,0";"2,33";"3,67";"3,67";"2,33";"2,33";"2,33";"2,33";"2,33";"4,0";"210";"1,0";"0";"1,0";"1,0";"1,0";"3,0";"3,0";"5,0";"1,0";"1,0";"1,0";"1,0";"4";"3";"3";"4";"4";"4";"3";"2";"3";"3";"2";"4";"2";"3";"2";"3";"1";"1";"1";"3";"1,96";"3";"4";"3";"3";"1";"2";"5";"5";"4";"2";"4";"4";"4";"2";"4";"4";"3";"3";"3";"4";"3";"3";"3";"3";"Business, Finance and Law (BFL)";"Vrouw";"22";"Alkmaar";"4";"0";"Havo";"Met mijn partner / een relatie"
"2";"4";"3";"3";"4";"3";"3";"3,8";"3,4";"3,8";"3";"4";"3";"4";"4";"4";"3";"3";"4";"4";"4";"3,8";"3,4";"1,0";"1,0";"2,33";"2,33";"1,0";"1,0";"1,0";"2,33";"3,48";"210";"4,2";"0";"1,0";"1,0";"1,0";"3,0";"1,0";"3,0";"3,0";"1,0";"1,0";"1,0";"4";"4";"3";"4";"4";"4";"4";"4";"4";"3";"3";"4";"4";"4";"3";"2";"2";"2";"1";"3";"2,2";"3";"2";"2";"3";"4";"4";"4";"3";"3";"2";"4";"4";"4";"3";"4";"3";"3";"3";"4";"4";"4";"4";"4";"3";"Gezondheid, Sport en Welzijn (GSW)";"Vrouw";"23";"Alkmaar";"4";"0";"Havo";"Met mijn partner / een relatie"
"3";"4";"4";"4";"5";"5";"5";"4,2";"4,2";"3,8";"4";"3";"5";"4";"4";"3";"2";"2";"5";"5";"1";"3,0";"4,2";"5,0";"5,0";"5,0";"3,67";"2,33";"5,0";"3,67";"5,0";"3,8";"210";"1,0";"0";"3,0";"1,0";"1,0";"3,0";"3,0";"5,0";"5,0";"1,0";"3,0";"3,0";"3";"5";"1";"5";"4";"3";"2";"1";"1";"2";"2";"4";"2";"2";"2";"1";"1";"1";"1";"3";"1,64";"2";"1";"4";"4";"2";"2";"5";"3";"3";"1";"5";"5";"5";"2";"4";"4";"4";"3";"3";"5";"5";"3";"2";"1";"Creative Business (CB)";"Vrouw";"22";"Haarlem";"4";"0";"Havo";"Met mijn partner / een relatie"
"2";"3";"4";"5";"4";"2";"4";"2,2";"4,2";"3,8";"1";"2";"1";"2";"1";"2";"3";"3";"3";"1";"3";"3,0";"4,6";"5,0";"5,0";"5,0";"3,67";"3,67";"3,67";"5,0";"5,0";"4,28";"210";"1,0";"0";"1,0";"1,0";"5,0";"3,0";"1,0";"3,0";"3,0";"1,0";"1,0";"1,0";"5";"4";"4";"3";"4";"4";"5";"2";"4";"5";"3";"5";"5";"4";"2";"1";"1";"2";"1";"3";"1,0";"";"";"";"";"";"";"";"";"";"";"";"";"";"";"";"";"";"";"";"";"";"";"";"";"Techniek, Ontwerpen en Informatica (TOI)";"Man";"21";"Haarlem";"4";"0";"Havo";"Alleen"
"2";"2";"2";"5";"4";"5";"4";"1,0";"5,0";"1,0";"5";"5";"";"";"5";"5";"";"3";"5";"";"5";"2,6";"3,8";"2,33";"2,33";"3,67";"3,67";"1,0";"3,67";"3,67";"3,67";"3,76";"210";"1,0";"1";"1,0";"1,0";"1,0";"3,0";"1,0";"1,0";"3,0";"1,0";"5,0";"1,0";"5";"5";"2";"5";"3";"3";"4";"3";"4";"4";"3";"5";"3";"1";"3";"3";"1";"1";"1";"5";"2,44";"4";"5";"5";"2";"1";"3";"4";"5";"3";"3";"4";"4";"4";"3";"3";"3";"4";"4";"3";"3";"3";"2";"3";"3";"Creative Business (CB)";"Vrouw";"21";"Rotterdam";"4";"0";"Havo";"Bij mijn ouder(s)/verzorger(s)"
"2";"3";"3";"3";"3";"3";"4";"2,6";"3,4";"2,6";"2";"3";"3";"3";"4";"2";"";"";"3";"3";"3";"3,0";"3,8";"3,67";"3,67";"1,0";"3,67";"2,33";"5,0";"3,67";"3,67";"4,0";"210";"1,0";"1";"1,0";"1,0";"1,0";"3,0";"3,0";"5,0";"1,0";"1,0";"1,0";"1,0";"4";"4";"3";"4";"4";"4";"4";"3";"3";"3";"2";"5";"3";"3";"2";"3";"1";"1";"1";"3";"2,6";"2";"2";"2";"3";"3";"4";"4";"2";"3";"4";"3";"3";"2";"3";"3";"4";"2";"4";"2";"4";"3";"2";"1";"1";"Business, Finance and Law (BFL)";"Vrouw";"24";"Den Haag";"4";"0";"Havo";"Alleen"
"4";"4";"3";"2";"2";"2";"1";"4,2";"3,4";"4,2";"5";"2";"2";"2";"1";"1";"1";"3";"1";"1";"5";"4,2";"4,2";"1,0";"2,33";"1,0";"2,33";"1,0";"2,33";"1,0";"1,0";"4,04";"210";"1,0";"0";"1,0";"1,0";"1,0";"3,0";"1,0";"1,0";"3,0";"1,0";"1,0";"1,0";"4";"3";"1";"5";"5";"5";"5";"4";"5";"3";"3";"5";"4";"4";"5";"4";"4";"3";"1";"5";"1,0";"";"";"";"";"";"";"";"";"";"";"";"";"";"";"";"";"";"";"";"";"";"";"";"";"Agri, Food and Life Sciences (AFL)";"Man";"28";"Delft";"4";"0";"Mbo";"Bij mijn ouder(s)/verzorger(s)"
"3";"4";"3";"2";"2";"3";"2";"3,4";"2,2";"3,4";"1";"2";"1";"1";"1";"1";"1";"1";"1";"1";"5";"4,6";"4,6";"1,0";"1,0";"1,0";"1,0";"1,0";"1,0";"1,0";"1,0";"3,6";"210";"1,0";"0";"1,0";"1,0";"1,0";"3,0";"3,0";"3,0";"3,0";"3,0";"3,0";"3,0";"4";"3";"1";"4";"4";"4";"3";"4";"4";"4";"3";"5";"4";"4";"3";"1";"1";"1";"1";"4";"1,24";"";"";"";"";"";"";"";"";"";"";"";"";"";"";"";"";"";"";"";"";"";"";"";"";"Agri, Food and Life Sciences (AFL)";"Man";"23";"Delft";"4";"0";"Mbo";"Bij mijn ouder(s)/verzorger(s)"
"3";"4";"3";"3";"3";"3";"3";"4,2";"3,4";"3,8";"5";"5";"5";"5";"";"5";"5";"5";"5";"5";"4";"3,8";"4,2";"2,33";"2,33";"3,67";"2,33";"2,33";"2,33";"3,67";"3,67";"3,52";"210";"5,0";"0";"5,0";"1,0";"1,0";"3,0";"3,0";"5,0";"3,0";"5,0";"3,0";"3,0";"5";"5";"2";"4";"4";"5";"5";"5";"5";"5";"5";"5";"5";"5";"3";"3";"3";"3";"1";"3";"2,84";"";"";"";"";"";"";"";"";"";"";"";"";"";"";"";"";"";"";"";"";"";"";"";"";"Agri, Food and Life Sciences (AFL)";"Man";"21";"Delft";"4";"0";"Havo";"Bij mijn ouder(s)/verzorger(s)"
"3";"3";"3";"3";"1";"2";"3";"4,2";"2,6";"3,4";"1";"2";"1";"3";"3";"3";"2";"2";"3";"1";"3";"4,2";"3,8";"1,0";"2,33";"1,0";"2,33";"1,0";"2,33";"1,0";"1,0";"3,8";"210";"1,0";"0";"3,0";"1,0";"1,0";"3,0";"3,0";"3,0";"3,0";"1,0";"1,0";"1,0";"3";"4";"3";"4";"5";"5";"4";"4";"4";"4";"3";"4";"3";"4";"3";"1";"1";"2";"1";"5";"1,8";"";"";"";"";"";"";"";"";"";"";"";"";"";"";"";"";"";"";"";"";"";"";"";"";"Agri, Food and Life Sciences (AFL)";"Man";"21";"Delft";"4";"0";"Havo";"Bij mijn ouder(s)/verzorger(s)"
"2";"3";"3";"4";"3";"3";"2";"2,2";"3,8";"3,4";"3";"4";"2";"4";"4";"4";"3";"3";"5";"1";"4";"4,2";"5,0";"1,0";"3,67";"2,33";"1,0";"1,0";"1,0";"1,0";"3,67";"3,64";"210";"4,2";"0";"1,0";"1,0";"1,0";"3,0";"5,0";"5,0";"3,0";"3,0";"3,0";"3,0";"4";"4";"3";"4";"3";"3";"2";"2";"4";"4";"1";"5";"2";"1";"5";"2";"4";"4";"1";"1";"2,12";"1";"2";"5";"1";"4";"2";"4";"2";"2";"3";"3";"2";"4";"3";"3";"1";"2";"3";"1";"1";"1";"1";"1";"1";"Techniek, Ontwerpen en Informatica (TOI)";"Man";"22";"Haarlem";"5 of hoger";"0";"Mbo";"Bij mijn ouder(s)/verzorger(s)"
"3";"2";"2";"3";"2";"2";"2";"2,2";"3,8";"3,0";"2";"5";"2";"5";"5";"5";"3";"3";"5";"2";"4";"3,8";"5,0";"1,0";"1,0";"2,33";"2,33";"2,33";"2,33";"1,0";"2,33";"3,64";"210";"3,4";"0";"5,0";"1,0";"5,0";"3,0";"5,0";"5,0";"3,0";"3,0";"3,0";"3,0";"4";"5";"2";"4";"3";"3";"4";"1";"4";"3";"1";"3";"3";"1";"5";"1";"4";"4";"1";"2";"2,28";"2";"2";"4";"2";"2";"3";"4";"2";"2";"4";"2";"2";"2";"3";"2";"3";"3";"3";"1";"1";"3";"1";"1";"1";"Techniek, Ontwerpen en Informatica (TOI)";"Man";"22";"Haarlem";"5 of hoger";"0";"Mbo";"Bij mijn ouder(s)/verzorger(s)"
"2";"2";"1";"4";"5";"4";"4";"3,8";"4,6";"2,2";"";"4";"";"5";"4";"3";"";"3";"5";"2";"4";"3,4";"4,2";"3,67";"3,67";"5,0";"3,67";"3,67";"3,67";"3,67";"1,0";"3,52";"210";"1,0";"1";"5,0";"1,0";"5,0";"5,0";"5,0";"3,0";"1,0";"1,0";"1,0";"1,0";"4";"5";"3";"5";"2";"2";"3";"1";"5";"4";"2";"5";"3";"3";"3";"5";"3";"1";"1";"1";"2,92";"4";"2";"5";"3";"4";"2";"4";"2";"4";"3";"4";"4";"4";"2";"3";"3";"3";"4";"3";"3";"3";"4";"2";"2";"Gezondheid, Sport en Welzijn (GSW)";"Man";"21";"Amsterdam";"4";"0";"Havo";"Bij mijn ouder(s)/verzorger(s)"
"2";"4";"3";"4";"4";"4";"5";"3,8";"3,8";"4,6";"4";"5";"";"4";"4";"3";"4";"2";"5";"2";"3";"3,4";"4,2";"2,33";"3,67";"3,67";"2,33";"2,33";"2,33";"2,33";"5,0";"3,84";"210";"1,0";"0";"3,0";"1,0";"5,0";"5,0";"1,0";"5,0";"1,0";"1,0";"1,0";"1,0";"4";"3";"3";"4";"4";"4";"4";"4";"4";"5";"3";"5";"4";"4";"3";"4";"5";"5";"1";"4";"1,64";"2";"2";"3";"4";"2";"1";"4";"4";"2";"2";"4";"4";"4";"2";"4";"4";"4";"4";"3";"4";"4";"3";"2";"2";"Techniek, Ontwerpen en Informatica (TOI)";"Vrouw";"21";"Haarlem";"4";"0";"Havo";"Alleen"
"3";"4";"4";"3";"3";"2";"3";"4,6";"3,8";"4,2";"4";"3";"3";"4";"4";"3";"4";"2";"3";"2";"4";"3,8";"4,2";"2,33";"3,67";"2,33";"2,33";"2,33";"3,67";"3,67";"2,33";"3,84";"210";"1,0";"0";"1,0";"1,0";"1,0";"5,0";"1,0";"1,0";"1,0";"1,0";"1,0";"1,0";"5";"5";"2";"5";"5";"5";"4";"3";"2";"2";"4";"4";"4";"5";"3";"1";"1";"1";"1";"5";"1,96";"";"";"";"";"";"";"";"";"";"";"";"";"";"";"";"";"";"";"";"";"";"";"";"";"Gezondheid, Sport en Welzijn (GSW)";"Vrouw";"27";"Amsterdam";"5 of hoger";"0";"Mbo";"Bij mijn ouder(s)/verzorger(s)"
"2";"3";"2";"4";"5";"4";"4";"3,8";"4,6";"2,2";"2";"4";"2";"5";"5";"5";"5";"4";"3";"1";"4";"4,2";"4,2";"2,33";"3,67";"2,33";"2,33";"2,33";"2,33";"2,33";"3,67";"3,8";"209";"1,0";"0";"5,0";"1,0";"3,0";"1,0";"1,0";"5,0";"5,0";"1,0";"1,0";"1,0";"4";"5";"3";"5";"3";"3";"4";"3";"3";"4";"2";"5";"3";"3";"2";"1";"3";"1";"1";"3";"1,64";"4";"4";"3";"4";"4";"2";"4";"5";"5";"3";"4";"3";"2";"2";"4";"4";"4";"3";"4";"4";"4";"4";"2";"4";"Gezondheid, Sport en Welzijn (GSW)";"Vrouw";"21";"Alkmaar";"5 of hoger";"0";"Havo";"Bij mijn ouder(s)/verzorger(s)"
"3";"4";"3";"3";"2";"3";"3";"4,2";"3,8";"3,8";"4";"4";"2";"5";"4";"4";"2";"2";"4";"3";"4";"4,2";"3,4";"1,0";"2,33";"2,33";"1,0";"1,0";"2,33";"1,0";"2,33";"4,2";"206";"1,0";"0";"3,0";"1,0";"1,0";"3,0";"1,0";"1,0";"1,0";"1,0";"1,0";"1,0";"4";"3";"3";"4";"4";"3";"2";"2";"2";"2";"2";"4";"2";"2";"1";"1";"1";"1";"1";"3";"2,44";"4";"2";"4";"4";"1";"3";"5";"4";"5";"4";"3";"3";"4";"3";"3";"4";"4";"4";"3";"3";"3";"3";"3";"2";"Gezondheid, Sport en Welzijn (GSW)";"Vrouw";"24";"Haarlem";"4";"0";"Havo";"Met mijn partner / een relatie"
"2";"3";"2";"5";"3";"5";"3";"3,4";"2,6";"3,4";"3";"4";"2";"4";"";"3";"";"1";"4";"4";"4";"3,8";"4,2";"2,33";"3,67";"5,0";"3,67";"1,0";"2,33";"2,33";"2,33";"4,28";"204";"1,0";"0";"1,0";"1,0";"1,0";"1,0";"3,0";"5,0";"1,0";"1,0";"1,0";"1,0";"5";"4";"1";"5";"5";"5";"4";"4";"5";"3";"4";"5";"4";"5";"4";"1";"3";"1";"1";"";"2,28";"1";"3";"2";"3";"5";"3";"4";"2";"2";"4";"3";"4";"4";"2";"3";"5";"5";"5";"5";"5";"5";"5";"3";"4";"Onderwijs en Innovatie (ONI)";"Vrouw";"37";"Den Haag";"4";"0";"Mbo";"Met mijn partner / een relatie"
"1";"2";"5";"5";"5";"3";"4";"1,8";"5,0";"1,0";"";"1";"2";"4";"";"3";"";"4";"5";"";"3";"3,4";"4,2";"5,0";"3,67";"5,0";"3,67";"2,33";"3,67";"3,67";"5,0";"3,88";"204";"1,8";"0";"3,0";"3,0";"3,0";"3,0";"3,0";"5,0";"1,0";"3,0";"1,0";"1,0";"5";"5";"2";"5";"5";"5";"5";"5";"3";"4";"5";"5";"4";"5";"3";"1";"4";"1";"1";"";"3,56";"5";"4";"4";"5";"3";"3";"5";"3";"2";"5";"4";"3";"5";"2";"5";"4";"5";"5";"5";"5";"5";"5";"4";"4";"Onderwijs en Innovatie (ONI)";"Vrouw";"51";"Den Haag";"4";"0";"Havo";"Met mijn partner / een relatie"
"1";"2";"3";"4";"4";"4";"5";"1,4";"4,6";"1,0";"1";"5";"2";"4";"4";"5";"2";"5";"5";"1";"4";"3,0";"3,8";"3,67";"5,0";"2,33";"3,67";"3,67";"3,67";"1,0";"5,0";"3,8";"200";"5,0";"0";"5,0";"1,0";"1,0";"1,0";"1,0";"1,0";"1,0";"1,0";"1,0";"1,0";"4";"5";"3";"4";"2";"2";"3";"3";"4";"4";"2";"5";"4";"3";"3";"2";"1";"3";"1";"5";"1,64";"5";"3";"4";"3";"3";"5";"3";"3";"4";"2";"3";"3";"3";"3";"3";"2";"3";"3";"3";"3";"3";"4";"4";"3";"Agri, Food and Life Sciences (AFL)";"Man";"22";"Delft";"4";"0";"Havo";"Bij mijn ouder(s)/verzorger(s)"
"2";"2";"3";"3";"2";"1";"3";"1,0";"3,8";"1,8";"1";"4";"1";"2";"5";"2";"1";"2";"5";"1";"4";"3,4";"4,2";"1,0";"2,33";"1,0";"3,67";"1,0";"2,33";"1,0";"3,67";"3,72";"200";"1,8";"1";"1,0";"1,0";"1,0";"1,0";"1,0";"1,0";"1,0";"1,0";"1,0";"1,0";"3";"2";"2";"2";"2";"2";"2";"2";"2";"2";"2";"2";"2";"3";"3";"3";"3";"3";"1";"2";"3,0";"";"";"";"";"";"";"";"";"";"";"";"";"";"";"";"";"";"";"";"";"";"";"";"";"Agri, Food and Life Sciences (AFL)";"Man";"23";"Delft";"4";"0";"Vwo";"Bij mijn ouder(s)/verzorger(s)"
"2";"2";"2";"4";"2";"4";"4";"2,2";"2,6";"2,2";"2";"3";"2";"4";"4";"4";"2";"3";"3";"4";"4";"3,0";"1,8";"1,0";"2,33";"2,33";"1,0";"3,67";"3,67";"1,0";"1,0";"3,68";"200";"1,0";"0";"1,0";"1,0";"1,0";"1,0";"1,0";"1,0";"1,0";"1,0";"1,0";"1,0";"2";"2";"2";"4";"2";"3";"2";"3";"3";"3";"2";"3";"3";"4";"1";"1";"1";"1";"1";"2";"2,6";"1";"1";"1";"4";"2";"3";"4";"3";"3";"4";"2";"2";"2";"4";"2";"4";"3";"2";"4";"4";"3";"4";"2";"1";"Business, Finance and Law (BFL)";"Man";"23";"Den Haag";"5 of hoger";"0";"Havo";"Bij mijn ouder(s)/verzorger(s)"
"3";"4";"3";"5";"4";"4";"4";"3,8";"5,0";"3,4";"";"4";"";"";"4";"5";"";"5";"4";"5";"4";"4,2";"3,8";"2,33";"2,33";"2,33";"1,0";"1,0";"1,0";"2,33";"2,33";"4,2";"200";"1,0";"0";"1,0";"1,0";"1,0";"3,0";"1,0";"5,0";"1,0";"1,0";"1,0";"1,0";"5";"3";"3";"2";"3";"4";"3";"3";"3";"3";"1";"1";"1";"3";"2";"1";"1";"1";"1";"5";"3,56";"3";"2";"4";"2";"4";"1";"3";"4";"1";"4";"3";"2";"3";"4";"2";"5";"4";"3";"2";"4";"3";"4";"4";"4";"Gezondheid, Sport en Welzijn (GSW)";"Vrouw";"22";"Haarlem";"4";"0";"Havo";"Bij mijn ouder(s)/verzorger(s)"
"5";"5";"5";"2";"2";"2";"2";"4,6";"3,8";"5,0";"1";"2";"2";"1";"1";"1";"1";"3";"3";"5";"4";"4,2";"4,2";"1,0";"1,0";"1,0";"1,0";"1,0";"1,0";"1,0";"1,0";"3,4";"200";"1,0";"0";"1,0";"1,0";"1,0";"5,0";"3,0";"5,0";"5,0";"3,0";"3,0";"3,0";"5";"5";"2";"5";"5";"5";"5";"5";"5";"5";"5";"5";"5";"5";"5";"5";"5";"5";"1";"1";"1,0";"3";"3";"2";"5";"5";"5";"4";"4";"4";"4";"3";"2";"2";"4";"2";"5";"5";"5";"5";"5";"5";"5";"5";"5";"Agri, Food and Life Sciences (AFL)";"Vrouw";"24";"Delft";"4";"0";"Mbo";"Bij mijn ouder(s)/verzorger(s)"
"2";"3";"2";"4";"4";"4";"4";"2,6";"4,6";"2,2";"";"5";"";"5";"";"5";"";"4";"3";"";"4";"3,4";"3,8";"3,67";"2,33";"5,0";"3,67";"1,0";"3,67";"2,33";"2,33";"3,44";"199";"1,8";"1";"5,0";"3,0";"1,0";"3,0";"3,0";"5,0";"3,0";"1,0";"1,0";"1,0";"4";"4";"3";"4";"3";"3";"4";"3";"4";"4";"4";"3";"3";"3";"2";"2";"3";"1";"1";"4";"2,6";"5";"3";"4";"3";"4";"2";"4";"4";"3";"3";"2";"2";"2";"3";"2";"2";"3";"3";"3";"3";"3";"2";"2";"2";"Onderwijs en Innovatie (ONI)";"Vrouw";"24";"Alkmaar";"5 of hoger";"0";"Havo";"Bij mijn ouder(s)/verzorger(s)"
"2";"4";"3";"4";"4";"3";"3";"3,4";"4,2";"3,0";"2";"1";"1";"1";"1";"2";"1";"2";"1";"1";"3";"2,6";"3,8";"3,67";"3,67";"3,67";"3,67";"2,33";"3,67";"2,33";"3,67";"3,6";"198";"3,4";"1";"3,0";"1,0";"3,0";"3,0";"1,0";"3,0";"1,0";"1,0";"1,0";"1,0";"4";"5";"3";"4";"4";"4";"4";"3";"4";"4";"4";"5";"4";"4";"2";"1";"1";"1";"1";"4";"2,12";"3";"2";"2";"4";"5";"2";"4";"3";"2";"3";"3";"3";"4";"3";"3";"4";"3";"5";"4";"5";"5";"4";"4";"3";"Gezondheid, Sport en Welzijn (GSW)";"Man";"25";"Haarlem";"4";"0";"Havo";"Alleen"
"4";"3";"3";"4";"3";"3";"4";"2,2";"5,0";"4,2";"5";"5";"5";"5";"5";"5";"";"5";"5";"";"4";"4,2";"5,0";"2,33";"2,33";"2,33";"1,0";"1,0";"2,33";"2,33";"1,0";"4,08";"198";"5,0";"1";"5,0";"1,0";"1,0";"5,0";"5,0";"5,0";"3,0";"3,0";"3,0";"3,0";"5";"5";"2";"5";"3";"4";"2";"3";"1";"1";"3";"3";"3";"3";"5";"4";"5";"5";"1";"2";"3,56";"";"";"";"";"";"";"";"";"";"";"";"";"";"";"";"";"";"";"";"";"";"";"";"";"Business, Finance and Law (BFL)";"Vrouw";"33";"Rotterdam";"5 of hoger";"0";"Havo";"Alleen"
"2";"2";"2";"4";"1";"3";"1";"1,8";"3,8";"2,2";"1";"4";"1";"5";"4";"4";"1";"1";"4";"1";"5";"4,6";"3,8";"2,33";"1,0";"1,0";"1,0";"2,33";"1,0";"2,33";"2,33";"4,2";"196";"1,0";"0";"3,0";"5,0";"5,0";"3,0";"3,0";"3,0";"1,0";"1,0";"1,0";"1,0";"3";"4";"2";"4";"2";"2";"4";"4";"3";"4";"3";"4";"2";"3";"3";"4";"2";"3";"1";"3";"3,0";"3";"1";"2";"4";"4";"4";"4";"4";"3";"4";"4";"2";"5";"2";"2";"4";"4";"3";"2";"2";"3";"1";"1";"2";"Business, Finance and Law (BFL)";"Man";"21";"Alkmaar";"4";"0";"Havo";"Bij mijn ouder(s)/verzorger(s)"
"1";"3";"2";"2";"2";"4";"4";"2,2";"1,8";"2,6";"2";"2";"1";"2";"1";"1";"1";"1";"1";"1";"4";"4,2";"4,2";"1,0";"2,33";"1,0";"2,33";"1,0";"2,33";"1,0";"1,0";"3,6";"195";"1,0";"0";"1,0";"1,0";"1,0";"1,0";"1,0";"1,0";"1,0";"1,0";"1,0";"1,0";"3";"2";"1";"4";"3";"4";"3";"4";"4";"5";"4";"4";"3";"4";"2";"2";"2";"4";"1";"1";"2,6";"";"";"";"";"";"";"";"";"";"";"";"";"";"";"";"";"";"";"";"";"";"";"";"";"Agri, Food and Life Sciences (AFL)";"Man";"21";"Delft";"4";"0";"Havo";"Bij mijn ouder(s)/verzorger(s)"
"5";"4";"3";"4";"2";"4";"5";"2,2";"3,8";"1,8";"5";"4";"4";"";"";"";"5";"2";"5";"5";"4";"2,2";"3,0";"5,0";"5,0";"1,0";"3,67";"3,67";"3,67";"5,0";"5,0";"3,8";"195";"4,2";"1";"3,0";"5,0";"3,0";"5,0";"5,0";"5,0";"3,0";"3,0";"1,0";"1,0";"4";"4";"5";"3";"4";"4";"4";"1";"1";"1";"3";"4";"4";"3";"4";"4";"4";"1";"";"1";"2,2";"5";"4";"3";"4";"5";"5";"5";"3";"5";"2";"4";"4";"4";"2";"4";"4";"4";"4";"2";"4";"3";"4";"3";"2";"Creative Business (CB)";"Vrouw";"22";"Amsterdam";"5 of hoger";"0";"Havo";"Bij mijn ouder(s)/verzorger(s)"
"3";"3";"3";"2";"2";"2";"3";"2,2";"4,6";"3,4";"3";"4";"2";"3";"3";"3";"";"4";"3";"2";"2";"3,8";"4,2";"2,33";"3,67";"3,67";"2,33";"1,0";"2,33";"2,33";"2,33";"3,76";"192";"5,0";"0";"5,0";"1,0";"1,0";"3,0";"1,0";"5,0";"1,0";"1,0";"1,0";"1,0";"3";"4";"3";"5";"4";"4";"5";"5";"5";"5";"3";"5";"4";"4";"3";"3";"2";"2";"1";"1";"3,8";"4";"2";"4";"2";"1";"1";"4";"2";"4";"4";"2";"2";"3";"4";"2";"2";"1";"3";"3";"4";"3";"4";"3";"3";"Onderwijs en Innovatie (ONI)";"Vrouw";"46";"Alkmaar";"5 of hoger";"0";"Mbo";"Anders"
"2";"3";"3";"4";"3";"4";"4";"3,4";"4,2";"2,6";"";"4";"";"3";"4";"4";"";"2";"5";"";"4";"3,8";"3,4";"1,0";"2,33";"2,33";"2,33";"1,0";"3,67";"2,33";"3,67";"3,8";"190";"1,8";"0";"1,0";"1,0";"1,0";"3,0";"3,0";"5,0";"1,0";"1,0";"1,0";"1,0";"4";"3";"3";"4";"3";"3";"2";"2";"2";"2";"2";"4";"2";"3";"1";"1";"1";"1";"1";"";"2,6";"";"";"";"";"";"";"";"";"";"";"";"";"";"";"";"";"";"";"";"";"";"";"";"";"Onderwijs en Innovatie (ONI)";"Vrouw";"30";"Rotterdam";"5 of hoger";"0";"Vwo";"Met mijn partner / een relatie"
"3";"4";"3";"4";"4";"2";"4";"3,4";"4,6";"3,0";"2";"4";"2";"3";"3";"2";"2";"3";"5";"2";"4";"2,6";"3,4";"2,33";"5,0";"2,33";"2,33";"2,33";"3,67";"2,33";"3,67";"3,76";"189";"1,8";"1";"3,0";"1,0";"1,0";"3,0";"3,0";"3,0";"1,0";"3,0";"1,0";"1,0";"4";"5";"3";"5";"4";"4";"4";"3";"4";"3";"3";"3";"2";"3";"2";"1";"1";"1";"1";"4";"2,92";"4";"3";"3";"4";"4";"4";"5";"4";"5";"3";"4";"4";"4";"3";"3";"4";"2";"3";"3";"3";"3";"4";"2";"2";"Gezondheid, Sport en Welzijn (GSW)";"Vrouw";"28";"Rotterdam";"4";"0";"Anders, namelijk (vul in):";"Bij mijn ouder(s)/verzorger(s)"
"3";"4";"4";"3";"2";"3";"3";"4,2";"4,2";"4,2";"1";"2";"2";"2";"3";"4";"5";"3";"5";"3";"3";"3,8";"5,0";"2,33";"3,67";"2,33";"2,33";"3,67";"3,67";"2,33";"2,33";"4,0";"189";"5,0";"0";"3,0";"1,0";"3,0";"5,0";"1,0";"5,0";"1,0";"3,0";"1,0";"1,0";"4";"5";"4";"5";"5";"5";"5";"4";"5";"4";"4";"5";"4";"4";"3";"1";"2";"2";"1";"2";"";"3";"4";"3";"4";"4";"4";"4";"3";"3";"3";"4";"4";"4";"2";"4";"4";"4";"5";"3";"5";"5";"4";"4";"4";"Gezondheid, Sport en Welzijn (GSW)";"Vrouw";"23";"Den Haag";"5 of hoger";"0";"Mbo";"Bij mijn ouder(s)/verzorger(s)"
"3";"4";"3";"3";"1";"1";"2";"3,8";"3,8";"3,0";"2";"3";"2";"5";"5";"5";"3";"5";"5";"1";"4";"3,8";"4,2";"2,33";"1,0";"2,33";"2,33";"1,0";"3,67";"1,0";"3,67";"3,84";"185";"3,4";"0";"1,0";"1,0";"1,0";"3,0";"1,0";"3,0";"1,0";"1,0";"1,0";"1,0";"3";"5";"3";"4";"4";"5";"4";"5";"3";"3";"3";"5";"4";"3";"3";"2";"2";"1";"1";"4";"";"4";"3";"4";"4";"5";"3";"2";"3";"3";"4";"3";"2";"2";"3";"2";"2";"2";"4";"3";"5";"3";"4";"3";"3";"Onderwijs en Innovatie (ONI)";"Man";"23";"Haarlem";"4";"0";"Mbo";"Bij mijn ouder(s)/verzorger(s)"
"3";"3";"3";"4";"2";"5";"3";"1,4";"5,0";"1,0";"2";"2";"2";"2";"2";"4";"";"4";"4";"1";"2";"3,0";"3,8";"2,33";"5,0";"3,67";"3,67";"1,0";"2,33";"2,33";"5,0";"3,4";"180";"1,8";"1";"5,0";"1,0";"1,0";"1,0";"1,0";"1,0";"1,0";"1,0";"1,0";"1,0";"3";"4";"2";"4";"2";"4";"5";"4";"4";"3";"3";"4";"1";"3";"4";"5";"1";"1";"1";"4";"4,6";"4";"4";"4";"1";"1";"1";"4";"4";"2";"4";"2";"4";"2";"3";"2";"5";"5";"3";"4";"3";"3";"3";"2";"5";"Gezondheid, Sport en Welzijn (GSW)";"Vrouw";"39";"Alkmaar";"3";"0";"Mbo";"Anders"
"3";"4";"3";"4";"3";"4";"3";"3,8";"4,2";"3,8";"3";"4";"4";"4";"4";"4";"3";"4";"4";"1";"4";"3,4";"4,2";"2,33";"3,67";"3,67";"3,67";"1,0";"3,67";"2,33";"2,33";"3,8";"180";"1,0";"1";"5,0";"1,0";"3,0";"1,0";"1,0";"5,0";"1,0";"1,0";"1,0";"1,0";"5";"3";"3";"4";"3";"3";"2";"2";"3";"3";"3";"3";"3";"3";"3";"1";"1";"1";"1";"";"3,56";"4";"2";"5";"2";"2";"2";"5";"4";"4";"2";"3";"4";"4";"4";"4";"4";"4";"3";"3";"3";"3";"3";"3";"3";"Onderwijs en Innovatie (ONI)";"Vrouw";"24";"Den Haag";"5 of hoger";"0";"Mbo";"Anders"
"3";"3";"3";"4";"4";"2";"4";"1,0";"3,8";"2,2";"1";"3";"5";"";"5";"";"5";"5";"3";"3";"3";"3,4";"3,0";"2,33";"3,67";"2,33";"5,0";"2,33";"3,67";"3,67";"2,33";"3,64";"180";"3,4";"1";"3,0";"3,0";"3,0";"3,0";"3,0";"3,0";"3,0";"5,0";"3,0";"3,0";"3";"3";"3";"4";"4";"5";"3";"3";"2";"1";"1";"2";"3";"1";"2";"3";"2";"1";"1";"4";"2,28";"";"";"";"";"";"";"";"";"";"";"";"";"";"";"";"";"";"";"";"";"";"";"";"";"Techniek, Ontwerpen en Informatica (TOI)";"Vrouw";"19";"Amsterdam";"3";"0";"Anders, namelijk (vul in):";"Bij mijn ouder(s)/verzorger(s)"
"3";"3";"4";"2";"4";"5";"2";"3,0";"5,0";"3,4";"5";"1";"2";"3";"2";"5";"5";"4";"4";"5";"3";"3,4";"3,8";"5,0";"5,0";"5,0";"3,67";"5,0";"5,0";"5,0";"2,33";"3,36";"180";"1,0";"0";"3,0";"5,0";"5,0";"5,0";"3,0";"5,0";"1,0";"1,0";"1,0";"1,0";"5";"5";"2";"4";"4";"4";"4";"1";"1";"2";"4";"4";"4";"4";"3";"1";"1";"1";"1";"1";"2,28";"3";"5";"2";"5";"5";"5";"5";"3";"5";"2";"5";"5";"5";"5";"5";"5";"4";"5";"4";"4";"4";"4";"4";"4";"Gezondheid, Sport en Welzijn (GSW)";"Vrouw";"26";"Rotterdam";"4";"0";"Mbo";"Alleen"
"3";"4";"3";"4";"2";"2";"3";"4,2";"3,8";"4,2";"1";"2";"3";"3";"3";"3";"4";"2";"3";"4";"4";"4,2";"4,2";"2,33";"5,0";"5,0";"2,33";"1,0";"2,33";"2,33";"3,67";"3,8";"178";"1,0";"0";"1,0";"1,0";"1,0";"5,0";"1,0";"5,0";"1,0";"1,0";"1,0";"1,0";"3";"4";"5";"3";"5";"5";"3";"3";"3";"3";"2";"5";"2";"4";"2";"4";"2";"1";"1";"5";"1,96";"3";"1";"2";"4";"1";"4";"3";"3";"3";"3";"3";"3";"3";"4";"2";"4";"5";"4";"3";"3";"4";"5";"4";"4";"Business, Finance and Law (BFL)";"Vrouw";"27";"Den Haag";"4";"0";"Mbo";"Alleen"
"3";"4";"4";"4";"4";"5";"5";"3,8";"4,2";"3,8";"3";"5";"4";"4";"4";"5";"4";"5";"4";"5";"2";"3,8";"3,8";"1,0";"3,67";"5,0";"2,33";"1,0";"3,67";"1,0";"3,67";"3,96";"170";"1,0";"0";"5,0";"5,0";"3,0";"1,0";"1,0";"5,0";"1,0";"1,0";"1,0";"1,0";"4";"4";"4";"5";"5";"4";"3";"4";"3";"4";"3";"5";"3";"4";"1";"2";"2";"2";"1";"1";"";"3";"3";"4";"5";"5";"4";"5";"4";"4";"3";"3";"4";"4";"3";"4";"1";"3";"4";"3";"4";"3";"3";"1";"1";"Techniek, Ontwerpen en Informatica (TOI)";"Man";"26";"Alkmaar";"4";"0";"Mbo";"Bij mijn ouder(s)/verzorger(s)"
"4";"4";"4";"2";"2";"4";"1";"4,2";"3,0";"4,2";"";"4";"";"3";"";"3";"1";"3";"3";"2";"4";"4,2";"3,8";"2,33";"1,0";"2,33";"2,33";"1,0";"2,33";"2,33";"1,0";"3,8";"170";"1,0";"0";"1,0";"1,0";"1,0";"3,0";"3,0";"3,0";"1,0";"3,0";"1,0";"1,0";"5";"4";"1";"5";"5";"5";"3";"4";"3";"4";"2";"5";"2";"3";"3";"4";"1";"1";"1";"2";"3,4";"3";"1";"2";"1";"1";"1";"3";"3";"2";"5";"2";"2";"2";"4";"2";"5";"5";"3";"2";"3";"2";"5";"4";"4";"Gezondheid, Sport en Welzijn (GSW)";"Vrouw";"38";"Alkmaar";"3";"0";"Mbo";"Anders"
"2";"3";"2";"2";"1";"2";"3";"3,4";"3,4";"3,0";"4";"2";"1";"1";"4";"3";"5";"1";"4";"1";"4";"4,2";"4,2";"1,0";"2,33";"2,33";"1,0";"1,0";"1,0";"1,0";"2,33";"4,2";"170";"1,0";"0";"1,0";"1,0";"1,0";"3,0";"1,0";"3,0";"1,0";"1,0";"1,0";"1,0";"4";"4";"2";"4";"3";"5";"3";"1";"3";"4";"2";"5";"3";"4";"2";"1";"2";"1";"1";"4";"1,8";"4";"1";"4";"1";"3";"4";"4";"4";"4";"4";"1";"2";"2";"4";"1";"3";"3";"4";"3";"5";"4";"5";"4";"5";"Business, Finance and Law (BFL)";"Man";"21";"Rotterdam";"4";"0";"Havo";"Bij mijn ouder(s)/verzorger(s)"
"4";"3";"4";"3";"2";"2";"3";"3,8";"4,2";"3,8";"3";"5";"3";"3";"4";"4";"1";"2";"4";"1";"4";"4,2";"3,4";"2,33";"1,0";"3,67";"2,33";"5,0";"2,33";"2,33";"2,33";"3,84";"170";"3,4";"1";"3,0";"1,0";"3,0";"3,0";"3,0";"5,0";"3,0";"3,0";"1,0";"1,0";"4";"4";"3";"4";"4";"4";"4";"4";"4";"4";"2";"4";"2";"4";"2";"1";"3";"1";"1";"5";"3,56";"3";"4";"3";"4";"4";"3";"4";"2";"4";"3";"4";"3";"3";"2";"3";"4";"4";"4";"3";"3";"4";"4";"3";"2";"Business, Finance and Law (BFL)";"Vrouw";"25";"Rotterdam";"4";"0";"Mbo";"Alleen"
"3";"4";"2";"2";"3";"3";"2";"4,2";"2,6";"3,0";"5";"3";"5";"3";"4";"2";"3";"4";"4";"1";"5";"4,2";"4,2";"1,0";"2,33";"1,0";"1,0";"1,0";"1,0";"2,33";"2,33";"1,8";"165";"1,0";"0";"1,0";"1,0";"1,0";"1,0";"1,0";"1,0";"5,0";"1,0";"1,0";"1,0";"3";"4";"2";"4";"4";"3";"4";"4";"5";"5";"1";"5";"2";"2";"1";"1";"1";"1";"1";"2";"2,92";"";"";"";"";"";"";"";"";"";"";"";"";"";"";"";"";"";"";"";"";"";"";"";"";"Agri, Food and Life Sciences (AFL)";"Man";"22";"Amsterdam";"3";"0";"Vwo";"Bij mijn ouder(s)/verzorger(s)"
"3";"4";"3";"2";"2";"4";"3";"3,8";"3,8";"3,8";"2";"3";"2";"2";"4";"4";"1";"2";"4";"1";"4";"4,2";"3,8";"2,33";"2,33";"2,33";"2,33";"1,0";"2,33";"1,0";"2,33";"4,32";"165";"1,0";"0";"1,0";"1,0";"1,0";"3,0";"3,0";"3,0";"1,0";"1,0";"1,0";"1,0";"4";"5";"4";"4";"4";"4";"4";"4";"4";"3";"4";"4";"3";"4";"2";"1";"2";"3";"1";"3";"1,0";"2";"2";"4";"3";"3";"4";"5";"4";"3";"4";"4";"2";"2";"3";"2";"2";"2";"4";"3";"4";"4";"3";"3";"2";"Agri, Food and Life Sciences (AFL)";"Man";"19";"Amsterdam";"3";"0";"Havo";"Bij mijn ouder(s)/verzorger(s)"
"2";"2";"2";"4";"3";"4";"3";"1,8";"5,0";"2,2";"5";"2";"2";"3";"2";"4";"2";"5";"3";"2";"4";"1,8";"3,8";"2,33";"1,0";"1,0";"3,67";"2,33";"2,33";"2,33";"3,67";"3,76";"165";"5,0";"1";"5,0";"1,0";"5,0";"3,0";"1,0";"3,0";"1,0";"1,0";"1,0";"1,0";"5";"5";"5";"5";"2";"3";"3";"2";"2";"2";"3";"5";"3";"5";"5";"4";"4";"5";"1";"4";"2,04";"";"";"";"";"";"";"";"";"";"";"";"";"";"";"";"";"";"";"";"";"";"";"";"";"Onderwijs en Innovatie (ONI)";"Vrouw";"24";"Haarlem";"4";"0";"Mbo";"Met mijn partner / een relatie"
"2";"3";"2";"3";"2";"3";"3";"3,4";"1,8";"3,4";"3";"2";"2";"1";"1";"1";"1";"1";"3";"1";"4";"4,2";"3,8";"2,33";"1,0";"2,33";"1,0";"2,33";"1,0";"1,0";"2,33";"3,72";"163";"2,6";"0";"1,0";"1,0";"1,0";"1,0";"1,0";"1,0";"5,0";"1,0";"1,0";"1,0";"3";"3";"2";"4";"4";"5";"4";"3";"4";"4";"4";"4";"4";"4";"3";"1";"1";"1";"1";"3";"1,8";"2";"1";"2";"1";"3";"2";"3";"2";"3";"4";"1";"1";"2";"4";"2";"4";"3";"4";"3";"5";"4";"4";"3";"4";"Techniek, Ontwerpen en Informatica (TOI)";"Man";"20";"Alkmaar";"3";"0";"Havo";"Bij mijn ouder(s)/verzorger(s)"
"4";"4";"4";"4";"3";"3";"2";"5,0";"4,6";"4,2";"";"2";"";"1";"1";"2";"";"2";"4";"1";"5";"4,2";"3,8";"2,33";"2,33";"2,33";"2,33";"2,33";"2,33";"2,33";"2,33";"4,16";"161";"1,0";"0";"1,0";"1,0";"1,0";"1,0";"1,0";"1,0";"1,0";"1,0";"1,0";"1,0";"5";"4";"1";"5";"5";"5";"4";"3";"3";"3";"3";"4";"4";"3";"3";"1";"1";"1";"1";"5";"2,92";"1";"3";"3";"2";"1";"1";"5";"3";"1";"2";"4";"4";"4";"2";"4";"3";"3";"4";"3";"4";"3";"3";"3";"3";"Onderwijs en Innovatie (ONI)";"Vrouw";"39";"Den Haag";"4";"0";"Mbo";"Met mijn partner / een relatie"
"4";"5";"5";"3";"2";"3";"2";"5,0";"3,8";"4,2";"2";"1";"1";"2";"2";"2";"5";"4";"2";"1";"5";"4,2";"4,6";"1,0";"1,0";"2,33";"2,33";"1,0";"2,33";"2,33";"1,0";"4,56";"161";"1,8";"0";"3,0";"1,0";"1,0";"3,0";"3,0";"1,0";"3,0";"1,0";"1,0";"1,0";"5";"5";"2";"5";"5";"5";"5";"5";"5";"5";"5";"5";"5";"5";"4";"1";"4";"3";"1";"";"3,64";"2";"2";"2";"1";"1";"1";"5";"3";"1";"5";"3";"2";"4";"3";"2";"4";"4";"5";"4";"5";"5";"2";"3";"3";"Onderwijs en Innovatie (ONI)";"Vrouw";"53";"Rotterdam";"3";"0";"Anders, namelijk (vul in):";"Met mijn partner / een relatie"
"3";"4";"4";"3";"3";"4";"4";"3,8";"3,8";"3,8";"3";"4";"4";"4";"5";"5";"3";"4";"4";"2";"4";"3,8";"3,8";"2,33";"3,67";"3,67";"2,33";"2,33";"2,33";"2,33";"3,67";"3,96";"161";"1,0";"0";"3,0";"1,0";"3,0";"3,0";"3,0";"5,0";"1,0";"5,0";"5,0";"1,0";"4";"5";"2";"4";"3";"4";"3";"2";"3";"2";"4";"3";"3";"4";"2";"1";"2";"1";"1";"4";"1,96";"2";"2";"3";"4";"5";"2";"4";"2";"3";"3";"4";"4";"4";"2";"2";"4";"4";"4";"4";"4";"4";"3";"4";"4";"Gezondheid, Sport en Welzijn (GSW)";"Vrouw";"22";"Haarlem";"5 of hoger";"0";"Havo";"Bij mijn ouder(s)/verzorger(s)"
"3";"4";"3";"4";"4";"3";"4";"3,8";"4,6";"3,0";"";"4";"";"3";"";"3";"";"2";"3";"2";"2";"3,8";"3,4";"3,67";"2,33";"3,67";"3,67";"2,33";"2,33";"3,67";"5,0";"3,8";"160";"1,0";"0";"3,0";"1,0";"1,0";"1,0";"3,0";"3,0";"1,0";"1,0";"1,0";"1,0";"4";"1";"3";"4";"4";"5";"3";"3";"3";"4";"4";"5";"5";"4";"1";"1";"1";"1";"1";"4";"3,24";"4";"2";"3";"4";"4";"2";"4";"4";"4";"4";"2";"2";"2";"4";"2";"4";"4";"4";"4";"4";"3";"4";"3";"3";"Business, Finance and Law (BFL)";"Vrouw";"26";"Rotterdam";"5 of hoger";"0";"Havo";"Met mijn partner / een relatie"
"3";"3";"3";"3";"3";"4";"3";"3,4";"3,4";"3,4";"3";"3";"3";"3";"3";"3";"1";"3";"3";"4";"4";"3,4";"3,4";"2,33";"2,33";"2,33";"3,67";"2,33";"3,67";"2,33";"2,33";"4,2";"160";"1,0";"0";"1,0";"1,0";"1,0";"3,0";"3,0";"3,0";"1,0";"1,0";"1,0";"1,0";"3";"4";"4";"3";"4";"4";"4";"4";"4";"4";"4";"4";"4";"4";"3";"3";"1";"1";"1";"4";"";"";"";"";"";"";"";"";"";"";"";"";"";"";"";"";"";"";"";"";"";"";"";"";"";"Agri, Food and Life Sciences (AFL)";"Vrouw";"19";"Amsterdam";"3";"0";"Havo";"Bij mijn ouder(s)/verzorger(s)"
"3";"4";"3";"4";"3";"3";"4";"3,4";"4,2";"3,4";"2";"3";"2";"4";"4";"4";"4";"3";"4";"3";"3";"2,6";"3,4";"2,33";"3,67";"3,67";"3,67";"2,33";"2,33";"2,33";"3,67";"3,4";"160";"1,8";"0";"1,0";"1,0";"1,0";"3,0";"1,0";"3,0";"1,0";"1,0";"1,0";"1,0";"4";"4";"3";"3";"4";"4";"4";"4";"3";"3";"3";"4";"2";"3";"2";"1";"2";"2";"1";"3";"3,4";"4";"4";"2";"4";"4";"3";"5";"3";"4";"3";"4";"4";"4";"2";"3";"4";"3";"3";"4";"3";"3";"4";"4";"3";"Gezondheid, Sport en Welzijn (GSW)";"Vrouw";"19";"Haarlem";"3";"0";"Havo";"Bij mijn ouder(s)/verzorger(s)"
"2";"3";"3";"4";"3";"3";"4";"3,8";"4,2";"3,4";"";"2";"";"3";"2";"3";"";"2";"2";"2";"3";"3,8";"3,4";"2,33";"3,67";"3,67";"3,67";"2,33";"3,67";"2,33";"3,67";"3,4";"160";"3,4";"1";"3,0";"5,0";"3,0";"3,0";"3,0";"1,0";"3,0";"1,0";"5,0";"3,0";"3";"2";"5";"5";"4";"4";"3";"2";"4";"2";"4";"4";"4";"4";"3";"1";"3";"3";"1";"3";"1,0";"3";"4";"2";"2";"4";"2";"5";"4";"4";"4";"3";"4";"4";"3";"4";"3";"3";"4";"4";"4";"3";"4";"4";"4";"Creative Business (CB)";"Vrouw";"28";"Den Haag";"5 of hoger";"0";"Mbo";"Bij mijn ouder(s)/verzorger(s)"
"4";"3";"3";"3";"2";"2";"3";"5,0";"5,0";"5,0";"3";"3";"3";"3";"3";"3";"3";"3";"3";"3";"5";"3,8";"3,8";"2,33";"2,33";"2,33";"3,67";"2,33";"3,67";"2,33";"2,33";"4,2";"160";"1,0";"0";"1,0";"1,0";"1,0";"5,0";"5,0";"5,0";"3,0";"3,0";"3,0";"3,0";"4";"4";"1";"4";"2";"5";"1";"1";"3";"3";"1";"5";"5";"5";"3";"2";"3";"3";"1";"1";"3,4";"";"";"";"";"";"";"";"";"";"";"";"";"";"";"";"";"";"";"";"";"";"";"";"";"Techniek, Ontwerpen en Informatica (TOI)";"Man";"21";"Haarlem";"3";"0";"Ik heb een buitenlandse vooropleiding afgerond (bv. A-levels)";"Alleen"
"4";"5";"5";"2";"1";"1";"4";"3,8";"4,2";"4,6";"2";"1";"1";"1";"1";"1";"1";"1";"1";"1";"4";"1,8";"3,0";"5,0";"5,0";"5,0";"5,0";"5,0";"5,0";"5,0";"5,0";"3,76";"160";"1,0";"0";"1,0";"1,0";"3,0";"5,0";"1,0";"5,0";"1,0";"1,0";"5,0";"5,0";"5";"5";"1";"5";"5";"5";"5";"5";"5";"4";"5";"5";"5";"5";"5";"5";"1";"1";"1";"2";"3,0";"1";"1";"1";"1";"1";"1";"4";"2";"2";"2";"5";"4";"3";"1";"3";"4";"4";"5";"5";"5";"5";"4";"4";"4";"Gezondheid, Sport en Welzijn (GSW)";"Vrouw";"22";"Amsterdam";"4";"0";"Mbo";"Alleen"
"3";"4";"3";"3";"2";"3";"2";"4,2";"4,2";"3,8";"4";"3";"2";"4";"5";"2";"1";"2";"1";"3";"4";"4,2";"3,8";"1,0";"1,0";"2,33";"2,33";"1,0";"2,33";"1,0";"2,33";"4,28";"158";"1,0";"0";"1,0";"1,0";"1,0";"3,0";"3,0";"3,0";"3,0";"1,0";"1,0";"1,0";"4";"4";"3";"4";"5";"5";"4";"5";"5";"5";"3";"5";"2";"3";"5";"5";"3";"2";"1";"4";"1,72";"";"";"";"";"";"";"";"";"";"";"";"";"";"";"";"";"";"";"";"";"";"";"";"";"Techniek, Ontwerpen en Informatica (TOI)";"Man";"20";"Alkmaar";"3";"0";"Vwo";"Bij mijn ouder(s)/verzorger(s)"
"2";"3";"1";"4";"2";"1";"4";"2,2";"3,4";"2,6";"2";"3";"2";"1";"3";"2";"1";"2";"4";"1";"2";"3,4";"3,8";"2,33";"3,67";"3,67";"3,67";"2,33";"3,67";"1,0";"5,0";"3,8";"158";"1,0";"0";"1,0";"1,0";"1,0";"3,0";"3,0";"3,0";"3,0";"1,0";"5,0";"1,0";"2";"5";"2";"4";"3";"4";"4";"3";"4";"4";"2";"5";"2";"2";"3";"1";"3";"1";"1";"1";"";"1";"2";"5";"1";"2";"2";"2";"1";"4";"4";"2";"2";"1";"2";"2";"3";"4";"4";"4";"4";"3";"4";"4";"1";"Agri, Food and Life Sciences (AFL)";"Man";"21";"Delft";"3";"0";"Vwo";"Bij mijn ouder(s)/verzorger(s)"
"1";"1";"1";"5";"5";"5";"5";"1,8";"4,6";"1,0";"2";"5";"";"5";"5";"4";"";"";"";"";"4";"2,2";"3,4";"5,0";"5,0";"2,33";"5,0";"5,0";"3,67";"5,0";"3,67";"1,4";"156";"1,0";"1";"5,0";"1,0";"5,0";"3,0";"1,0";"5,0";"1,0";"1,0";"1,0";"1,0";"5";"5";"3";"4";"1";"1";"4";"2";"2";"3";"2";"5";"1";"1";"5";"1";"1";"1";"";"4";"2,2";"3";"5";"5";"2";"2";"2";"5";"5";"3";"2";"4";"4";"4";"2";"4";"1";"1";"3";"1";"1";"2";"2";"2";"1";"Techniek, Ontwerpen en Informatica (TOI)";"Vrouw";"19";"Haarlem";"3";"0";"Havo";"Bij mijn ouder(s)/verzorger(s)"
"2";"3";"2";"4";"2";"5";"5";"3,8";"4,2";"1,0";"3";"5";"4";"4";"4";"5";"1";"5";"4";"2";"4";"3,4";"4,2";"3,67";"3,67";"3,67";"3,67";"2,33";"3,67";"3,67";"3,67";"3,8";"156";"1,0";"1";"5,0";"5,0";"5,0";"3,0";"1,0";"5,0";"1,0";"1,0";"1,0";"1,0";"4";"1";"1";"2";"2";"4";"2";"1";"3";"1";"2";"1";"1";"1";"1";"1";"1";"1";"1";"4";"2,6";"";"";"";"";"";"";"";"";"";"";"";"";"";"";"";"";"";"";"";"";"";"";"";"";"Gezondheid, Sport en Welzijn (GSW)";"Vrouw";"28";"Rotterdam";"3";"0";"Anders, namelijk (vul in):";"Anders"
"3";"3";"3";"3";"1";"2";"3";"4,2";"3,0";"3,4";"1";"3";"1";"3";"4";"4";"1";"1";"4";"3";"4";"3,4";"4,2";"2,33";"2,33";"2,33";"2,33";"2,33";"3,67";"2,33";"2,33";"3,8";"156";"1,0";"0";"1,0";"1,0";"1,0";"3,0";"1,0";"1,0";"1,0";"1,0";"1,0";"1,0";"4";"5";"2";"4";"3";"3";"4";"2";"2";"3";"3";"5";"3";"3";"2";"4";"1";"1";"1";"5";"1,0";"1";"4";"4";"3";"5";"2";"3";"2";"2";"3";"3";"3";"3";"3";"3";"4";"3";"3";"3";"4";"2";"4";"3";"1";"Agri, Food and Life Sciences (AFL)";"Man";"21";"Delft";"3";"0";"Havo";"Bij mijn ouder(s)/verzorger(s)"
"2";"3";"3";"4";"4";"4";"2";"3,4";"3,8";"3,0";"3";"5";"4";"5";"5";"5";"2";"3";"5";"2";"4";"3,4";"3,4";"1,0";"2,33";"2,33";"2,33";"2,33";"3,67";"1,0";"1,0";"3,76";"156";"1,0";"1";"1,0";"1,0";"1,0";"3,0";"3,0";"3,0";"3,0";"3,0";"3,0";"1,0";"4";"5";"2";"4";"3";"3";"4";"4";"4";"4";"3";"5";"3";"3";"4";"5";"5";"5";"1";"3";"1,4";"3";"2";"5";"4";"3";"3";"5";"3";"3";"3";"2";"3";"4";"3";"2";"3";"4";"5";"4";"4";"4";"4";"4";"3";"Agri, Food and Life Sciences (AFL)";"Vrouw";"19";"Delft";"3";"0";"Havo";"Bij mijn ouder(s)/verzorger(s)"
"1";"1";"1";"4";"2";"4";"4";"1,4";"4,2";"1,4";"3";"2";"2";"4";"5";"5";"4";"4";"4";"2";"4";"4,2";"3,4";"1,0";"1,0";"2,33";"2,33";"3,67";"2,33";"2,33";"3,67";"3,8";"155";"1,0";"1";"1,0";"1,0";"1,0";"1,0";"1,0";"5,0";"1,0";"1,0";"1,0";"1,0";"2";"5";"4";"4";"2";"2";"1";"1";"1";"1";"4";"5";"5";"5";"2";"1";"1";"1";"1";"3";"3,56";"1";"1";"1";"1";"1";"1";"3";"2";"2";"";"";"";"";"";"";"";"";"";"";"";"";"";"";"";"Business, Finance and Law (BFL)";"Vrouw";"19";"Rotterdam";"3";"0";"Havo";"Bij mijn ouder(s)/verzorger(s)"
"2";"3";"3";"4";"4";"3";"3";"2,2";"4,6";"2,6";"2";"3";"2";"4";"4";"4";"2";"3";"4";"4";"3";"3,4";"4,2";"2,33";"3,67";"2,33";"3,67";"1,0";"3,67";"2,33";"3,67";"3,8";"155";"1,8";"0";"1,0";"1,0";"1,0";"3,0";"1,0";"3,0";"1,0";"1,0";"1,0";"1,0";"4";"3";"3";"4";"4";"4";"3";"4";"4";"2";"2";"4";"3";"3";"2";"2";"1";"1";"1";"4";"1,48";"4";"2";"4";"3";"3";"2";"5";"3";"4";"3";"4";"4";"4";"3";"3";"4";"3";"3";"3";"4";"3";"5";"4";"4";"Onderwijs en Innovatie (ONI)";"Vrouw";"23";"Alkmaar";"4";"0";"Havo";"Bij mijn ouder(s)/verzorger(s)"
"4";"4";"3";"4";"2";"3";"4";"3,4";"2,6";"3,8";"5";"4";"4";"4";"2";"2";"1";"3";"2";"2";"3";"4,2";"3,8";"1,0";"1,0";"1,0";"2,33";"1,0";"2,33";"2,33";"2,33";"4,0";"153";"1,0";"0";"1,0";"1,0";"1,0";"3,0";"3,0";"5,0";"3,0";"3,0";"3,0";"3,0";"4";"4";"2";"4";"4";"4";"3";"2";"3";"4";"3";"5";"4";"4";"3";"1";"1";"1";"1";"2";"1,4";"4";"3";"3";"2";"4";"2";"4";"3";"3";"4";"2";"3";"2";"4";"2";"2";"4";"4";"4";"3";"4";"5";"4";"5";"Techniek, Ontwerpen en Informatica (TOI)";"Man";"22";"Alkmaar";"3";"0";"Havo";"Bij mijn ouder(s)/verzorger(s)"
"2";"4";"3";"4";"3";"5";"4";"2,2";"4,2";"3,4";"4";"3";"3";"4";"4";"3";"1";"4";"3";"3";"4";"3,0";"3,8";"3,67";"3,67";"2,33";"3,67";"2,33";"3,67";"3,67";"3,67";"4,0";"151";"1,8";"0";"1,0";"5,0";"5,0";"1,0";"3,0";"5,0";"1,0";"1,0";"3,0";"3,0";"4";"4";"5";"4";"4";"4";"4";"3";"4";"4";"3";"4";"4";"4";"3";"3";"1";"2";"1";"4";"3,4";"3";"2";"3";"3";"2";"1";"4";"3";"4";"3";"3";"4";"4";"3";"3";"4";"3";"4";"3";"4";"4";"3";"2";"2";"Gezondheid, Sport en Welzijn (GSW)";"Vrouw";"19";"Amsterdam";"3";"0";"Havo";"Bij mijn ouder(s)/verzorger(s)"
"3";"4";"2";"4";"3";"4";"5";"3,8";"4,2";"3,8";"3";"3";"4";"4";"5";"5";"3";"5";"4";"";"4";"3,4";"4,2";"5,0";"5,0";"2,33";"3,67";"2,33";"3,67";"5,0";"3,67";"4,08";"151";"1,0";"0";"1,0";"1,0";"1,0";"3,0";"1,0";"3,0";"1,0";"1,0";"1,0";"1,0";"4";"3";"2";"3";"2";"2";"3";"1";"3";"3";"2";"4";"2";"3";"2";"1";"1";"1";"1";"4";"3,32";"2";"3";"4";"2";"2";"4";"4";"2";"4";"3";"4";"4";"4";"2";"4";"4";"4";"3";"3";"3";"3";"4";"4";"4";"Gezondheid, Sport en Welzijn (GSW)";"Vrouw";"24";"Amsterdam";"3";"0";"Havo";"Met een of enkele huisgenoten / vrienden (geen relatie)"
"3";"4";"3";"2";"2";"2";"3";"3,8";"3,4";"3,8";"3";"3";"2";"4";"4";"4";"3";"3";"4";"2";"4";"3,8";"4,2";"2,33";"1,0";"2,33";"2,33";"1,0";"2,33";"1,0";"1,0";"4,4";"150";"1,0";"0";"1,0";"1,0";"1,0";"1,0";"1,0";"3,0";"1,0";"1,0";"1,0";"1,0";"4";"5";"2";"5";"5";"4";"4";"4";"4";"4";"4";"4";"4";"4";"2";"1";"1";"1";"1";"5";"1,8";"1";"2";"3";"3";"4";"3";"4";"3";"2";"3";"4";"3";"4";"2";"4";"2";"3";"4";"4";"4";"4";"4";"3";"3";"Gezondheid, Sport en Welzijn (GSW)";"Vrouw";"21";"Amsterdam";"3";"0";"Havo";"Bij mijn ouder(s)/verzorger(s)"
"3";"3";"3";"2";"2";"4";"4";"3,8";"2,6";"3,4";"3";"4";"4";"5";"5";"4";"3";"4";"5";"4";"2";"4,6";"4,6";"1,0";"2,33";"2,33";"2,33";"1,0";"2,33";"1,0";"2,33";"4,0";"150";"1,0";"0";"1,0";"1,0";"1,0";"1,0";"3,0";"3,0";"5,0";"1,0";"1,0";"1,0";"4";"4";"3";"4";"4";"4";"4";"3";"3";"4";"3";"5";"3";"3";"3";"3";"2";"1";"1";"5";"1,8";"";"";"";"";"";"";"";"";"";"";"";"";"";"";"";"";"";"";"";"";"";"";"";"";"Agri, Food and Life Sciences (AFL)";"Vrouw";"20";"Amsterdam";"3";"0";"Havo";"In een studentenhuis / met meerdere studenten samen"
"2";"3";"4";"2";"4";"2";"5";"1,4";"3,0";"3,4";"4";"4";"2";"3";"3";"1";"2";"1";"4";"2";"4";"4,2";"3,8";"1,0";"2,33";"2,33";"2,33";"1,0";"2,33";"1,0";"3,67";"4,0";"150";"1,0";"0";"1,0";"1,0";"1,0";"1,0";"1,0";"3,0";"1,0";"1,0";"1,0";"1,0";"4";"3";"4";"2";"4";"5";"4";"4";"5";"5";"3";"5";"3";"4";"1";"1";"1";"4";"1";"2";"2,28";"";"";"";"";"";"";"";"";"";"";"";"";"";"";"";"";"";"";"";"";"";"";"";"";"Techniek, Ontwerpen en Informatica (TOI)";"Man";"21";"Alkmaar";"3";"0";"Havo";"Bij mijn ouder(s)/verzorger(s)"
"3";"5";"4";"2";"2";"2";"2";"3,8";"1,8";"4,2";"3";"4";"1";"2";"3";"4";"1";"2";"2";"1";"3";"2,6";"3,8";"3,67";"3,67";"3,67";"2,33";"1,0";"2,33";"3,67";"2,33";"4,04";"150";"1,0";"0";"3,0";"1,0";"3,0";"1,0";"1,0";"3,0";"1,0";"1,0";"1,0";"1,0";"3";"4";"3";"4";"5";"4";"4";"4";"4";"5";"2";"4";"1";"1";"1";"1";"1";"1";"1";"3";"1,8";"";"";"";"";"";"";"";"";"";"";"";"";"";"";"";"";"";"";"";"";"";"";"";"";"Business, Finance and Law (BFL)";"Vrouw";"21";"Rotterdam";"3";"0";"Havo";"Bij mijn ouder(s)/verzorger(s)"
"2";"4";"4";"4";"4";"4";"4";"1,8";"4,6";"3,4";"5";"5";"4";"4";"4";"4";"4";"4";"3";"3";"3";"2,2";"3,4";"3,67";"5,0";"5,0";"3,67";"3,67";"3,67";"3,67";"5,0";"3,4";"150";"1,0";"1";"1,0";"1,0";"3,0";"3,0";"3,0";"3,0";"1,0";"1,0";"1,0";"1,0";"4";"4";"3";"4";"4";"3";"3";"4";"3";"3";"2";"3";"2";"2";"1";"1";"1";"1";"1";"1";"3,0";"";"";"";"";"";"";"";"";"";"";"";"";"";"";"";"";"";"";"";"";"";"";"";"";"Gezondheid, Sport en Welzijn (GSW)";"Vrouw";"22";"Amsterdam";"3";"0";"Mbo";"Bij mijn ouder(s)/verzorger(s)"
"4";"5";"4";"1";"1";"1";"1";"4,6";"1,8";"4,2";"1";"2";"1";"1";"1";"2";"1";"3";"1";"3";"4";"3,8";"4,2";"1,0";"1,0";"2,33";"1,0";"1,0";"1,0";"2,33";"1,0";"3,72";"150";"1,0";"0";"1,0";"1,0";"1,0";"3,0";"3,0";"5,0";"3,0";"3,0";"3,0";"3,0";"4";"4";"1";"5";"5";"5";"4";"4";"4";"4";"4";"4";"4";"4";"1";"1";"1";"1";"1";"5";"1,64";"1";"1";"3";"1";"3";"1";"4";"1";"1";"2";"1";"1";"1";"1";"1";"4";"3";"5";"4";"5";"5";"4";"3";"3";"Gezondheid, Sport en Welzijn (GSW)";"Vrouw";"22";"Amsterdam";"3";"0";"Mbo";"Bij mijn ouder(s)/verzorger(s)"
"3";"3";"3";"4";"3";"3";"3";"3,0";"4,6";"2,6";"2";"3";"3";"4";"4";"4";"3";"3";"4";"3";"3";"3,4";"3,8";"2,33";"3,67";"2,33";"2,33";"1,0";"3,67";"3,67";"2,33";"3,6";"150";"2,6";"1";"1,0";"1,0";"1,0";"3,0";"1,0";"5,0";"1,0";"1,0";"1,0";"1,0";"4";"4";"2";"4";"3";"3";"3";"2";"3";"4";"2";"3";"3";"3";"3";"1";"1";"1";"1";"4";"3,56";"";"";"";"";"";"";"";"";"";"";"";"";"";"";"";"";"";"";"";"";"";"";"";"";"Gezondheid, Sport en Welzijn (GSW)";"Vrouw";"29";"Amsterdam";"3";"0";"Mbo";"Met mijn partner / een relatie"
"3";"3";"4";"3";"3";"3";"3";"4,2";"3,4";"3,8";"4";"3";"2";"4";"5";"4";"3";"3";"4";"4";"4";"3,8";"4,2";"2,33";"3,67";"2,33";"3,67";"3,67";"3,67";"2,33";"2,33";"4,08";"150";"1,0";"0";"1,0";"1,0";"1,0";"3,0";"1,0";"3,0";"3,0";"1,0";"1,0";"1,0";"4";"4";"2";"4";"3";"3";"3";"3";"4";"4";"3";"4";"4";"4";"3";"2";"3";"2";"1";"3";"2,44";"3";"3";"3";"4";"5";"4";"4";"3";"2";"3";"4";"4";"4";"4";"3";"3";"4";"4";"3";"4";"3";"4";"2";"3";"Creative Business (CB)";"Vrouw";"22";"Amsterdam";"3";"0";"Mbo";"Bij mijn ouder(s)/verzorger(s)"
"1";"3";"3";"3";"2";"3";"5";"3,4";"3,0";"3,8";"4";"4";"4";"3";"3";"1";"1";"2";"2";"2";"5";"4,2";"3,8";"1,0";"2,33";"5,0";"2,33";"2,33";"1,0";"1,0";"1,0";"4,0";"150";"1,0";"0";"1,0";"1,0";"1,0";"3,0";"3,0";"5,0";"1,0";"3,0";"1,0";"1,0";"4";"4";"2";"5";"4";"5";"4";"4";"4";"4";"1";"4";"3";"4";"3";"1";"1";"4";"1";"4";"1,0";"1";"2";"2";"1";"3";"4";"4";"4";"4";"5";"2";"4";"3";"3";"3";"4";"4";"4";"4";"4";"3";"4";"4";"4";"Techniek, Ontwerpen en Informatica (TOI)";"Man";"21";"Alkmaar";"3";"0";"Havo";"Bij mijn ouder(s)/verzorger(s)"
"1";"3";"3";"4";"4";"5";"4";"3,0";"2,6";"3,4";"1";"3";"3";"3";"5";"5";"1";"2";"2";"5";"4";"3,8";"3,4";"1,0";"2,33";"2,33";"2,33";"1,0";"2,33";"2,33";"2,33";"3,84";"150";"1,0";"0";"1,0";"1,0";"3,0";"3,0";"1,0";"3,0";"1,0";"1,0";"1,0";"1,0";"3";"5";"2";"4";"4";"4";"4";"3";"4";"4";"5";"5";"3";"4";"3";"1";"1";"1";"1";"3";"1,96";"1";"4";"3";"2";"5";"3";"4";"3";"4";"4";"5";"4";"3";"4";"4";"2";"3";"5";"4";"4";"3";"4";"4";"4";"Techniek, Ontwerpen en Informatica (TOI)";"Man";"23";"Alkmaar";"3";"0";"Mbo";"Bij mijn ouder(s)/verzorger(s)"
"4";"5";"5";"3";"2";"3";"3";"4,2";"3,8";"3,8";"4";"4";"2";"3";"5";"5";"2";"2";"3";"";"5";"4,2";"3,8";"3,67";"2,33";"5,0";"1,0";"1,0";"2,33";"2,33";"2,33";"3,92";"150";"1,0";"0";"1,0";"1,0";"1,0";"3,0";"1,0";"3,0";"5,0";"1,0";"1,0";"1,0";"5";"5";"2";"5";"5";"5";"5";"5";"4";"4";"4";"5";"3";"4";"3";"1";"1";"1";"1";"2";"1,64";"";"";"";"";"";"";"";"";"";"";"";"";"";"";"";"";"";"";"";"";"";"";"";"";"Gezondheid, Sport en Welzijn (GSW)";"Vrouw";"20";"Haarlem";"3";"0";"Havo";"Met een of enkele huisgenoten / vrienden (geen relatie)"
"4";"4";"4";"3";"3";"1";"1";"4,6";"3,4";"3,8";"";"3";"";"";"";"";"3";"2";"2";"3";"4";"3,8";"3,0";"1,0";"2,33";"2,33";"2,33";"1,0";"2,33";"1,0";"1,0";"4,16";"150";"1,0";"0";"1,0";"1,0";"1,0";"3,0";"3,0";"3,0";"1,0";"1,0";"1,0";"1,0";"5";"5";"2";"5";"4";"5";"4";"4";"4";"4";"2";"5";"3";"3";"2";"3";"1";"1";"1";"";"2,28";"1";"3";"3";"3";"1";"1";"5";"3";"1";"4";"2";"2";"3";"4";"2";"5";"5";"3";"3";"4";"3";"4";"3";"3";"Onderwijs en Innovatie (ONI)";"Vrouw";"50";"Den Haag";"3";"0";"Mbo";"Anders"
"4";"4";"4";"4";"4";"4";"3";"4,6";"4,6";"4,2";"3";"5";"3";"5";"5";"5";"";"2";"5";"2";"4";"4,2";"4,2";"3,67";"2,33";"5,0";"3,67";"2,33";"2,33";"5,0";"2,33";"4,12";"150";"1,0";"0";"1,0";"1,0";"3,0";"3,0";"3,0";"5,0";"1,0";"1,0";"1,0";"1,0";"5";"5";"2";"5";"5";"5";"5";"5";"5";"5";"2";"5";"5";"5";"3";"2";"1";"1";"1";"5";"1,64";"";"";"";"";"";"";"";"";"";"";"";"";"";"";"";"";"";"";"";"";"";"";"";"";"Onderwijs en Innovatie (ONI)";"Vrouw";"19";"Den Haag";"3";"0";"Havo";"Bij mijn ouder(s)/verzorger(s)"
"2";"2";"2";"3";"3";"5";"4";"3,8";"4,2";"2,6";"4";"2";"1";"4";"5";"3";"2";"1";"3";"4";"4";"4,2";"3,8";"2,33";"3,67";"5,0";"3,67";"1,0";"2,33";"2,33";"3,67";"3,84";"150";"1,0";"0";"3,0";"1,0";"1,0";"3,0";"1,0";"3,0";"1,0";"1,0";"5,0";"1,0";"4";"4";"3";"5";"3";"3";"4";"3";"4";"4";"2";"4";"2";"3";"2";"1";"4";"1";"1";"5";"";"3";"1";"4";"2";"3";"3";"4";"2";"1";"3";"4";"5";"4";"2";"4";"3";"3";"4";"2";"3";"2";"4";"3";"2";"Business, Finance and Law (BFL)";"Vrouw";"21";"Amsterdam";"4";"0";"Havo";"Bij mijn ouder(s)/verzorger(s)"
"3";"4";"4";"3";"3";"4";"2";"4,2";"3,8";"3,8";"4";"4";"4";"5";"5";"4";"3";"4";"5";"3";"4";"3,0";"4,2";"5,0";"3,67";"3,67";"3,67";"2,33";"3,67";"5,0";"3,67";"3,8";"150";"1,0";"0";"1,0";"3,0";"3,0";"3,0";"3,0";"1,0";"3,0";"3,0";"1,0";"1,0";"5";"5";"2";"5";"5";"5";"4";"3";"3";"2";"4";"4";"4";"4";"3";"1";"1";"1";"1";"4";"1,96";"";"";"";"";"";"";"";"";"";"";"";"";"";"";"";"";"";"";"";"";"";"";"";"";"Gezondheid, Sport en Welzijn (GSW)";"Vrouw";"22";"Amsterdam";"4";"0";"Havo";"In een studentenhuis / met meerdere studenten samen"
"2";"3";"3";"4";"3";"4";"2";"3,8";"4,2";"2,6";"2";"4";"2";"2";"4";"4";"";"3";"4";"2";"4";"3,4";"4,2";"3,67";"3,67";"2,33";"2,33";"2,33";"2,33";"2,33";"2,33";"3,8";"150";"1,8";"0";"3,0";"1,0";"1,0";"3,0";"3,0";"3,0";"3,0";"1,0";"1,0";"1,0";"5";"5";"3";"5";"3";"4";"4";"4";"4";"4";"2";"4";"4";"3";"1";"1";"1";"1";"1";"5";"1,4";"";"";"";"";"";"";"";"";"";"";"";"";"";"";"";"";"";"";"";"";"";"";"";"";"Gezondheid, Sport en Welzijn (GSW)";"Vrouw";"21";"Alkmaar";"4";"0";"Havo";"Bij mijn ouder(s)/verzorger(s)"
"3";"4";"3";"4";"4";"3";"4";"4,2";"4,2";"3,8";"3";"4";"";"3";"3";"4";"3";"";"4";"";"4";"3,8";"3,4";"5,0";"5,0";"3,67";"3,67";"1,0";"3,67";"3,67";"3,67";"3,8";"150";"1,0";"0";"5,0";"5,0";"1,0";"3,0";"1,0";"1,0";"1,0";"1,0";"1,0";"1,0";"5";"5";"3";"5";"4";"4";"4";"3";"4";"4";"4";"5";"4";"4";"4";"1";"1";"1";"1";"5";"2,28";"4";"3";"4";"5";"5";"1";"4";"4";"3";"3";"3";"3";"4";"2";"3";"4";"1";"5";"3";"4";"4";"4";"1";"2";"Gezondheid, Sport en Welzijn (GSW)";"Vrouw";"21";"Den Haag";"4";"0";"Havo";"Bij mijn ouder(s)/verzorger(s)"
"3";"4";"3";"4";"3";"3";"3";"3,8";"3,8";"3,8";"3";"2";"1";"2";"2";"2";"2";"4";"3";"2";"2";"3,4";"4,2";"3,67";"5,0";"2,33";"3,67";"3,67";"3,67";"5,0";"5,0";"3,72";"150";"2,6";"0";"1,0";"1,0";"1,0";"5,0";"1,0";"3,0";"3,0";"3,0";"1,0";"3,0";"4";"4";"3";"4";"3";"4";"3";"3";"4";"2";"2";"5";"3";"4";"1";"1";"1";"1";"1";"3";"1,64";"2";"3";"1";"4";"4";"2";"5";"4";"3";"4";"4";"3";"4";"2";"2";"3";"2";"4";"4";"4";"4";"4";"2";"2";"Gezondheid, Sport en Welzijn (GSW)";"Man";"22";"Den Haag";"3";"0";"Mbo";"Bij mijn ouder(s)/verzorger(s)"
"4";"4";"3";"1";"1";"1";"1";"4,2";"1,4";"4,2";"2";"1";"1";"1";"1";"1";"1";"1";"1";"1";"3";"4,2";"3,8";"1,0";"1,0";"1,0";"2,33";"1,0";"1,0";"1,0";"1,0";"4,04";"148";"1,0";"0";"1,0";"1,0";"1,0";"3,0";"1,0";"1,0";"1,0";"1,0";"1,0";"1,0";"2";"4";"1";"3";"5";"5";"4";"4";"4";"5";"4";"5";"5";"5";"3";"2";"2";"4";"1";"4";"2,28";"1";"1";"1";"1";"2";"1";"1";"1";"1";"5";"1";"1";"1";"4";"2";"5";"4";"5";"5";"5";"5";"5";"4";"4";"Techniek, Ontwerpen en Informatica (TOI)";"Man";"22";"Alkmaar";"3";"0";"Mbo";"Bij mijn ouder(s)/verzorger(s)"
"2";"3";"4";"1";"1";"3";"1";"3,8";"2,2";"3,8";"";"4";"2";"4";"5";"4";"4";"3";"5";"3";"5";"5,0";"3,8";"1,0";"1,0";"2,33";"2,33";"1,0";"1,0";"2,33";"1,0";"3,6";"147";"4,2";"0";"3,0";"1,0";"1,0";"5,0";"5,0";"1,0";"1,0";"1,0";"1,0";"1,0";"3";"5";"3";"5";"3";"3";"3";"3";"3";"5";"3";"5";"3";"3";"3";"2";"3";"3";"1";"5";"3,0";"2";"3";"4";"1";"2";"2";"3";"2";"1";"3";"2";"2";"2";"5";"3";"3";"4";"3";"2";"3";"2";"5";"3";"2";"Gezondheid, Sport en Welzijn (GSW)";"Vrouw";"22";"Amsterdam";"3";"0";"Havo";"Bij mijn ouder(s)/verzorger(s)"
"3";"4";"5";"4";"4";"5";"5";"2,6";"5,0";"3,8";"2";"5";"2";"4";"5";"5";"5";"2";"5";"5";"3";"2,6";"3,8";"1,0";"3,67";"3,67";"3,67";"1,0";"2,33";"2,33";"3,67";"4,0";"145";"1,0";"1";"1,0";"1,0";"1,0";"3,0";"3,0";"3,0";"3,0";"1,0";"1,0";"1,0";"4";"4";"2";"4";"5";"3";"3";"3";"3";"3";"4";"3";"2";"3";"4";"1";"3";"1";"1";"5";"1,96";"1";"1";"4";"2";"4";"1";"4";"2";"1";"5";"1";"1";"2";"3";"2";"2";"4";"3";"3";"3";"3";"4";"1";"2";"Business, Finance and Law (BFL)";"Vrouw";"20";"Rotterdam";"3";"0";"Havo";"Bij mijn ouder(s)/verzorger(s)"
"3";"4";"3";"1";"1";"2";"2";"3,8";"2,6";"4,2";"1";"2";"1";"3";"4";"1";"3";"1";"2";"1";"4";"4,2";"3,4";"1,0";"1,0";"2,33";"2,33";"1,0";"2,33";"1,0";"1,0";"3,6";"145";"1,0";"0";"1,0";"1,0";"1,0";"3,0";"1,0";"3,0";"3,0";"1,0";"1,0";"1,0";"2";"4";"1";"4";"4";"5";"4";"4";"5";"3";"3";"5";"3";"4";"2";"1";"1";"1";"1";"3";"2,6";"1";"1";"2";"2";"3";"1";"2";"2";"2";"4";"2";"1";"2";"3";"1";"4";"3";"5";"5";"5";"5";"4";"4";"4";"Agri, Food and Life Sciences (AFL)";"Man";"20";"Delft";"3";"0";"Mbo";"Bij mijn ouder(s)/verzorger(s)"
"4";"4";"4";"3";"2";"2";"2";"4,2";"3,4";"4,2";"1";"2";"1";"1";"1";"3";"1";"1";"3";"3";"3";"3,8";"3,8";"2,33";"2,33";"1,0";"2,33";"1,0";"2,33";"2,33";"2,33";"4,0";"145";"1,0";"0";"1,0";"1,0";"1,0";"3,0";"3,0";"3,0";"1,0";"1,0";"3,0";"3,0";"5";"4";"2";"5";"5";"5";"4";"4";"4";"4";"4";"5";"4";"5";"5";"4";"4";"4";"1";"3";"3,24";"4";"3";"2";"2";"1";"3";"4";"2";"4";"4";"2";"2";"2";"4";"2";"5";"5";"5";"4";"5";"4";"4";"4";"4";"Gezondheid, Sport en Welzijn (GSW)";"Man";"45";"Den Haag";"4";"0";"Anders, namelijk (vul in):";"Met mijn partner / een relatie"
"2";"3";"3";"4";"3";"2";"4";"2,2";"3,8";"3,4";"3";"5";"5";"3";"4";"3";"1";"3";"5";"3";"2";"1,4";"4,2";"3,67";"2,33";"2,33";"3,67";"2,33";"3,67";"1,0";"3,67";"4,0";"145";"2,6";"1";"1,0";"1,0";"3,0";"5,0";"3,0";"3,0";"3,0";"1,0";"3,0";"1,0";"4";"5";"4";"5";"3";"3";"5";"5";"3";"5";"2";"5";"3";"3";"5";"4";"3";"2";"1";"2";"2,28";"";"";"";"";"";"";"";"";"";"";"";"";"";"";"";"";"";"";"";"";"";"";"";"";"Techniek, Ontwerpen en Informatica (TOI)";"Vrouw";"19";"Haarlem";"3";"0";"Havo";"Bij mijn ouder(s)/verzorger(s)"
"4";"3";"4";"3";"3";"3";"2";"4,6";"3,8";"3,8";"2";"5";"2";"2";"4";"4";"2";"3";"1";"1";"4";"3,8";"4,2";"1,0";"2,33";"1,0";"2,33";"1,0";"2,33";"2,33";"2,33";"4,0";"144";"1,0";"0";"1,0";"1,0";"1,0";"3,0";"3,0";"3,0";"3,0";"3,0";"3,0";"3,0";"4";"4";"2";"4";"4";"4";"4";"4";"5";"4";"4";"5";"4";"4";"3";"2";"2";"2";"1";"5";"3,48";"1";"1";"4";"1";"1";"1";"4";"3";"4";"4";"2";"3";"3";"4";"3";"4";"5";"5";"3";"4";"4";"4";"3";"3";"Onderwijs en Innovatie (ONI)";"Vrouw";"43";"Dordrecht";"4";"0";"Mbo";"Met mijn partner / een relatie"
"2";"3";"3";"3";"2";"2";"3";"3,8";"3,4";"3,0";"3";"4";"2";"4";"4";"3";"2";"5";"4";"3";"4";"3,8";"4,2";"2,33";"1,0";"1,0";"2,33";"1,0";"2,33";"1,0";"1,0";"3,64";"142";"1,8";"1";"3,0";"1,0";"1,0";"1,0";"1,0";"5,0";"1,0";"1,0";"1,0";"1,0";"4";"3";"3";"4";"3";"4";"4";"4";"4";"4";"3";"4";"3";"3";"3";"2";"2";"1";"1";"4";"2,36";"";"";"";"";"";"";"";"";"";"";"";"";"";"";"";"";"";"";"";"";"";"";"";"";"Business, Finance and Law (BFL)";"Man";"23";"Rotterdam";"4";"0";"Havo";"Alleen"
"2";"2";"4";"4";"4";"4";"4";"3,4";"4,2";"3,4";"3";"4";"3";"5";"3";"5";"4";"4";"5";"1";"4";"3,4";"4,2";"2,33";"3,67";"5,0";"3,67";"1,0";"3,67";"2,33";"3,67";"3,64";"142";"5,0";"0";"1,0";"1,0";"1,0";"3,0";"3,0";"5,0";"1,0";"1,0";"1,0";"1,0";"5";"3";"3";"4";"3";"3";"4";"2";"4";"4";"3";"5";"3";"2";"4";"1";"1";"1";"1";"";"2,92";"";"";"";"";"";"";"";"";"";"";"";"";"";"";"";"";"";"";"";"";"";"";"";"";"Onderwijs en Innovatie (ONI)";"Vrouw";"45";"Dordrecht";"2";"0";"Mbo";"Anders"
"4";"4";"4";"3";"2";"4";"2";"4,6";"3,8";"4,2";"2";"4";"2";"4";"4";"5";"3";"4";"2";"2";"4";"3,8";"3,8";"1,0";"2,33";"3,67";"2,33";"1,0";"2,33";"2,33";"2,33";"3,84";"141";"1,0";"0";"1,0";"1,0";"1,0";"3,0";"1,0";"3,0";"1,0";"3,0";"1,0";"1,0";"5";"5";"3";"5";"4";"4";"5";"4";"4";"2";"3";"4";"2";"4";"3";"2";"3";"1";"1";"4";"1,0";"2";"2";"3";"3";"1";"1";"4";"4";"1";"4";"3";"3";"4";"3";"3";"4";"3";"3";"3";"4";"3";"4";"3";"4";"Onderwijs en Innovatie (ONI)";"Vrouw";"43";"Alkmaar";"3";"0";"Mbo";"Met mijn partner / een relatie"
"4";"4";"4";"2";"1";"3";"1";"4,2";"3,0";"4,2";"3";"1";"2";"1";"1";"3";"1";"2";"4";"1";"4";"4,6";"5,0";"1,0";"2,33";"1,0";"1,0";"1,0";"1,0";"1,0";"1,0";"3,64";"141";"2,6";"0";"1,0";"1,0";"1,0";"3,0";"3,0";"3,0";"3,0";"3,0";"3,0";"3,0";"4";"5";"2";"5";"5";"5";"5";"3";"4";"4";"5";"5";"5";"5";"2";"1";"3";"1";"1";"5";"1,0";"4";"3";"2";"2";"4";"3";"4";"2";"2";"3";"2";"2";"2";"4";"2";"4";"4";"4";"4";"4";"4";"4";"4";"4";"Business, Finance and Law (BFL)";"Vrouw";"25";"Rotterdam";"4";"0";"Mbo";"Bij mijn ouder(s)/verzorger(s)"
"3";"4";"4";"3";"3";"4";"4";"3,8";"3,8";"4,2";"5";"5";"4";"5";"5";"4";"5";"3";"5";"3";"4";"4,2";"3,8";"1,0";"2,33";"1,0";"2,33";"2,33";"2,33";"2,33";"2,33";"3,68";"140";"1,0";"0";"1,0";"3,0";"1,0";"1,0";"1,0";"3,0";"5,0";"1,0";"1,0";"1,0";"4";"4";"3";"3";"4";"4";"4";"4";"5";"4";"3";"5";"4";"4";"4";"2";"1";"3";"1";"4";"2,44";"";"";"";"";"";"";"";"";"";"";"";"";"";"";"";"";"";"";"";"";"";"";"";"";"Agri, Food and Life Sciences (AFL)";"Vrouw";"21";"Amsterdam";"3";"0";"Havo";"Bij mijn ouder(s)/verzorger(s)"
"1";"1";"1";"5";"5";"5";"5";"1,0";"5,0";"1,0";"5";"5";"5";"5";"5";"5";"5";"5";"5";"5";"4";"1,0";"1,0";"5,0";"5,0";"5,0";"1,0";"5,0";"5,0";"5,0";"5,0";"3,72";"140";"1,0";"0";"5,0";"5,0";"5,0";"1,0";"1,0";"1,0";"1,0";"1,0";"1,0";"1,0";"5";"4";"2";"4";"2";"5";"4";"2";"3";"4";"2";"5";"2";"1";"4";"2";"1";"1";"1";"2";"1,8";"";"";"";"";"";"";"";"";"";"";"";"";"";"";"";"";"";"";"";"";"";"";"";"";"Techniek, Ontwerpen en Informatica (TOI)";"Man";"21";"Alkmaar";"3";"0";"Vwo";"Bij mijn ouder(s)/verzorger(s)"
"4";"5";"3";"2";"2";"2";"3";"4,2";"3,4";"3,4";"3";"5";"2";"4";"4";"2";"3";"3";"5";"4";"4";"4,6";"2,6";"2,33";"2,33";"1,0";"2,33";"1,0";"2,33";"2,33";"2,33";"3,8";"140";"1,0";"0";"3,0";"1,0";"1,0";"3,0";"3,0";"3,0";"3,0";"3,0";"3,0";"3,0";"5";"5";"3";"5";"3";"5";"3";"4";"4";"4";"3";"3";"2";"4";"2";"1";"1";"1";"1";"4";"3,56";"4";"4";"2";"2";"1";"1";"5";"4";"5";"4";"4";"3";"4";"2";"4";"5";"5";"3";"3";"4";"3";"3";"3";"3";"Gezondheid, Sport en Welzijn (GSW)";"Vrouw";"32";"Amsterdam";"4";"0";"Mbo";"Met mijn partner / een relatie"
"3";"4";"4";"3";"3";"2";"2";"2,6";"3,4";"3,8";"1";"1";"1";"2";"2";"2";"3";"2";"3";"1";"4";"4,2";"4,6";"1,0";"2,33";"2,33";"1,0";"1,0";"1,0";"2,33";"1,0";"3,6";"138";"1,0";"0";"1,0";"1,0";"1,0";"1,0";"3,0";"3,0";"1,0";"1,0";"1,0";"1,0";"3";"4";"3";"5";"5";"5";"4";"4";"4";"4";"3";"4";"3";"4";"3";"1";"1";"2";"1";"5";"2,44";"";"";"";"";"";"";"";"";"";"";"";"";"";"";"";"";"";"";"";"";"";"";"";"";"Gezondheid, Sport en Welzijn (GSW)";"Vrouw";"22";"Alkmaar";"4";"0";"Havo";"Bij mijn ouder(s)/verzorger(s)"
"2";"3";"4";"4";"4";"3";"4";"2,6";"4,2";"1,8";"4";"3";"4";"4";"5";"5";"5";"5";"5";"4";"3";"3,0";"3,8";"3,67";"3,67";"2,33";"3,67";"5,0";"3,67";"3,67";"3,67";"4,2";"135";"3,4";"0";"5,0";"3,0";"5,0";"1,0";"1,0";"1,0";"1,0";"1,0";"1,0";"1,0";"4";"4";"3";"4";"2";"2";"3";"1";"1";"3";"2";"4";"2";"3";"3";"2";"1";"2";"1";"5";"2,2";"3";"4";"3";"4";"4";"5";"4";"4";"4";"2";"4";"4";"4";"2";"4";"3";"3";"2";"3";"2";"3";"3";"3";"3";"Creative Business (CB)";"Vrouw";"22";"Amsterdam";"3";"1";"Ik heb een buitenlandse vooropleiding afgerond (bv. A-levels)";"Met een of enkele huisgenoten / vrienden (geen relatie)"
"2";"4";"5";"5";"4";"4";"4";"3,0";"5,0";"3,8";"3";"1";"3";"1";"4";"5";"3";"5";"1";"1";"3";"3,4";"4,2";"3,67";"5,0";"3,67";"3,67";"5,0";"3,67";"2,33";"3,67";"3,6";"135";"1,8";"0";"5,0";"1,0";"1,0";"1,0";"1,0";"5,0";"1,0";"1,0";"3,0";"1,0";"4";"3";"5";"4";"4";"4";"3";"3";"3";"4";"2";"3";"2";"2";"3";"1";"1";"1";"1";"1";"1,8";"";"";"";"";"";"";"";"";"";"";"";"";"";"";"";"";"";"";"";"";"";"";"";"";"Gezondheid, Sport en Welzijn (GSW)";"Anders";"22";"Amsterdam";"3";"0";"Havo";"Alleen"
"3";"3";"2";"3";"2";"3";"2";"3,8";"2,2";"3,8";"1";"1";"1";"3";"3";"1";"3";"2";"1";"1";"5";"4,6";"3,4";"1,0";"2,33";"1,0";"1,0";"1,0";"1,0";"2,33";"2,33";"3,8";"135";"2,6";"0";"5,0";"1,0";"1,0";"1,0";"1,0";"1,0";"1,0";"1,0";"1,0";"1,0";"4";"4";"2";"5";"3";"5";"2";"3";"2";"2";"3";"4";"2";"3";"1";"1";"1";"1";"1";"4";"2,6";"";"";"";"";"";"";"";"";"";"";"";"";"";"";"";"";"";"";"";"";"";"";"";"";"Onderwijs en Innovatie (ONI)";"Man";"22";"Den Haag";"3";"0";"Mbo";"Bij mijn ouder(s)/verzorger(s)"
"3";"4";"3";"3";"4";"4";"3";"4,2";"3,8";"3,4";"3";"3";"4";"2";"4";"4";"3";"3";"4";"2";"4";"4,2";"3,8";"2,33";"2,33";"2,33";"2,33";"2,33";"2,33";"2,33";"2,33";"3,68";"135";"1,0";"0";"1,0";"3,0";"1,0";"1,0";"1,0";"1,0";"1,0";"1,0";"3,0";"1,0";"4";"3";"2";"4";"5";"4";"4";"4";"4";"2";"3";"5";"3";"4";"2";"1";"1";"2";"1";"3";"2,04";"2";"1";"2";"4";"3";"2";"4";"3";"3";"4";"3";"2";"2";"2";"1";"4";"4";"4";"4";"4";"4";"5";"4";"4";"Agri, Food and Life Sciences (AFL)";"Man";"22";"Delft";"3";"0";"Mbo";"Bij mijn ouder(s)/verzorger(s)"
"3";"5";"4";"3";"2";"2";"2";"3,8";"4,6";"4,2";"3";"2";"1";"2";"2";"1";"1";"1";"2";"3";"4";"3,8";"3,0";"2,33";"5,0";"2,33";"2,33";"2,33";"2,33";"1,0";"3,67";"3,92";"135";"2,6";"0";"1,0";"1,0";"1,0";"3,0";"3,0";"3,0";"3,0";"3,0";"1,0";"1,0";"4";"5";"4";"5";"4";"5";"4";"4";"4";"5";"5";"5";"5";"5";"5";"1";"1";"1";"1";"4";"1,96";"4";"2";"3";"4";"3";"3";"5";"4";"4";"3";"4";"4";"3";"3";"3";"4";"4";"5";"5";"5";"5";"5";"5";"5";"Agri, Food and Life Sciences (AFL)";"Vrouw";"23";"Amsterdam";"3";"0";"Havo";"Bij mijn ouder(s)/verzorger(s)"
"3";"3";"3";"3";"3";"4";"2";"3,8";"3,0";"3,4";"";"3";"";"4";"4";"4";"2";"5";"4";"";"4";"3,8";"3,4";"2,33";"2,33";"1,0";"2,33";"1,0";"2,33";"2,33";"5,0";"4,04";"132";"1,8";"0";"3,0";"1,0";"1,0";"1,0";"1,0";"3,0";"1,0";"1,0";"1,0";"1,0";"4";"4";"3";"3";"3";"4";"4";"4";"4";"4";"3";"4";"3";"3";"2";"1";"3";"1";"1";"3";"3,0";"3";"1";"3";"2";"1";"1";"4";"3";"3";"4";"3";"3";"3";"4";"3";"4";"3";"3";"3";"4";"4";"3";"3";"3";"Onderwijs en Innovatie (ONI)";"Vrouw";"32";"Alkmaar";"4";"0";"Mbo";"Anders"
"4";"3";"4";"3";"1";"1";"1";"5,0";"5,0";"3,4";"5";"5";"2";"4";"5";"3";"5";"4";"5";"3";"4";"3,8";"3,8";"3,67";"3,67";"3,67";"2,33";"1,0";"2,33";"2,33";"2,33";"3,88";"130";"1,8";"0";"1,0";"1,0";"1,0";"1,0";"1,0";"3,0";"1,0";"1,0";"1,0";"1,0";"5";"4";"1";"5";"5";"2";"5";"5";"5";"5";"1";"3";"2";"2";"4";"1";"1";"1";"1";"5";"1,0";"";"";"";"";"";"";"";"";"";"";"";"";"";"";"";"";"";"";"";"";"";"";"";"";"Gezondheid, Sport en Welzijn (GSW)";"Vrouw";"23";"Amsterdam";"3";"0";"Mbo";"Bij mijn ouder(s)/verzorger(s)"
"2";"3";"3";"3";"3";"5";"3";"2,6";"4,2";"2,2";"2";"2";"";"3";"2";"4";"";"2";"4";"";"3";"2,2";"3,4";"5,0";"5,0";"5,0";"5,0";"2,33";"3,67";"5,0";"5,0";"3,56";"127";"5,0";"0";"1,0";"1,0";"1,0";"1,0";"1,0";"3,0";"1,0";"1,0";"1,0";"1,0";"4";"3";"4";"4";"4";"4";"3";"3";"3";"3";"2";"2";"2";"2";"2";"1";"1";"1";"1";"4";"1,8";"";"";"";"";"";"";"";"";"";"";"";"";"";"";"";"";"";"";"";"";"";"";"";"";"Onderwijs en Innovatie (ONI)";"Vrouw";"20";"Dordrecht";"3";"0";"Havo";"Bij mijn ouder(s)/verzorger(s)"
"2";"3";"3";"5";"4";"5";"4";"2,6";"4,6";"2,2";"5";"4";"5";"5";"5";"4";"";"2";"3";"1";"4";"2,6";"3,4";"2,33";"5,0";"3,67";"3,67";"1,0";"3,67";"5,0";"5,0";"3,56";"126";"5,0";"1";"5,0";"1,0";"5,0";"1,0";"3,0";"5,0";"1,0";"1,0";"1,0";"1,0";"4";"5";"5";"4";"3";"2";"4";"5";"5";"5";"4";"5";"4";"3";"3";"1";"3";"3";"1";"";"3,24";"5";"4";"5";"1";"1";"1";"3";"5";"1";"4";"2";"2";"2";"3";"3";"3";"5";"4";"3";"3";"3";"3";"2";"1";"Onderwijs en Innovatie (ONI)";"Vrouw";"26";"Rotterdam";"2";"0";"Mbo";"Anders"
"2";"2";"1";"4";"3";"2";"4";"1,8";"4,2";"1,4";"3";"5";"2";"5";"4";"5";"2";"5";"5";"2";"5";"3,0";"3,8";"3,67";"3,67";"2,33";"5,0";"5,0";"3,67";"3,67";"3,67";"4,24";"125";"3,4";"1";"5,0";"1,0";"3,0";"1,0";"1,0";"1,0";"1,0";"1,0";"1,0";"1,0";"3";"3";"4";"4";"2";"4";"1";"1";"3";"2";"3";"3";"2";"4";"3";"1";"1";"1";"";"3";"3,0";"5";"3";"5";"4";"3";"2";"4";"2";"2";"3";"3";"4";"2";"3";"3";"2";"4";"2";"3";"4";"1";"3";"3";"2";"Gezondheid, Sport en Welzijn (GSW)";"Vrouw";"31";"Amsterdam";"3";"0";"Mbo";"Alleen"
"4";"4";"4";"3";"2";"3";"3";"4,2";"2,6";"4,2";"1";"3";"1";"3";"1";"2";"4";"1";"1";"1";"4";"4,2";"3,8";"1,0";"1,0";"2,33";"1,0";"1,0";"1,0";"1,0";"1,0";"4,24";"121";"1,0";"0";"1,0";"1,0";"1,0";"1,0";"1,0";"1,0";"1,0";"1,0";"1,0";"1,0";"5";"4";"2";"4";"4";"4";"4";"4";"3";"4";"4";"5";"4";"4";"4";"1";"3";"1";"1";"1";"3,24";"1";"1";"1";"1";"1";"1";"5";"2";"1";"5";"1";"2";"2";"4";"1";"4";"4";"4";"3";"4";"4";"4";"4";"4";"Onderwijs en Innovatie (ONI)";"Vrouw";"40";"Rotterdam";"2";"0";"Mbo";"Met mijn partner / een relatie"
"2";"3";"2";"4";"3";"3";"4";"3,0";"2,6";"2,6";"5";"3";"4";"5";"4";"5";"4";"5";"5";"5";"3";"3,0";"4,2";"3,67";"3,67";"3,67";"3,67";"2,33";"3,67";"2,33";"2,33";"2,96";"120";"1,8";"1";"3,0";"1,0";"1,0";"1,0";"1,0";"1,0";"1,0";"1,0";"1,0";"1,0";"3";"4";"4";"3";"3";"4";"3";"3";"3";"4";"2";"5";"2";"3";"3";"3";"1";"1";"1";"3";"3,08";"4";"3";"4";"4";"3";"3";"3";"3";"3";"3";"3";"3";"2";"3";"2";"3";"3";"3";"3";"4";"3";"3";"3";"3";"Business, Finance and Law (BFL)";"Vrouw";"21";"Amsterdam";"1";"0";"Mbo";"Bij mijn ouder(s)/verzorger(s)"
"3";"4";"3";"4";"3";"4";"2";"3,8";"4,2";"3,4";"2";"3";"2";"2";"3";"4";"1";"5";"3";"1";"4";"4,2";"3,8";"2,33";"2,33";"3,67";"2,33";"1,0";"3,67";"2,33";"2,33";"3,6";"120";"2,6";"0";"5,0";"1,0";"1,0";"1,0";"1,0";"1,0";"1,0";"1,0";"1,0";"1,0";"4";"5";"3";"5";"4";"4";"4";"3";"4";"3";"3";"4";"3";"4";"3";"2";"2";"3";"1";"4";"2,92";"3";"3";"2";"2";"1";"1";"4";"3";"3";"4";"2";"3";"4";"4";"3";"3";"2";"4";"4";"4";"4";"4";"3";"3";"Onderwijs en Innovatie (ONI)";"Vrouw";"39";"Haarlem";"2";"0";"Mbo";"Met mijn partner / een relatie"
"3";"4";"3";"2";"1";"3";"3";"3,8";"3,0";"3,8";"1";"3";"1";"3";"2";"1";"4";"3";"1";"4";"4";"4,2";"5,0";"2,33";"3,67";"2,33";"2,33";"3,67";"2,33";"3,67";"2,33";"3,52";"120";"5,0";"0";"1,0";"5,0";"1,0";"3,0";"5,0";"5,0";"3,0";"3,0";"3,0";"3,0";"4";"3";"3";"5";"4";"4";"3";"5";"4";"4";"3";"4";"2";"4";"3";"2";"4";"4";"1";"2";"2,28";"5";"4";"1";"5";"5";"3";"4";"2";"4";"3";"4";"3";"4";"4";"4";"4";"4";"5";"5";"5";"4";"5";"3";"3";"Creative Business (CB)";"Man";"27";"Amsterdam";"3";"1";"Mbo";"Alleen"
"4";"4";"4";"3";"2";"3";"2";"4,6";"4,2";"4,2";"1";"4";"1";"1";"";"5";"1";"";"";"5";"4";"4,2";"4,2";"1,0";"2,33";"2,33";"2,33";"1,0";"2,33";"2,33";"2,33";"4,44";"120";"1,0";"0";"1,0";"1,0";"1,0";"3,0";"3,0";"3,0";"5,0";"3,0";"3,0";"3,0";"4";"3";"1";"3";"4";"4";"4";"3";"5";"4";"4";"5";"4";"5";"4";"5";"3";"5";"1";"5";"1,4";"1";"1";"2";"4";"3";"2";"4";"3";"1";"4";"2";"2";"1";"3";"2";"4";"3";"5";"3";"5";"4";"5";"4";"3";"Techniek, Ontwerpen en Informatica (TOI)";"Man";"22";"Haarlem";"4";"0";"Havo";"Alleen"
"3";"4";"2";"4";"3";"1";"3";"4,2";"4,2";"3,8";"";"3";"";"";"";"";"";"4";"4";"";"4";"3,8";"4,2";"2,33";"3,67";"1,0";"2,33";"1,0";"3,67";"1,0";"2,33";"3,72";"120";"5,0";"0";"3,0";"1,0";"1,0";"3,0";"1,0";"3,0";"3,0";"3,0";"1,0";"1,0";"4";"3";"5";"5";"4";"5";"5";"5";"4";"5";"3";"4";"3";"3";"1";"1";"1";"1";"1";"1";"3,16";"5";"2";"3";"2";"1";"1";"4";"3";"4";"4";"2";"4";"4";"3";"2";"5";"5";"4";"4";"4";"4";"4";"3";"2";"Gezondheid, Sport en Welzijn (GSW)";"Vrouw";"38";"Haarlem";"4";"0";"Mbo";"Met mijn partner / een relatie"
"1";"1";"1";"5";"5";"5";"5";"1,4";"5,0";"1,0";"4";"5";"5";"5";"5";"5";"5";"5";"5";"2";"3";"1,4";"3,8";"5,0";"5,0";"5,0";"5,0";"5,0";"5,0";"5,0";"5,0";"3,92";"120";"5,0";"1";"1,0";"1,0";"1,0";"3,0";"3,0";"3,0";"1,0";"1,0";"1,0";"1,0";"3";"1";"5";"3";"1";"1";"1";"1";"1";"3";"1";"3";"3";"1";"1";"1";"1";"1";"0";"1";"3,0";"5";"5";"5";"3";"1";"1";"5";"5";"5";"1";"5";"5";"5";"1";"5";"1";"3";"1";"2";"3";"1";"3";"3";"3";"Business, Finance and Law (BFL)";"Vrouw";"25";"Den Haag";"4";"0";"Mbo";"Alleen"
"2";"2";"5";"5";"4";"5";"5";"1,8";"5,0";"1,8";"";"3";"";"5";"4";"4";"";"3";"5";"";"3";"3,0";"3,8";"3,67";"5,0";"3,67";"3,67";"2,33";"3,67";"2,33";"5,0";"1,0";"120";"1,8";"0";"5,0";"1,0";"5,0";"3,0";"3,0";"1,0";"1,0";"1,0";"1,0";"1,0";"5";"5";"2";"5";"3";"4";"2";"3";"3";"2";"2";"3";"3";"3";"3";"1";"2";"2";"1";"5";"2,76";"";"";"";"";"";"";"";"";"";"";"";"";"";"";"";"";"";"";"";"";"";"";"";"";"Creative Business (CB)";"Vrouw";"24";"Den Haag";"4";"0";"Mbo";"Bij mijn ouder(s)/verzorger(s)"
"3";"3";"2";"3";"2";"2";"4";"3,8";"2,6";"3,4";"2";"4";"1";"2";"3";"5";"1";"4";"4";"2";"4";"4,2";"3,4";"1,0";"3,67";"5,0";"1,0";"1,0";"1,0";"1,0";"3,67";"3,88";"120";"1,0";"0";"1,0";"1,0";"3,0";"3,0";"3,0";"3,0";"1,0";"1,0";"1,0";"1,0";"3";"4";"1";"5";"4";"4";"4";"5";"5";"5";"5";"5";"5";"5";"4";"2";"3";"1";"1";"4";"2,44";"1";"1";"3";"4";"4";"3";"4";"3";"2";"5";"2";"3";"2";"5";"2";"3";"4";"5";"4";"4";"4";"4";"4";"4";"Agri, Food and Life Sciences (AFL)";"Man";"21";"Delft";"4";"0";"Vwo";"Bij mijn ouder(s)/verzorger(s)"
"3";"3";"3";"4";"4";"3";"3";"2,2";"5,0";"2,2";"5";"5";"5";"5";"5";"5";"5";"";"5";"2";"2";"4,2";"3,8";"2,33";"2,33";"5,0";"2,33";"5,0";"2,33";"2,33";"3,67";"3,56";"120";"1,8";"1";"5,0";"5,0";"5,0";"3,0";"1,0";"1,0";"1,0";"1,0";"1,0";"1,0";"5";"5";"3";"5";"1";"1";"3";"1";"1";"1";"3";"3";"3";"5";"3";"2";"1";"1";"1";"3";"2,92";"4";"5";"5";"5";"5";"5";"5";"5";"5";"2";"5";"5";"3";"3";"3";"1";"3";"3";"5";"5";"5";"5";"2";"1";"Creative Business (CB)";"Vrouw";"25";"Haarlem";"5 of hoger";"0";"Anders, namelijk (vul in):";"Alleen"
"2";"3";"2";"2";"4";"4";"5";"2,6";"2,6";"2,6";"4";"4";"4";"4";"4";"4";"";"2";"3";"4";"3";"2,6";"3,8";"5,0";"5,0";"5,0";"5,0";"5,0";"5,0";"5,0";"5,0";"3,92";"120";"1,0";"0";"1,0";"5,0";"5,0";"5,0";"1,0";"3,0";"3,0";"1,0";"1,0";"1,0";"3";"2";"1";"2";"3";"4";"3";"4";"4";"4";"3";"5";"4";"3";"3";"2";"2";"2";"1";"2";"2,6";"2";"3";"3";"5";"5";"2";"3";"3";"3";"4";"2";"3";"3";"3";"3";"3";"3";"5";"3";"4";"3";"";"";"";"Techniek, Ontwerpen en Informatica (TOI)";"Vrouw";"23";"Amsterdam";"3";"1";"Vwo";"Alleen"
"1";"2";"2";"4";"5";"5";"4";"1,8";"4,6";"1,8";"";"4";"";"5";"3";"4";"";"";"3";"1";"4";"3,4";"4,2";"2,33";"3,67";"2,33";"1,0";"1,0";"2,33";"2,33";"3,67";"3,8";"118";"4,2";"0";"1,0";"1,0";"1,0";"3,0";"1,0";"3,0";"1,0";"1,0";"1,0";"1,0";"3";"4";"5";"4";"2";"4";"3";"3";"3";"1";"1";"4";"1";"1";"1";"1";"1";"1";"1";"3";"1,8";"5";"2";"3";"1";"1";"1";"4";"4";"4";"4";"5";"5";"4";"2";"4";"3";"3";"2";"1";"1";"3";"4";"3";"2";"Onderwijs en Innovatie (ONI)";"Vrouw";"19";"Haarlem";"3";"0";"Havo";"Bij mijn ouder(s)/verzorger(s)"
"3";"3";"2";"4";"4";"3";"5";"1,8";"1,8";"3,0";"2";"3";"2";"5";"3";"3";"5";"3";"3";"4";"3";"1,8";"3,8";"3,67";"3,67";"2,33";"3,67";"2,33";"3,67";"2,33";"3,67";"3,88";"117";"1,8";"1";"1,0";"3,0";"3,0";"1,0";"1,0";"5,0";"1,0";"1,0";"1,0";"1,0";"4";"4";"3";"4";"2";"4";"2";"2";"2";"2";"2";"4";"3";"3";"2";"1";"1";"1";"1";"3";"3,4";"4";"2";"3";"5";"5";"3";"4";"3";"2";"3";"4";"4";"4";"4";"3";"4";"2";"4";"4";"4";"3";"4";"3";"4";"Gezondheid, Sport en Welzijn (GSW)";"Vrouw";"24";"Rotterdam";"4";"0";"Mbo";"Bij mijn ouder(s)/verzorger(s)"
"4";"4";"4";"1";"2";"1";"2";"4,2";"2,2";"4,2";"2";"2";"2";"2";"2";"1";"1";"1";"1";"5";"4";"3,4";"4,2";"3,67";"3,67";"1,0";"2,33";"2,33";"3,67";"2,33";"2,33";"3,84";"115";"1,0";"0";"5,0";"5,0";"5,0";"5,0";"5,0";"5,0";"5,0";"5,0";"5,0";"5,0";"5";"5";"1";"4";"4";"4";"4";"4";"4";"4";"4";"4";"4";"5";"3";"4";"3";"3";"1";"";"";"3";"4";"2";"5";"5";"5";"3";"3";"3";"4";"3";"2";"2";"4";"2";"";"";"";"";"";"";"";"";"";"Techniek, Ontwerpen en Informatica (TOI)";"Man";"25";"Amsterdam";"3";"1";"Havo";"Bij mijn ouder(s)/verzorger(s)"
"3";"4";"4";"3";"3";"3";"2";"3,4";"1,8";"3,8";"3";"4";"2";"4";"4";"3";"2";"3";"4";"3";"3";"3,4";"4,2";"1,0";"2,33";"3,67";"2,33";"2,33";"3,67";"1,0";"2,33";"3,4";"114";"3,4";"0";"5,0";"1,0";"1,0";"1,0";"1,0";"3,0";"1,0";"1,0";"3,0";"3,0";"4";"5";"2";"3";"3";"4";"3";"3";"3";"3";"2";"2";"3";"3";"2";"1";"4";"1";"1";"3";"3,8";"4";"1";"3";"2";"3";"3";"3";"3";"4";"3";"2";"2";"3";"2";"3";"3";"3";"2";"3";"4";"3";"3";"4";"2";"Business, Finance and Law (BFL)";"Man";"20";"Rotterdam";"3";"0";"Havo";"Bij mijn ouder(s)/verzorger(s)"
"2";"3";"4";"4";"4";"5";"3";"3,8";"4,2";"3,8";"1";"3";"3";"2";"2";"5";"";"4";"4";"4";"4";"3,8";"4,2";"1,0";"2,33";"3,67";"3,67";"2,33";"2,33";"1,0";"2,33";"4,04";"113";"1,0";"0";"1,0";"1,0";"5,0";"3,0";"3,0";"5,0";"1,0";"1,0";"1,0";"1,0";"5";"4";"3";"4";"4";"4";"4";"4";"4";"3";"2";"3";"3";"3";"1";"1";"1";"1";"1";"4";"3,24";"4";"4";"3";"4";"1";"1";"4";"4";"4";"3";"4";"3";"3";"4";"3";"4";"4";"4";"3";"3";"4";"3";"3";"2";"Onderwijs en Innovatie (ONI)";"Vrouw";"26";"Haarlem";"2";"0";"Mbo";"Met mijn partner / een relatie"
"3";"3";"3";"3";"1";"2";"3";"3,4";"3,8";"2,2";"3";"3";"2";"4";"4";"4";"3";"4";"3";"2";"3";"3,8";"4,6";"1,0";"1,0";"2,33";"2,33";"1,0";"2,33";"1,0";"1,0";"3,12";"110";"1,8";"1";"1,0";"1,0";"1,0";"1,0";"1,0";"1,0";"1,0";"1,0";"1,0";"1,0";"3";"4";"4";"3";"2";"4";"3";"3";"3";"3";"3";"4";"2";"3";"2";"1";"1";"1";"0";"2";"2,2";"";"";"";"";"";"";"";"";"";"";"";"";"";"";"";"";"";"";"";"";"";"";"";"";"Creative Business (CB)";"Man";"19";"Amsterdam";"1";"0";"Havo";"In een studentenhuis / met meerdere studenten samen"
"1";"2";"2";"3";"2";"2";"1";"2,2";"1,0";"1,8";"3";"4";"2";"2";"";"";"1";"";"";"2";"4";"4,2";"3,4";"1,0";"1,0";"2,33";"1,0";"1,0";"1,0";"1,0";"2,33";"3,44";"110";"1,8";"1";"5,0";"1,0";"1,0";"3,0";"1,0";"1,0";"1,0";"1,0";"1,0";"1,0";"4";"5";"3";"5";"4";"5";"5";"5";"5";"5";"4";"5";"3";"4";"2";"1";"4";"1";"1";"5";"2,04";"3";"1";"5";"2";"3";"2";"4";"4";"1";"4";"2";"2";"4";"4";"3";"1";"3";"4";"3";"5";"5";"4";"1";"1";"Agri, Food and Life Sciences (AFL)";"Vrouw";"20";"Delft";"3";"0";"Vwo";"Bij mijn ouder(s)/verzorger(s)"
"3";"3";"3";"3";"3";"3";"3";"3,8";"3,4";"3,8";"2";"3";"4";"3";"3";"2";"3";"3";"2";"4";"2";"2,6";"3,8";"3,67";"3,67";"1,0";"2,33";"3,67";"3,67";"2,33";"5,0";"4,2";"110";"1,0";"0";"3,0";"1,0";"3,0";"5,0";"1,0";"3,0";"3,0";"5,0";"3,0";"5,0";"3";"3";"3";"3";"2";"3";"3";"3";"3";"3";"3";"3";"3";"3";"3";"3";"2";"3";"";"2";"3,4";"";"";"";"";"";"";"";"";"";"";"";"";"";"";"";"";"";"";"";"";"";"";"";"";"Onderwijs en Innovatie (ONI)";"Vrouw";"23";"Amsterdam";"3";"0";"Havo";"Alleen"
"3";"3";"3";"3";"3";"3";"4";"3,4";"2,6";"3,4";"4";"2";"3";"3";"3";"4";"3";"3";"3";"4";"3";"3,4";"3,4";"3,67";"2,33";"2,33";"3,67";"2,33";"3,67";"2,33";"3,67";"3,4";"110";"1,8";"0";"1,0";"1,0";"1,0";"5,0";"1,0";"1,0";"3,0";"1,0";"1,0";"1,0";"3";"3";"3";"4";"3";"2";"3";"2";"4";"3";"3";"2";"4";"3";"3";"3";"2";"3";"1";"3";"2,92";"";"";"";"";"";"";"";"";"";"";"";"";"";"";"";"";"";"";"";"";"";"";"";"";"Techniek, Ontwerpen en Informatica (TOI)";"Man";"22";"Haarlem";"4";"1";"Anders, namelijk (vul in):";"Bij mijn ouder(s)/verzorger(s)"
"3";"4";"3";"3";"3";"2";"3";"3,0";"4,2";"3,4";"2";"1";"1";"2";"2";"1";"4";"2";"2";"3";"4";"3,4";"4,2";"3,67";"3,67";"3,67";"3,67";"3,67";"3,67";"3,67";"3,67";"3,56";"107";"1,8";"0";"1,0";"3,0";"3,0";"3,0";"3,0";"5,0";"1,0";"1,0";"1,0";"1,0";"5";"5";"4";"5";"5";"5";"5";"5";"5";"5";"5";"5";"5";"5";"3";"1";"1";"1";"1";"";"2,28";"5";"3";"3";"4";"5";"4";"5";"3";"2";"4";"3";"3";"3";"3";"3";"2";"4";"4";"4";"5";"5";"3";"3";"3";"Onderwijs en Innovatie (ONI)";"Vrouw";"40";"Haarlem";"3";"1";"Anders, namelijk (vul in):";"Met een of enkele huisgenoten / vrienden (geen relatie)"
"4";"5";"4";"3";"2";"1";"2";"5,0";"3,4";"4,6";"2";"";"";"";"";"2";"";"";"4";"1";"3";"3,8";"4,2";"1,0";"2,33";"2,33";"2,33";"1,0";"2,33";"1,0";"2,33";"4,12";"105";"1,0";"0";"1,0";"1,0";"1,0";"3,0";"3,0";"3,0";"3,0";"3,0";"3,0";"3,0";"5";"5";"2";"4";"5";"4";"4";"3";"5";"3";"4";"4";"3";"4";"3";"1";"3";"2";"1";"3";"2,28";"1";"2";"2";"2";"1";"2";"5";"4";"2";"4";"2";"2";"3";"5";"1";"5";"4";"4";"5";"5";"5";"4";"4";"4";"Business, Finance and Law (BFL)";"Man";"29";"Rotterdam";"2";"0";"Mbo";"Alleen"
"3";"3";"3";"4";"5";"5";"4";"3,4";"4,2";"3,4";"5";"5";"3";"4";"3";"4";"1";"4";"4";"3";"2";"3,8";"3,4";"3,67";"3,67";"5,0";"3,67";"2,33";"3,67";"2,33";"2,33";"3,24";"102";"3,4";"1";"1,0";"1,0";"1,0";"3,0";"3,0";"5,0";"3,0";"1,0";"1,0";"1,0";"4";"3";"4";"4";"3";"4";"5";"2";"4";"4";"3";"4";"2";"2";"5";"5";"5";"5";"1";"4";"1,8";"4";"3";"4";"3";"1";"1";"5";"5";"3";"3";"1";"1";"1";"4";"1";"5";"2";"5";"2";"4";"4";"3";"1";"1";"Techniek, Ontwerpen en Informatica (TOI)";"Man";"22";"Delft";"2";"0";"Havo";"Met een of enkele huisgenoten / vrienden (geen relatie)"
"4";"4";"4";"2";"3";"2";"1";"4,2";"3,4";"4,2";"2";"3";"1";"4";"2";"1";"4";"2";"3";"3";"4";"4,6";"3,4";"1,0";"1,0";"1,0";"1,0";"2,33";"1,0";"1,0";"2,33";"3,92";"102";"2,6";"0";"3,0";"1,0";"1,0";"5,0";"1,0";"3,0";"5,0";"1,0";"1,0";"1,0";"4";"4";"3";"4";"4";"5";"4";"4";"4";"4";"3";"4";"4";"4";"3";"4";"1";"4";"1";"3";"1,0";"2";"3";"4";"2";"2";"3";"4";"3";"2";"4";"3";"3";"4";"3";"3";"4";"4";"3";"5";"4";"4";"4";"3";"3";"Agri, Food and Life Sciences (AFL)";"Vrouw";"20";"Delft";"2";"0";"Mbo";"Bij mijn ouder(s)/verzorger(s)"
"4";"4";"4";"3";"3";"3";"2";"4,6";"2,2";"4,6";"3";"3";"1";"4";"5";"";"";"1";"3";"2";"4";"5,0";"3,4";"1,0";"2,33";"1,0";"2,33";"1,0";"2,33";"1,0";"2,33";"4,32";"100";"1,0";"0";"1,0";"1,0";"1,0";"1,0";"1,0";"1,0";"1,0";"1,0";"1,0";"1,0";"4";"4";"5";"4";"4";"5";"4";"3";"3";"2";"1";"4";"3";"3";"4";"1";"1";"1";"1";"4";"1,0";"2";"3";"2";"1";"1";"4";"3";"2";"2";"2";"2";"2";"2";"2";"3";"3";"4";"4";"3";"4";"3";"4";"2";"4";"Agri, Food and Life Sciences (AFL)";"Man";"19";"Amsterdam";"1";"0";"Mbo";"Bij mijn ouder(s)/verzorger(s)"
"3";"5";"5";"3";"2";"1";"3";"3,8";"3,8";"4,2";"5";"3";"3";"4";"5";"";"";"";"3";"5";"4";"4,6";"3,0";"2,33";"2,33";"2,33";"2,33";"2,33";"2,33";"2,33";"2,33";"4,16";"100";"1,0";"0";"1,0";"1,0";"1,0";"1,0";"1,0";"1,0";"1,0";"1,0";"1,0";"1,0";"4";"5";"5";"5";"5";"4";"4";"3";"4";"4";"4";"5";"3";"4";"4";"1";"1";"1";"1";"5";"";"1";"4";"4";"3";"5";"3";"4";"4";"4";"2";"3";"4";"5";"2";"3";"4";"2";"4";"4";"4";"4";"5";"5";"3";"Agri, Food and Life Sciences (AFL)";"Vrouw";"21";"Amsterdam";"1";"0";"Mbo";"Bij mijn ouder(s)/verzorger(s)"
"4";"3";"2";"3";"2";"2";"2";"4,2";"3,8";"4,2";"2";"2";"2";"4";"4";"4";"2";"4";"4";"1";"4";"3,8";"3,8";"1,0";"2,33";"2,33";"1,0";"1,0";"2,33";"2,33";"1,0";"3,8";"100";"3,4";"0";"3,0";"1,0";"1,0";"1,0";"1,0";"3,0";"1,0";"3,0";"1,0";"1,0";"3";"4";"2";"5";"3";"4";"4";"4";"4";"4";"5";"5";"3";"4";"2";"5";"1";"5";"1";"4";"4,2";"2";"1";"1";"2";"4";"1";"4";"4";"1";"4";"2";"2";"4";"2";"3";"4";"2";"5";"5";"5";"5";"4";"4";"2";"Onderwijs en Innovatie (ONI)";"Vrouw";"28";"Haarlem";"2";"0";"Mbo";"Bij mijn ouder(s)/verzorger(s)"
"3";"4";"4";"3";"3";"2";"2";"4,2";"3,0";"3,8";"2";"3";"2";"2";"4";"4";"1";"1";"1";"1";"4";"4,6";"3,8";"1,0";"2,33";"2,33";"2,33";"1,0";"2,33";"1,0";"2,33";"4,0";"100";"1,0";"0";"1,0";"1,0";"1,0";"1,0";"1,0";"1,0";"1,0";"1,0";"1,0";"1,0";"5";"5";"1";"5";"4";"4";"4";"3";"3";"3";"3";"4";"4";"4";"3";"1";"1";"1";"1";"1";"3,4";"1";"1";"4";"1";"1";"1";"2";"2";"2";"4";"2";"2";"2";"2";"2";"3";"5";"4";"4";"4";"4";"4";"4";"4";"Gezondheid, Sport en Welzijn (GSW)";"Vrouw";"48";"Alkmaar";"3";"0";"Mbo";"Met mijn partner / een relatie"
"2";"4";"5";"3";"1";"4";"4";"1,8";"2,2";"4,2";"3";"4";"3";"5";"5";"5";"5";"4";"5";"3";"2";"3,0";"4,6";"2,33";"5,0";"5,0";"2,33";"3,67";"2,33";"2,33";"3,67";"2,4";"99";"1,0";"0";"5,0";"5,0";"3,0";"3,0";"1,0";"5,0";"1,0";"3,0";"1,0";"3,0";"3";"4";"5";"4";"3";"2";"3";"3";"5";"2";"3";"4";"4";"5";"3";"4";"1";"1";"1";"4";"1,0";"3";"4";"5";"5";"5";"5";"4";"3";"3";"4";"4";"5";"5";"2";"4";"2";"3";"4";"3";"2";"2";"4";"3";"3";"Gezondheid, Sport en Welzijn (GSW)";"Vrouw";"22";"Rotterdam";"2";"0";"Havo";"Bij mijn ouder(s)/verzorger(s)"
"4";"5";"5";"3";"3";"4";"2";"4,6";"3,4";"4,6";"3";"1";"1";"2";"3";"2";"1";"1";"1";"1";"4";"4,2";"4,2";"2,33";"3,67";"1,0";"2,33";"3,67";"2,33";"2,33";"2,33";"4,0";"99";"1,0";"0";"1,0";"1,0";"1,0";"5,0";"1,0";"1,0";"1,0";"1,0";"1,0";"1,0";"5";"5";"5";"5";"4";"5";"5";"5";"5";"5";"4";"5";"5";"5";"5";"5";"5";"1";"1";"5";"3,8";"3";"3";"4";"3";"1";"1";"3";"3";"3";"4";"3";"4";"2";"4";"5";"5";"5";"5";"5";"4";"3";"4";"4";"4";"Techniek, Ontwerpen en Informatica (TOI)";"Man";"29";"Delft";"2";"1";"Anders, namelijk (vul in):";"Alleen"
"3";"4";"4";"2";"3";"4";"3";"4,2";"3,8";"4,6";"3";"2";"2";"3";"4";"5";"";"3";"3";"4";"4";"4,2";"3,4";"1,0";"1,0";"2,33";"3,67";"1,0";"2,33";"1,0";"2,33";"3,4";"98";"1,0";"0";"1,0";"1,0";"1,0";"3,0";"1,0";"5,0";"3,0";"1,0";"5,0";"1,0";"5";"4";"4";"4";"4";"5";"4";"4";"4";"4";"4";"4";"3";"4";"3";"4";"1";"3";"1";"3";"3,4";"";"";"";"";"";"";"";"";"";"";"";"";"";"";"";"";"";"";"";"";"";"";"";"";"Gezondheid, Sport en Welzijn (GSW)";"Vrouw";"20";"Haarlem";"2";"0";"Havo";"Bij mijn ouder(s)/verzorger(s)"
"2";"3";"3";"4";"3";"4";"3";"3,0";"4,2";"3,4";"2";"3";"2";"3";"4";"4";"4";"3";"3";"2";"3";"3,4";"3,0";"2,33";"1,0";"2,33";"3,67";"2,33";"3,67";"1,0";"1,0";"3,6";"96";"1,0";"0";"1,0";"1,0";"1,0";"1,0";"1,0";"3,0";"1,0";"1,0";"3,0";"1,0";"3";"4";"4";"4";"4";"4";"4";"3";"4";"3";"2";"4";"2";"3";"2";"1";"2";"3";"1";"4";"2,2";"";"";"";"";"";"";"";"";"";"";"";"";"";"";"";"";"";"";"";"";"";"";"";"";"Agri, Food and Life Sciences (AFL)";"Man";"19";"Delft";"2";"0";"Havo";"Bij mijn ouder(s)/verzorger(s)"
"4";"4";"4";"4";"4";"4";"5";"3,4";"4,2";"3,8";"3";"5";"5";"3";"4";"3";"2";"4";"3";"4";"4";"3,4";"4,2";"3,67";"3,67";"3,67";"3,67";"3,67";"2,33";"3,67";"3,67";"3,36";"95";"1,0";"0";"3,0";"1,0";"5,0";"1,0";"1,0";"3,0";"1,0";"1,0";"1,0";"1,0";"5";"5";"3";"4";"4";"4";"4";"3";"4";"4";"3";"5";"4";"4";"3";"1";"1";"1";"1";"3";"2,84";"";"";"";"";"";"";"";"";"";"";"";"";"";"";"";"";"";"";"";"";"";"";"";"";"Techniek, Ontwerpen en Informatica (TOI)";"Man";"28";"Amsterdam";"2";"0";"Mbo";"Bij mijn ouder(s)/verzorger(s)"
"1";"3";"2";"5";"4";"5";"5";"2,2";"5,0";"1,8";"3";"3";"5";"4";"5";"4";"4";"4";"4";"5";"4";"3,4";"3,8";"5,0";"3,67";"5,0";"5,0";"3,67";"3,67";"3,67";"3,67";"3,48";"95";"1,8";"1";"1,0";"1,0";"1,0";"1,0";"1,0";"3,0";"1,0";"1,0";"1,0";"1,0";"4";"4";"3";"3";"3";"3";"3";"2";"2";"2";"3";"2";"3";"3";"1";"1";"1";"1";"1";"5";"1,72";"";"";"";"";"";"";"";"";"";"";"";"";"";"";"";"";"";"";"";"";"";"";"";"";"Gezondheid, Sport en Welzijn (GSW)";"Vrouw";"22";"Haarlem";"2";"0";"Mbo";"Bij mijn ouder(s)/verzorger(s)"
"2";"3";"3";"3";"2";"2";"3";"3,8";"2,2";"3,4";"3";"1";"2";"3";"3";"3";"3";"3";"3";"1";"3";"3,8";"4,6";"1,0";"2,33";"2,33";"2,33";"2,33";"2,33";"1,0";"2,33";"4,0";"95";"2,6";"0";"1,0";"1,0";"1,0";"3,0";"3,0";"3,0";"3,0";"3,0";"3,0";"3,0";"3";"3";"4";"3";"4";"4";"3";"3";"4";"4";"3";"3";"3";"4";"3";"2";"3";"3";"1";"3";"2,2";"";"";"";"";"";"";"";"";"";"";"";"";"";"";"";"";"";"";"";"";"";"";"";"";"Gezondheid, Sport en Welzijn (GSW)";"Man";"19";"Haarlem";"2";"0";"Havo";"Bij mijn ouder(s)/verzorger(s)"
"3";"3";"3";"2";"2";"2";"1";"3,4";"2,6";"3,8";"1";"2";"1";"2";"3";"2";"1";"1";"3";"1";"5";"4,6";"5,0";"2,33";"2,33";"2,33";"1,0";"1,0";"1,0";"1,0";"2,33";"4,04";"95";"1,0";"1";"1,0";"1,0";"1,0";"3,0";"3,0";"3,0";"1,0";"3,0";"3,0";"1,0";"4";"5";"2";"5";"3";"3";"3";"2";"3";"3";"3";"5";"3";"3";"3";"3";"3";"1";"1";"5";"2,6";"";"";"";"";"";"";"";"";"";"";"";"";"";"";"";"";"";"";"";"";"";"";"";"";"Gezondheid, Sport en Welzijn (GSW)";"Man";"24";"Haarlem";"2";"0";"Mbo";"Bij mijn ouder(s)/verzorger(s)"
"4";"3";"4";"4";"3";"4";"3";"4,2";"3,8";"4,2";"3";"5";"3";"";"5";"5";"2";"3";"5";"5";"4";"3,4";"2,2";"2,33";"3,67";"2,33";"3,67";"2,33";"3,67";"1,0";"3,67";"3,72";"94";"2,6";"0";"1,0";"1,0";"1,0";"3,0";"3,0";"1,0";"1,0";"3,0";"1,0";"1,0";"4";"4";"4";"3";"4";"4";"4";"3";"4";"4";"2";"5";"3";"4";"4";"3";"1";"1";"1";"2";"2,28";"2";"4";"4";"3";"2";"3";"4";"4";"2";"4";"3";"2";"2";"3";"2";"4";"2";"3";"4";"4";"4";"4";"4";"4";"Techniek, Ontwerpen en Informatica (TOI)";"Man";"18";"Alkmaar";"2";"0";"Havo";"Bij mijn ouder(s)/verzorger(s)"
"4";"4";"3";"3";"2";"3";"3";"4,2";"3,8";"4,2";"3";"1";"1";"2";"1";"1";"3";"2";"2";"1";"4";"3,8";"4,6";"2,33";"2,33";"2,33";"2,33";"1,0";"3,67";"2,33";"3,67";"3,8";"94";"2,6";"0";"3,0";"1,0";"1,0";"5,0";"5,0";"3,0";"3,0";"1,0";"1,0";"1,0";"4";"3";"4";"3";"5";"5";"4";"4";"4";"5";"3";"4";"3";"4";"3";"3";"2";"2";"1";"2";"1,72";"";"";"";"";"";"";"";"";"";"";"";"";"";"";"";"";"";"";"";"";"";"";"";"";"Techniek, Ontwerpen en Informatica (TOI)";"Man";"21";"Haarlem";"2";"1";"Mbo";"Met mijn partner / een relatie"
"4";"5";"5";"2";"2";"3";"2";"5,0";"2,2";"5,0";"5";"3";"4";"";"2";"";"2";"1";"4";"5";"3";"4,2";"4,6";"1,0";"2,33";"2,33";"2,33";"1,0";"2,33";"2,33";"2,33";"3,68";"93";"1,0";"0";"1,0";"1,0";"1,0";"3,0";"3,0";"5,0";"3,0";"3,0";"1,0";"1,0";"5";"4";"1";"5";"5";"5";"5";"5";"5";"4";"5";"5";"5";"5";"5";"5";"1";"1";"1";"4";"2,76";"1";"1";"3";"1";"1";"2";"5";"1";"2";"5";"3";"2";"4";"3";"3";"5";"5";"5";"5";"5";"5";"5";"3";"4";"Gezondheid, Sport en Welzijn (GSW)";"Vrouw";"22";"Amsterdam";"2";"0";"Mbo";"Bij mijn ouder(s)/verzorger(s)"
"4";"5";"4";"4";"4";"5";"4";"5,0";"4,6";"5,0";"4";"2";"4";"3";"3";"2";"1";"4";"4";"5";"3";"3,8";"5,0";"3,67";"3,67";"3,67";"2,33";"2,33";"3,67";"3,67";"2,33";"3,56";"93";"1,0";"1";"1,0";"1,0";"1,0";"5,0";"3,0";"5,0";"1,0";"1,0";"1,0";"1,0";"5";"4";"3";"5";"5";"3";"4";"1";"3";"2";"3";"4";"4";"4";"3";"1";"5";"1";"1";"5";"1,4";"4";"2";"3";"3";"2";"2";"4";"4";"3";"3";"4";"4";"5";"3";"4";"4";"4";"5";"4";"5";"5";"4";"4";"4";"Gezondheid, Sport en Welzijn (GSW)";"Vrouw";"21";"Amsterdam";"2";"0";"Havo";"Bij mijn ouder(s)/verzorger(s)"
"2";"1";"1";"5";"5";"5";"5";"1,0";"3,0";"1,0";"5";"3";"5";"5";"5";"5";"1";"5";"5";"5";"5";"";"";"5,0";"5,0";"5,0";"5,0";"1,0";"5,0";"1,0";"1,0";"4,12";"92";"1,0";"1";"1,0";"1,0";"1,0";"1,0";"1,0";"1,0";"1,0";"1,0";"1,0";"1,0";"1";"1";"5";"1";"1";"1";"1";"1";"3";"3";"1";"1";"1";"1";"1";"1";"1";"1";"1";"3";"5,0";"";"";"";"";"";"";"";"";"";"";"";"";"";"";"";"";"";"";"";"";"";"";"";"";"Agri, Food and Life Sciences (AFL)";"Man";"19";"Delft";"2";"0";"Havo";"Bij mijn ouder(s)/verzorger(s)"
"2";"3";"2";"3";"3";"2";"3";"3,0";"4,2";"2,6";"2";"3";"1";"5";"3";"3";"2";"5";"4";"1";"5";"3,8";"3,8";"1,0";"2,33";"1,0";"2,33";"1,0";"2,33";"2,33";"3,67";"3,84";"92";"1,0";"0";"5,0";"1,0";"1,0";"3,0";"3,0";"1,0";"1,0";"1,0";"1,0";"1,0";"5";"5";"1";"5";"3";"4";"5";"5";"4";"4";"3";"4";"3";"3";"3";"1";"1";"1";"1";"4";"1,64";"";"";"";"";"";"";"";"";"";"";"";"";"";"";"";"";"";"";"";"";"";"";"";"";"Onderwijs en Innovatie (ONI)";"Vrouw";"19";"Den Haag";"3";"0";"Havo";"Bij mijn ouder(s)/verzorger(s)"
"4";"4";"3";"3";"4";"3";"3";"2,6";"3,4";"3,4";"1";"4";"3";"5";"5";"3";"3";"3";"5";"4";"4";"2,2";"3,0";"1,0";"2,33";"2,33";"3,67";"2,33";"3,67";"2,33";"3,67";"3,88";"91";"1,0";"0";"3,0";"3,0";"3,0";"3,0";"3,0";"3,0";"3,0";"3,0";"3,0";"3,0";"4";"3";"2";"3";"2";"3";"3";"2";"2";"2";"3";"3";"3";"3";"3";"3";"3";"3";"1";"5";"2,2";"";"";"";"";"";"";"";"";"";"";"";"";"";"";"";"";"";"";"";"";"";"";"";"";"Techniek, Ontwerpen en Informatica (TOI)";"Vrouw";"30";"Amsterdam";"2";"0";"Mbo";"Bij mijn ouder(s)/verzorger(s)"
"3";"4";"4";"2";"2";"1";"2";"4,2";"3,4";"4,2";"1";"2";"4";"3";"2";"3";"1";"4";"3";"";"4";"3,8";"3,0";"1,0";"1,0";"2,33";"2,33";"2,33";"2,33";"2,33";"1,0";"3,8";"91";"2,6";"0";"1,0";"1,0";"1,0";"3,0";"1,0";"5,0";"1,0";"1,0";"1,0";"1,0";"2";"3";"3";"4";"5";"5";"4";"4";"5";"5";"2";"4";"3";"1";"4";"5";"4";"5";"1";"4";"1,96";"";"";"";"";"";"";"";"";"";"";"";"";"";"";"";"";"";"";"";"";"";"";"";"";"Gezondheid, Sport en Welzijn (GSW)";"Man";"20";"Haarlem";"2";"0";"Havo";"Bij mijn ouder(s)/verzorger(s)"
"3";"3";"3";"3";"3";"3";"4";"3,4";"2,2";"2,6";"2";"2";"2";"2";"3";"4";"";"1";"4";"2";"4";"4,2";"3,8";"1,0";"2,33";"2,33";"2,33";"1,0";"2,33";"1,0";"2,33";"3,8";"90";"1,8";"0";"3,0";"1,0";"1,0";"1,0";"1,0";"1,0";"1,0";"1,0";"1,0";"1,0";"3";"2";"2";"4";"3";"4";"2";"2";"2";"3";"4";"3";"3";"2";"4";"1";"1";"1";"1";"2";"3,24";"";"";"";"";"";"";"";"";"";"";"";"";"";"";"";"";"";"";"";"";"";"";"";"";"Gezondheid, Sport en Welzijn (GSW)";"Vrouw";"28";"Amsterdam";"2";"0";"Mbo";"Alleen"
"2";"3";"3";"4";"4";"3";"3";"3,0";"3,8";"2,2";"2";"3";"2";"1";"";"3";"";"2";"5";"";"4";"3,4";"3,4";"2,33";"2,33";"1,0";"2,33";"1,0";"2,33";"2,33";"3,67";"3,4";"90";"1,0";"0";"1,0";"1,0";"1,0";"1,0";"1,0";"1,0";"1,0";"1,0";"1,0";"1,0";"4";"5";"3";"5";"4";"5";"5";"5";"5";"5";"5";"5";"4";"3";"1";"1";"1";"1";"1";"3";"3,08";"5";"2";"3";"1";"1";"1";"4";"4";"4";"3";"4";"4";"4";"3";"4";"3";"4";"4";"3";"4";"4";"2";"2";"2";"Gezondheid, Sport en Welzijn (GSW)";"Vrouw";"48";"Alkmaar";"2";"0";"Mbo";"Anders"
"3";"4";"2";"3";"2";"2";"2";"4,2";"4,2";"4,2";"3";"2";"3";"5";"5";"5";"2";"4";"2";"1";"4";"3,4";"4,2";"3,67";"3,67";"2,33";"2,33";"2,33";"3,67";"3,67";"3,67";"3,84";"90";"1,0";"0";"1,0";"1,0";"5,0";"1,0";"1,0";"5,0";"1,0";"1,0";"1,0";"1,0";"4";"4";"2";"5";"4";"4";"4";"3";"4";"2";"2";"4";"2";"4";"4";"2";"2";"2";"1";"2";"1,4";"";"";"";"";"";"";"";"";"";"";"";"";"";"";"";"";"";"";"";"";"";"";"";"";"Onderwijs en Innovatie (ONI)";"Vrouw";"28";"Haarlem";"2";"0";"Mbo";"Met mijn partner / een relatie"
"3";"3";"3";"4";"4";"4";"3";"3,0";"4,2";"2,2";"4";"5";"3";"3";"4";"4";"2";"5";"5";"2";"4";"3,0";"4,2";"5,0";"3,67";"5,0";"3,67";"5,0";"5,0";"3,67";"2,33";"4,28";"90";"1,0";"0";"5,0";"1,0";"5,0";"1,0";"1,0";"5,0";"1,0";"1,0";"1,0";"1,0";"5";"4";"2";"5";"1";"1";"3";"1";"1";"1";"3";"4";"3";"3";"1";"1";"1";"1";"1";"1";"2,92";"3";"3";"4";"2";"5";"3";"5";"4";"4";"2";"4";"4";"4";"2";"4";"2";"2";"1";"1";"1";"1";"4";"3";"2";"Onderwijs en Innovatie (ONI)";"Vrouw";"38";"Haarlem";"2";"0";"Mbo";"Anders"
"4";"4";"4";"2";"3";"2";"2";"3,8";"3,0";"4,2";"3";"3";"3";"4";"4";"5";"2";"2";"5";"1";"4";"4,2";"4,6";"2,33";"2,33";"3,67";"2,33";"1,0";"3,67";"1,0";"2,33";"4,24";"90";"1,0";"0";"1,0";"1,0";"1,0";"1,0";"1,0";"3,0";"1,0";"1,0";"1,0";"1,0";"4";"5";"3";"4";"4";"4";"4";"4";"4";"3";"4";"5";"3";"5";"3";"1";"1";"2";"1";"3";"3,4";"";"";"";"";"";"";"";"";"";"";"";"";"";"";"";"";"";"";"";"";"";"";"";"";"Onderwijs en Innovatie (ONI)";"Vrouw";"26";"Haarlem";"2";"0";"Mbo";"Bij mijn ouder(s)/verzorger(s)"
"3";"4";"4";"4";"2";"5";"2";"5,0";"4,2";"3,0";"2";"2";"2";"4";"4";"3";"4";"2";"3";"";"3";"3,4";"3,8";"2,33";"3,67";"3,67";"3,67";"3,67";"3,67";"2,33";"2,33";"3,8";"90";"1,8";"0";"1,0";"1,0";"1,0";"1,0";"1,0";"3,0";"1,0";"1,0";"1,0";"1,0";"5";"5";"5";"4";"5";"4";"4";"3";"3";"3";"3";"4";"4";"4";"3";"1";"2";"3";"1";"1";"2,52";"5";"2";"3";"2";"1";"4";"5";"4";"2";"";"";"";"";"";"";"";"";"";"";"";"";"";"";"";"Onderwijs en Innovatie (ONI)";"Vrouw";"33";"Dordrecht";"2";"0";"Mbo";"Met mijn partner / een relatie"
"3";"4";"4";"2";"3";"2";"2";"4,2";"3,4";"3,8";"4";"5";"3";"5";"5";"4";"2";"2";"3";"2";"4";"4,2";"4,2";"2,33";"2,33";"2,33";"1,0";"2,33";"1,0";"2,33";"1,0";"4,12";"90";"1,0";"0";"1,0";"1,0";"1,0";"3,0";"3,0";"3,0";"3,0";"1,0";"1,0";"1,0";"5";"5";"2";"4";"4";"4";"3";"2";"4";"3";"2";"4";"2";"3";"2";"3";"4";"3";"1";"3";"1,64";"2";"2";"2";"4";"5";"3";"4";"3";"3";"3";"2";"3";"4";"3";"4";"3";"3";"4";"3";"3";"2";"4";"3";"2";"Creative Business (CB)";"Man";"23";"Amsterdam";"2";"0";"Anders, namelijk (vul in):";"Bij mijn ouder(s)/verzorger(s)"
"3";"3";"3";"2";"2";"1";"1";"4,2";"3,0";"3,8";"3";"4";"5";"5";"5";"5";"";"4";"4";"5";"3";"3,8";"3,8";"3,67";"2,33";"5,0";"3,67";"3,67";"3,67";"2,33";"3,67";"3,8";"90";"1,0";"0";"1,0";"1,0";"1,0";"3,0";"3,0";"3,0";"1,0";"1,0";"1,0";"1,0";"4";"4";"3";"3";"5";"5";"3";"4";"4";"3";"2";"4";"3";"4";"3";"1";"1";"1";"1";"3";"2,2";"2";"2";"3";"3";"4";"2";"2";"2";"3";"3";"3";"4";"4";"3";"4";"4";"3";"4";"4";"4";"3";"4";"4";"4";"Business, Finance and Law (BFL)";"Vrouw";"27";"Haarlem";"2";"0";"Mbo";"Bij mijn ouder(s)/verzorger(s)"
"4";"4";"4";"1";"1";"2";"1";"4,2";"3,8";"3,8";"";"2";"2";"3";"3";"3";"2";"1";"3";"1";"4";"4,2";"3,8";"1,0";"1,0";"2,33";"2,33";"1,0";"1,0";"2,33";"1,0";"3,8";"90";"1,0";"0";"1,0";"1,0";"1,0";"3,0";"1,0";"3,0";"1,0";"1,0";"1,0";"1,0";"5";"5";"2";"5";"5";"5";"4";"4";"4";"4";"4";"4";"3";"4";"2";"1";"1";"3";"1";"5";"3,16";"";"";"";"";"";"";"";"";"";"";"";"";"";"";"";"";"";"";"";"";"";"";"";"";"Onderwijs en Innovatie (ONI)";"Vrouw";"20";"Haarlem";"2";"0";"Mbo";"Bij mijn ouder(s)/verzorger(s)"
"2";"3";"2";"2";"3";"3";"3";"3,8";"3,8";"3,8";"1";"4";"2";"4";"4";"5";"2";"2";"3";"1";"4";"4,2";"3,8";"2,33";"3,67";"3,67";"1,0";"1,0";"1,0";"2,33";"2,33";"3,88";"90";"1,0";"0";"1,0";"1,0";"1,0";"3,0";"1,0";"3,0";"1,0";"1,0";"1,0";"1,0";"4";"4";"3";"4";"5";"5";"4";"4";"4";"4";"3";"4";"3";"4";"1";"1";"1";"1";"1";"3";"1,88";"2";"1";"2";"2";"2";"3";"4";"3";"3";"3";"3";"4";"3";"3";"3";"4";"4";"3";"4";"4";"4";"4";"4";"4";"Onderwijs en Innovatie (ONI)";"Vrouw";"22";"Haarlem";"2";"0";"Mbo";"Bij mijn ouder(s)/verzorger(s)"
"3";"4";"4";"3";"3";"3";"2";"3,4";"3,4";"3,8";"3";"3";"3";"2";"2";"2";"2";"2";"2";"2";"4";"4,2";"3,4";"2,33";"2,33";"3,67";"1,0";"1,0";"2,33";"2,33";"2,33";"4,2";"90";"1,0";"1";"1,0";"1,0";"1,0";"3,0";"3,0";"3,0";"3,0";"3,0";"3,0";"3,0";"5";"5";"3";"4";"4";"4";"4";"4";"4";"4";"4";"4";"4";"4";"2";"2";"2";"2";"1";"5";"3,0";"";"";"";"";"";"";"";"";"";"";"";"";"";"";"";"";"";"";"";"";"";"";"";"";"Onderwijs en Innovatie (ONI)";"Vrouw";"50";"Haarlem";"2";"0";"Mbo";"Anders"
"3";"4";"3";"3";"2";"3";"3";"3,8";"3,8";"3,8";"";"2";"2";"3";"3";"4";"3";"3";"3";"3";"3";"3,8";"3,4";"2,33";"3,67";"2,33";"3,67";"1,0";"3,67";"1,0";"3,67";"4,2";"90";"1,0";"0";"1,0";"1,0";"1,0";"3,0";"1,0";"3,0";"1,0";"3,0";"1,0";"1,0";"3";"4";"2";"5";"4";"3";"3";"3";"3";"3";"2";"4";"3";"4";"2";"1";"2";"1";"1";"3";"3,8";"3";"2";"2";"4";"2";"3";"4";"3";"3";"2";"3";"4";"4";"3";"4";"4";"2";"3";"2";"3";"3";"3";"3";"3";"Onderwijs en Innovatie (ONI)";"Vrouw";"35";"Haarlem";"2";"0";"Havo";"Alleen"
"3";"3";"4";"3";"1";"3";"3";"3,4";"3,0";"3,8";"";"3";"4";"";"";"";"";"2";"3";"";"4";"3,8";"4,2";"2,33";"2,33";"3,67";"2,33";"3,67";"2,33";"3,67";"3,67";"3,8";"90";"1,8";"0";"1,0";"1,0";"1,0";"3,0";"3,0";"3,0";"3,0";"3,0";"3,0";"3,0";"4";"3";"1";"1";"4";"4";"4";"4";"4";"4";"3";"3";"3";"3";"3";"3";"2";"4";"1";"4";"2,44";"3";"3";"3";"3";"3";"3";"3";"3";"3";"3";"3";"3";"3";"3";"3";"3";"3";"3";"3";"3";"3";"3";"3";"3";"Onderwijs en Innovatie (ONI)";"Vrouw";"32";"Haarlem";"2";"0";"Mbo";"Alleen"
"5";"5";"5";"1";"1";"1";"1";"5,0";"1,0";"5,0";"1";"1";"1";"1";"1";"1";"1";"1";"1";"1";"5";"5,0";"5,0";"1,0";"1,0";"1,0";"1,0";"1,0";"1,0";"1,0";"1,0";"3,8";"90";"1,0";"0";"1,0";"1,0";"1,0";"3,0";"3,0";"3,0";"1,0";"1,0";"1,0";"1,0";"5";"5";"1";"5";"5";"5";"5";"5";"5";"5";"5";"5";"5";"5";"5";"5";"5";"5";"1";"2";"2,92";"";"";"";"";"";"";"";"";"";"";"";"";"";"";"";"";"";"";"";"";"";"";"";"";"Onderwijs en Innovatie (ONI)";"Vrouw";"22";"Haarlem";"2";"0";"Mbo";"Bij mijn ouder(s)/verzorger(s)"
"3";"4";"3";"2";"3";"4";"3";"4,2";"2,6";"3,4";"4";"3";"4";"2";"";"4";"2";"5";"3";"1";"3";"4,2";"4,6";"1,0";"3,67";"2,33";"1,0";"1,0";"2,33";"1,0";"3,67";"4,0";"90";"1,0";"0";"3,0";"1,0";"1,0";"3,0";"3,0";"3,0";"5,0";"1,0";"3,0";"1,0";"4";"3";"1";"3";"4";"4";"2";"2";"3";"1";"3";"5";"2";"3";"1";"1";"1";"2";"1";"3";"2,6";"";"";"";"";"";"";"";"";"";"";"";"";"";"";"";"";"";"";"";"";"";"";"";"";"Creative Business (CB)";"Man";"21";"Haarlem";"2";"0";"Havo";"Bij mijn ouder(s)/verzorger(s)"
"4";"3";"4";"3";"4";"3";"4";"4,6";"3,8";"3,4";"";"4";"";"2";"4";"";"";"3";"5";"4";"3";"3,4";"3,8";"3,67";"5,0";"2,33";"3,67";"1,0";"3,67";"2,33";"2,33";"5,0";"90";"1,0";"0";"3,0";"1,0";"1,0";"3,0";"1,0";"3,0";"1,0";"1,0";"1,0";"1,0";"5";"4";"2";"5";"4";"4";"4";"4";"4";"4";"3";"4";"3";"3";"4";"3";"1";"1";"1";"";"2,6";"4";"3";"4";"1";"1";"1";"5";"4";"3";"4";"3";"2";"4";"2";"2";"4";"4";"3";"3";"4";"4";"4";"4";"4";"Onderwijs en Innovatie (ONI)";"Vrouw";"42";"Rotterdam";"2";"0";"Mbo";"Met mijn partner / een relatie"
"2";"4";"3";"3";"2";"4";"3";"3,8";"3,4";"4,2";"3";"4";"1";"3";"4";"2";"1";"1";"4";"3";"3";"4,2";"3,8";"2,33";"2,33";"2,33";"2,33";"1,0";"1,0";"1,0";"2,33";"4,16";"90";"1,0";"0";"1,0";"1,0";"1,0";"3,0";"1,0";"1,0";"5,0";"1,0";"5,0";"1,0";"3";"3";"3";"3";"4";"3";"4";"4";"5";"5";"3";"4";"3";"2";"1";"2";"2";"3";"1";"5";"3,24";"";"";"";"";"";"";"";"";"";"";"";"";"";"";"";"";"";"";"";"";"";"";"";"";"Creative Business (CB)";"Vrouw";"18";"Rotterdam";"2";"0";"Havo";"Bij mijn ouder(s)/verzorger(s)"
"3";"4";"3";"2";"2";"2";"3";"3,8";"3,8";"3,8";"3";"3";"3";"2";"3";"3";"2";"2";"3";"2";"4";"3,8";"3,4";"2,33";"2,33";"1,0";"2,33";"1,0";"2,33";"1,0";"2,33";"3,72";"90";"1,0";"0";"5,0";"1,0";"1,0";"3,0";"3,0";"3,0";"3,0";"3,0";"3,0";"3,0";"4";"4";"3";"4";"4";"4";"4";"4";"4";"4";"2";"4";"3";"3";"2";"1";"1";"2";"1";"3";"1,64";"";"";"";"";"";"";"";"";"";"";"";"";"";"";"";"";"";"";"";"";"";"";"";"";"Creative Business (CB)";"Man";"20";"Rotterdam";"2";"0";"Anders, namelijk (vul in):";"Bij mijn ouder(s)/verzorger(s)"
"3";"4";"4";"2";"3";"2";"2";"4,2";"2,6";"3,8";"4";"4";"5";"4";"5";"4";"2";"4";"5";"4";"5";"4,2";"3,8";"2,33";"2,33";"2,33";"2,33";"1,0";"2,33";"2,33";"2,33";"4,4";"90";"1,0";"0";"1,0";"1,0";"1,0";"3,0";"1,0";"1,0";"5,0";"1,0";"1,0";"1,0";"4";"5";"2";"4";"4";"4";"4";"4";"4";"4";"4";"5";"4";"4";"4";"1";"1";"3";"1";"3";"2,76";"";"";"";"";"";"";"";"";"";"";"";"";"";"";"";"";"";"";"";"";"";"";"";"";"Creative Business (CB)";"Vrouw";"18";"Rotterdam";"2";"0";"Havo";"Bij mijn ouder(s)/verzorger(s)"
"1";"2";"2";"2";"2";"3";"5";"2,6";"2,6";"2,6";"2";"2";"2";"2";"3";"2";"2";"3";"3";"1";"4";"3,8";"4,6";"2,33";"2,33";"3,67";"2,33";"1,0";"2,33";"1,0";"2,33";"3,64";"90";"1,0";"1";"1,0";"1,0";"1,0";"3,0";"1,0";"3,0";"1,0";"1,0";"1,0";"1,0";"3";"3";"3";"3";"2";"4";"4";"3";"2";"3";"1";"5";"2";"2";"1";"1";"1";"1";"1";"2";"1,8";"";"";"";"";"";"";"";"";"";"";"";"";"";"";"";"";"";"";"";"";"";"";"";"";"Agri, Food and Life Sciences (AFL)";"Man";"22";"Delft";"2";"0";"Havo";"Bij mijn ouder(s)/verzorger(s)"
"3";"4";"4";"4";"3";"5";"3";"4,6";"4,2";"1,8";"1";"2";"1";"4";"3";"4";"5";"2";"2";"1";"4";"3,0";"3,8";"3,67";"5,0";"3,67";"3,67";"1,0";"3,67";"2,33";"2,33";"3,8";"90";"1,8";"0";"3,0";"1,0";"1,0";"3,0";"1,0";"1,0";"3,0";"3,0";"1,0";"1,0";"5";"5";"4";"4";"5";"4";"4";"3";"3";"3";"3";"4";"4";"4";"4";"1";"1";"1";"1";"1";"2,44";"4";"2";"3";"2";"2";"4";"4";"4";"3";"4";"3";"3";"3";"3";"3";"3";"2";"3";"4";"4";"4";"4";"4";"4";"Onderwijs en Innovatie (ONI)";"Vrouw";"33";"Dordrecht";"2";"0";"Mbo";"Met mijn partner / een relatie"
"4";"5";"4";"2";"2";"2";"1";"4,6";"2,2";"4,6";"3";"3";"3";"2";"4";"2";"2";"2";"3";"2";"4";"4,6";"2,6";"1,0";"1,0";"2,33";"1,0";"1,0";"1,0";"1,0";"1,0";"4,24";"90";"1,0";"0";"1,0";"1,0";"1,0";"3,0";"1,0";"3,0";"3,0";"1,0";"5,0";"1,0";"4";"5";"2";"5";"5";"5";"4";"4";"5";"4";"3";"5";"4";"5";"2";"3";"2";"3";"1";"4";"1,96";"2";"2";"2";"2";"3";"3";"3";"2";"2";"4";"2";"2";"3";"4";"2";"5";"5";"5";"5";"5";"4";"4";"4";"3";"Creative Business (CB)";"Man";"20";"Haarlem";"3";"0";"Havo";"Bij mijn ouder(s)/verzorger(s)"
"3";"4";"3";"3";"2";"3";"2";"3,8";"3,4";"3,8";"4";"2";"1";"4";"3";"3";"1";"2";"2";"4";"4";"3,8";"3,4";"2,33";"2,33";"1,0";"2,33";"5,0";"1,0";"2,33";"2,33";"3,56";"90";"1,0";"0";"1,0";"1,0";"1,0";"5,0";"3,0";"3,0";"3,0";"3,0";"1,0";"1,0";"4";"4";"3";"4";"4";"4";"4";"4";"4";"4";"3";"3";"3";"4";"3";"3";"3";"3";"1";"4";"1,48";"3";"4";"3";"4";"4";"3";"4";"3";"4";"4";"4";"4";"5";"2";"3";"4";"4";"4";"4";"4";"4";"3";"3";"3";"Gezondheid, Sport en Welzijn (GSW)";"Vrouw";"22";"Amsterdam";"2";"0";"Mbo";"Bij mijn ouder(s)/verzorger(s)"
"4";"4";"4";"2";"2";"3";"2";"4,6";"3,8";"4,2";"3";"3";"4";"3";"4";"4";"3";"4";"3";"3";"4";"3,8";"4,6";"2,33";"2,33";"3,67";"2,33";"1,0";"2,33";"2,33";"2,33";"4,36";"90";"1,0";"0";"1,0";"1,0";"1,0";"5,0";"5,0";"3,0";"3,0";"3,0";"5,0";"1,0";"5";"5";"2";"5";"5";"4";"4";"4";"4";"4";"4";"5";"4";"5";"4";"3";"2";"1";"1";"5";"2,28";"3";"2";"2";"2";"1";"2";"5";"4";"3";"3";"3";"3";"3";"3";"3";"3";"4";"5";"3";"4";"5";"5";"4";"5";"Creative Business (CB)";"Vrouw";"18";"Rotterdam";"2";"0";"Havo";"Bij mijn ouder(s)/verzorger(s)"
"3";"4";"4";"3";"2";"3";"2";"4,6";"3,4";"3,8";"5";"3";"3";"3";"4";"4";"4";"5";"5";"5";"4";"4,6";"4,6";"2,33";"1,0";"1,0";"2,33";"1,0";"2,33";"2,33";"2,33";"4,04";"89";"1,0";"0";"1,0";"1,0";"1,0";"1,0";"1,0";"1,0";"1,0";"1,0";"1,0";"1,0";"4";"5";"1";"4";"4";"5";"4";"4";"4";"4";"3";"3";"4";"4";"3";"4";"3";"1";"1";"5";"1,4";"";"";"";"";"";"";"";"";"";"";"";"";"";"";"";"";"";"";"";"";"";"";"";"";"Gezondheid, Sport en Welzijn (GSW)";"Vrouw";"22";"Amsterdam";"2";"0";"Vwo";"Bij mijn ouder(s)/verzorger(s)"
"3";"4";"3";"3";"4";"4";"3";"4,2";"4,6";"3,8";"5";"5";"3";"5";"5";"5";"5";"5";"5";"5";"3";"3,4";"3,8";"3,67";"3,67";"2,33";"3,67";"2,33";"3,67";"2,33";"2,33";"3,92";"89";"1,0";"0";"1,0";"1,0";"1,0";"3,0";"3,0";"3,0";"3,0";"3,0";"3,0";"3,0";"5";"5";"1";"4";"4";"4";"3";"2";"2";"3";"1";"3";"3";"3";"2";"2";"1";"1";"1";"3";"1,8";"4";"3";"3";"3";"5";"5";"4";"3";"3";"2";"3";"4";"3";"2";"4";"3";"3";"2";"2";"2";"2";"2";"2";"2";"Gezondheid, Sport en Welzijn (GSW)";"Vrouw";"23";"Amsterdam";"2";"0";"Mbo";"Bij mijn ouder(s)/verzorger(s)"
"3";"4";"3";"3";"4";"4";"4";"3,4";"3,8";"3,4";"4";"3";"5";"4";"4";"2";"3";"3";"4";"";"4";"2,6";"2,6";"3,67";"3,67";"2,33";"5,0";"1,0";"3,67";"2,33";"2,33";"3,4";"88";"2,6";"0";"5,0";"1,0";"1,0";"5,0";"1,0";"5,0";"1,0";"1,0";"1,0";"1,0";"3";"4";"4";"4";"3";"4";"4";"3";"4";"5";"4";"4";"2";"3";"3";"4";"5";"4";"1";"3";"3,08";"3";"2";"4";"4";"1";"1";"5";"4";"1";"2";"4";"4";"5";"1";"3";"4";"4";"4";"3";"3";"3";"4";"4";"3";"Techniek, Ontwerpen en Informatica (TOI)";"Vrouw";"20";"Delft";"2";"0";"Vwo";"In een studentenhuis / met meerdere studenten samen"
"3";"4";"4";"3";"1";"2";"2";"4,2";"2,2";"3,8";"2";"4";"2";"2";"2";"3";"1";"2";"4";"1";"3";"3,8";"5,0";"2,33";"2,33";"1,0";"2,33";"2,33";"2,33";"1,0";"5,0";"3,96";"87";"1,0";"0";"1,0";"1,0";"1,0";"3,0";"1,0";"3,0";"1,0";"1,0";"1,0";"1,0";"5";"5";"4";"5";"5";"5";"3";"4";"2";"2";"1";"3";"1";"4";"1";"1";"1";"1";"1";"1";"4,2";"1";"1";"1";"1";"1";"1";"5";"1";"1";"5";"2";"2";"2";"4";"2";"5";"2";"4";"4";"5";"4";"4";"4";"1";"Techniek, Ontwerpen en Informatica (TOI)";"Man";"39";"Alkmaar";"2";"0";"Havo";"Alleen"
"2";"3";"3";"3";"2";"3";"3";"2,6";"4,2";"3,0";"2";"5";"2";"2";"5";"5";"5";"5";"5";"2";"3";"4,2";"4,2";"1,0";"2,33";"1,0";"2,33";"1,0";"2,33";"2,33";"2,33";"3,4";"87";"2,6";"1";"1,0";"1,0";"1,0";"3,0";"1,0";"5,0";"3,0";"1,0";"1,0";"1,0";"4";"5";"4";"5";"3";"4";"4";"4";"3";"2";"3";"5";"3";"3";"3";"3";"4";"5";"1";"3";"2,28";"4";"1";"3";"2";"2";"2";"4";"2";"4";"3";"3";"2";"2";"3";"2";"3";"4";"4";"3";"4";"2";"4";"2";"2";"Gezondheid, Sport en Welzijn (GSW)";"Vrouw";"24";"Amsterdam";"3";"0";"Mbo";"Bij mijn ouder(s)/verzorger(s)"
"2";"3";"3";"4";"3";"3";"5";"3,4";"3,8";"3,8";"4";"4";"1";"5";"";"4";"5";"4";"4";"";"3";"3,0";"3,8";"2,33";"2,33";"3,67";"3,67";"2,33";"3,67";"2,33";"2,33";"3,68";"86";"3,4";"0";"5,0";"1,0";"5,0";"3,0";"1,0";"1,0";"1,0";"1,0";"1,0";"1,0";"4";"4";"4";"5";"4";"3";"4";"3";"3";"3";"2";"4";"3";"2";"3";"3";"1";"2";"1";"2";"3,72";"";"";"";"";"";"";"";"";"";"";"";"";"";"";"";"";"";"";"";"";"";"";"";"";"Techniek, Ontwerpen en Informatica (TOI)";"Man";"27";"Haarlem";"2";"0";"Mbo";"Bij mijn ouder(s)/verzorger(s)"
"2";"2";"2";"3";"2";"3";"5";"2,2";"2,6";"3,4";"3";"4";"5";"3";"3";"3";"2";"4";"3";"1";"2";"2,6";"5,0";"2,33";"2,33";"3,67";"2,33";"1,0";"3,67";"3,67";"2,33";"3,76";"86";"2,6";"1";"1,0";"1,0";"3,0";"3,0";"3,0";"3,0";"3,0";"3,0";"3,0";"3,0";"3";"3";"1";"2";"3";"3";"4";"4";"4";"4";"2";"5";"2";"2";"3";"1";"1";"2";"";"3";"1,8";"";"";"";"";"";"";"";"";"";"";"";"";"";"";"";"";"";"";"";"";"";"";"";"";"Gezondheid, Sport en Welzijn (GSW)";"Man";"20";"Haarlem";"2";"0";"Havo";"Bij mijn ouder(s)/verzorger(s)"
"3";"4";"3";"3";"3";"2";"3";"3,8";"3,8";"3,8";"4";"2";"3";"3";"5";"4";"3";"4";"4";"2";"4";"3,8";"3,8";"2,33";"3,67";"3,67";"3,67";"2,33";"3,67";"2,33";"2,33";"3,72";"86";"1,0";"0";"1,0";"1,0";"1,0";"3,0";"1,0";"3,0";"1,0";"1,0";"1,0";"1,0";"3";"4";"4";"4";"4";"4";"2";"2";"3";"3";"3";"4";"3";"3";"4";"2";"3";"1";"1";"4";"1,48";"4";"3";"2";"4";"4";"2";"3";"3";"3";"4";"2";"2";"3";"3";"3";"4";"3";"3";"5";"4";"4";"5";"3";"4";"Gezondheid, Sport en Welzijn (GSW)";"Vrouw";"27";"Haarlem";"3";"0";"Mbo";"Alleen"
"4";"4";"4";"3";"2";"3";"1";"4,6";"4,2";"5,0";"3";"4";"3";"5";"5";"4";"";"5";"4";"1";"2";"4,2";"4,2";"1,0";"1,0";"2,33";"2,33";"1,0";"2,33";"1,0";"1,0";"4,44";"85";"1,0";"0";"3,0";"1,0";"1,0";"1,0";"5,0";"1,0";"3,0";"1,0";"1,0";"1,0";"4";"5";"1";"4";"4";"5";"4";"4";"4";"4";"4";"5";"4";"4";"3";"1";"1";"3";"1";"3";"3,48";"1";"1";"4";"5";"1";"4";"5";"4";"3";"4";"3";"3";"4";"2";"4";"3";"4";"4";"4";"4";"5";"3";"3";"4";"Onderwijs en Innovatie (ONI)";"Man";"47";"Haarlem";"1";"0";"Mbo";"Met mijn partner / een relatie"
"1";"3";"1";"5";"5";"4";"4";"1,8";"4,2";"3,4";"5";"5";"4";"5";"5";"5";"5";"5";"5";"5";"4";"4,2";"4,6";"2,33";"3,67";"5,0";"1,0";"1,0";"1,0";"2,33";"3,67";"3,76";"85";"1,0";"1";"1,0";"1,0";"3,0";"1,0";"1,0";"3,0";"1,0";"1,0";"1,0";"1,0";"4";"3";"1";"3";"2";"3";"5";"5";"5";"5";"3";"2";"1";"2";"1";"1";"1";"1";"1";"4";"2,12";"4";"4";"3";"5";"5";"5";"5";"3";"5";"5";"1";"1";"1";"5";"1";"3";"3";"2";"3";"3";"3";"2";"3";"2";"Gezondheid, Sport en Welzijn (GSW)";"Vrouw";"25";"Amsterdam";"5 of hoger";"0";"Mbo";"Bij mijn ouder(s)/verzorger(s)"
"3";"3";"3";"3";"3";"3";"3";"3,8";"3,8";"3,8";"1";"1";"1";"3";"3";"3";"1";"4";"2";"1";"3";"3,8";"3,8";"2,33";"2,33";"3,67";"2,33";"2,33";"2,33";"2,33";"2,33";"4,2";"85";"1,0";"0";"1,0";"1,0";"1,0";"3,0";"1,0";"1,0";"1,0";"1,0";"1,0";"1,0";"3";"2";"3";"5";"4";"4";"4";"4";"4";"4";"3";"5";"3";"4";"2";"1";"1";"3";"1";"4";"1,64";"2";"2";"2";"3";"3";"3";"4";"4";"4";"5";"3";"2";"2";"3";"2";"4";"3";"2";"4";"4";"4";"4";"2";"2";"Business, Finance and Law (BFL)";"Man";"19";"Alkmaar";"2";"0";"Havo";"Bij mijn ouder(s)/verzorger(s)"
"2";"3";"2";"2";"1";"2";"2";"3,0";"1,4";"3,4";"1";"2";"1";"2";"3";"2";"1";"2";"1";"1";"4";"3,4";"3,8";"1,0";"2,33";"2,33";"5,0";"1,0";"3,67";"1,0";"2,33";"3,68";"85";"1,0";"0";"1,0";"1,0";"1,0";"3,0";"1,0";"3,0";"1,0";"1,0";"1,0";"1,0";"3";"4";"3";"4";"5";"5";"4";"4";"5";"4";"3";"5";"4";"4";"3";"1";"2";"2";"1";"3";"2,6";"1";"1";"3";"2";"4";"2";"4";"1";"1";"3";"1";"1";"1";"5";"2";"2";"1";"4";"5";"5";"4";"4";"2";"3";"Business, Finance and Law (BFL)";"Man";"23";"Haarlem";"2";"0";"Vwo";"Bij mijn ouder(s)/verzorger(s)"
"2";"2";"2";"2";"1";"3";"4";"3,8";"1,8";"1,4";"4";"5";"2";"4";"3";"5";"2";"2";"2";"2";"5";"3,4";"3,8";"2,33";"2,33";"2,33";"3,67";"2,33";"3,67";"2,33";"2,33";"4,0";"85";"1,8";"1";"1,0";"1,0";"1,0";"3,0";"1,0";"1,0";"1,0";"1,0";"1,0";"1,0";"4";"4";"3";"3";"3";"3";"4";"3";"4";"3";"2";"3";"2";"3";"1";"1";"1";"1";"0";"3";"1,4";"";"";"";"";"";"";"";"";"";"";"";"";"";"";"";"";"";"";"";"";"";"";"";"";"Business, Finance and Law (BFL)";"Man";"18";"Den Haag";"2";"0";"Havo";"Bij mijn ouder(s)/verzorger(s)"
"2";"3";"3";"3";"2";"2";"3";"2,2";"3,4";"2,2";"3";"1";"1";"2";"3";"2";"1";"4";"3";"1";"4";"2,2";"3,4";"2,33";"2,33";"1,0";"2,33";"1,0";"3,67";"2,33";"3,67";"3,88";"85";"1,8";"1";"3,0";"1,0";"1,0";"3,0";"3,0";"5,0";"3,0";"1,0";"1,0";"1,0";"4";"4";"3";"4";"4";"4";"4";"3";"4";"4";"4";"5";"5";"5";"4";"4";"5";"5";"1";"5";"3,0";"4";"3";"3";"3";"2";"1";"5";"3";"2";"3";"3";"3";"3";"4";"2";"3";"4";"5";"4";"3";"4";"4";"3";"2";"Techniek, Ontwerpen en Informatica (TOI)";"Vrouw";"20";"Delft";"2";"0";"Vwo";"In een studentenhuis / met meerdere studenten samen"
"4";"4";"4";"2";"3";"4";"3";"4,6";"3,4";"4,2";"1";"4";"2";"3";"3";"4";"1";"4";"5";"1";"5";"4,2";"4,6";"1,0";"1,0";"1,0";"2,33";"1,0";"2,33";"1,0";"2,33";"4,12";"85";"1,0";"0";"1,0";"1,0";"1,0";"3,0";"3,0";"3,0";"1,0";"1,0";"1,0";"1,0";"4";"3";"3";"4";"4";"4";"4";"3";"3";"3";"3";"5";"3";"3";"3";"4";"3";"1";"1";"1";"2,92";"1";"1";"2";"2";"1";"1";"3";"1";"1";"5";"1";"1";"2";"4";"1";"3";"3";"3";"2";"3";"3";"2";"2";"2";"Gezondheid, Sport en Welzijn (GSW)";"Vrouw";"51";"Alkmaar";"3";"0";"Vwo";"Met mijn partner / een relatie"
"3";"3";"2";"2";"1";"3";"4";"3,4";"2,2";"3,4";"2";"2";"3";"3";"4";"3";"1";"2";"3";"1";"4";"3,4";"3,4";"2,33";"2,33";"2,33";"3,67";"2,33";"2,33";"1,0";"2,33";"3,6";"84";"2,6";"0";"3,0";"3,0";"1,0";"1,0";"1,0";"3,0";"1,0";"1,0";"1,0";"3,0";"3";"3";"3";"5";"4";"5";"3";"3";"4";"3";"2";"5";"2";"2";"3";"3";"3";"3";"1";"3";"2,6";"";"";"";"";"";"";"";"";"";"";"";"";"";"";"";"";"";"";"";"";"";"";"";"";"Gezondheid, Sport en Welzijn (GSW)";"Man";"22";"Haarlem";"2";"0";"Havo";"Bij mijn ouder(s)/verzorger(s)"
"2";"3";"3";"4";"3";"3";"4";"3,4";"3,4";"4,2";"3";"3";"3";"3";"3";"3";"4";"3";"4";"3";"3";"3,4";"3,0";"2,33";"2,33";"2,33";"3,67";"2,33";"2,33";"3,67";"2,33";"4,24";"84";"1,0";"0";"3,0";"1,0";"1,0";"3,0";"3,0";"3,0";"3,0";"3,0";"3,0";"3,0";"3";"3";"4";"4";"3";"3";"3";"2";"3";"3";"3";"3";"3";"3";"3";"3";"3";"3";"1";"1";"3,48";"";"";"";"";"";"";"";"";"";"";"";"";"";"";"";"";"";"";"";"";"";"";"";"";"Business, Finance and Law (BFL)";"Vrouw";"31";"Alkmaar";"2";"0";"Havo";"Alleen"
"3";"4";"4";"4";"4";"4";"4";"3,4";"3,4";"3,0";"3";"3";"4";"4";"5";"3";"5";"3";"5";"3";"3";"3,4";"3,4";"2,33";"2,33";"3,67";"3,67";"1,0";"2,33";"2,33";"3,67";"3,4";"84";"1,8";"0";"3,0";"3,0";"3,0";"3,0";"1,0";"1,0";"1,0";"1,0";"1,0";"1,0";"4";"2";"3";"4";"4";"3";"4";"3";"3";"4";"2";"3";"3";"4";"2";"1";"2";"1";"1";"3";"2,28";"";"";"";"";"";"";"";"";"";"";"";"";"";"";"";"";"";"";"";"";"";"";"";"";"Business, Finance and Law (BFL)";"Vrouw";"19";"Rotterdam";"2";"0";"Havo";"Bij mijn ouder(s)/verzorger(s)"
"3";"4";"4";"3";"3";"3";"3";"4,6";"3,0";"4,2";"5";"3";"4";"4";"5";"4";"3";"5";"5";"5";"4";"3,8";"3,8";"2,33";"2,33";"2,33";"2,33";"1,0";"2,33";"2,33";"2,33";"3,88";"83";"2,6";"0";"1,0";"5,0";"5,0";"3,0";"3,0";"5,0";"1,0";"1,0";"1,0";"1,0";"4";"4";"3";"4";"4";"4";"4";"4";"5";"5";"3";"4";"4";"4";"4";"3";"3";"3";"1";"4";"1,72";"";"";"";"";"";"";"";"";"";"";"";"";"";"";"";"";"";"";"";"";"";"";"";"";"Gezondheid, Sport en Welzijn (GSW)";"Vrouw";"25";"Amsterdam";"2";"0";"Vwo";"Bij mijn ouder(s)/verzorger(s)"
"3";"3";"4";"3";"1";"3";"3";"3,4";"3,4";"3,4";"3";"3";"4";"3";"3";"3";"3";"2";"3";"1";"5";"4,6";"4,6";"1,0";"1,0";"2,33";"2,33";"1,0";"2,33";"3,67";"1,0";"3,6";"81";"2,6";"0";"1,0";"1,0";"1,0";"3,0";"3,0";"3,0";"3,0";"3,0";"3,0";"3,0";"4";"3";"2";"3";"5";"5";"5";"5";"5";"5";"3";"5";"4";"2";"1";"1";"1";"1";"0";"3";"3,48";"";"";"";"";"";"";"";"";"";"";"";"";"";"";"";"";"";"";"";"";"";"";"";"";"Gezondheid, Sport en Welzijn (GSW)";"Man";"20";"Den Haag";"2";"0";"Havo";"In een studentenhuis / met meerdere studenten samen"
"4";"4";"4";"2";"3";"1";"1";"4,2";"2,6";"4,6";"1";"2";"1";"2";"2";"2";"1";"3";"3";"1";"4";"4,2";"3,4";"2,33";"1,0";"2,33";"1,0";"1,0";"1,0";"1,0";"2,33";"4,0";"80";"1,0";"0";"3,0";"1,0";"1,0";"1,0";"3,0";"3,0";"1,0";"1,0";"1,0";"1,0";"4";"5";"2";"4";"5";"5";"4";"4";"4";"3";"4";"5";"4";"5";"4";"4";"3";"3";"1";"";"3,4";"1";"1";"1";"1";"1";"1";"3";"3";"1";"1";"1";"1";"1";"5";"1";"5";"3";"5";"5";"5";"5";"5";"5";"5";"Onderwijs en Innovatie (ONI)";"Vrouw";"56";"Amsterdam";"1";"0";"Anders, namelijk (vul in):";"Met mijn partner / een relatie"
"3";"3";"4";"4";"4";"4";"2";"3,8";"4,6";"2,6";"5";"5";"1";"4";"5";"5";"";"4";"5";"1";"2";"4,2";"3,4";"1,0";"3,67";"1,0";"2,33";"1,0";"2,33";"1,0";"2,33";"3,56";"80";"1,0";"0";"1,0";"1,0";"1,0";"1,0";"1,0";"1,0";"1,0";"1,0";"1,0";"1,0";"4";"4";"3";"4";"2";"5";"4";"4";"2";"1";"1";"1";"1";"1";"2";"1";"1";"1";"1";"3";"3,56";"1";"3";"5";"1";"1";"1";"4";"4";"1";"3";"2";"4";"4";"3";"3";"1";"1";"3";"2";"5";"3";"3";"3";"1";"Techniek, Ontwerpen en Informatica (TOI)";"Man";"34";"Alkmaar";"2";"0";"Mbo";"Met mijn partner / een relatie"
"3";"4";"4";"3";"3";"2";"3";"3,8";"4,2";"4,2";"5";"4";"";"";"3";"";"";"3";"3";"";"4";"3,0";"4,2";"3,67";"3,67";"3,67";"3,67";"2,33";"3,67";"2,33";"3,67";"4,0";"80";"3,4";"0";"3,0";"3,0";"3,0";"1,0";"5,0";"5,0";"1,0";"1,0";"1,0";"1,0";"4";"4";"4";"4";"4";"3";"3";"3";"4";"3";"2";"5";"3";"4";"3";"3";"4";"4";"1";"5";"2,84";"3";"2";"1";"3";"3";"4";"5";"3";"4";"3";"5";"4";"5";"3";"4";"4";"4";"3";"5";"4";"4";"5";"5";"5";"Creative Business (CB)";"Vrouw";"24";"Haarlem";"3";"0";"Mbo";"Alleen"
"3";"4";"3";"5";"4";"4";"4";"3,8";"4,2";"3,8";"3";"3";"3";"3";"4";"4";"4";"3";"4";"2";"4";"3,4";"4,6";"2,33";"3,67";"1,0";"3,67";"2,33";"2,33";"1,0";"3,67";"3,6";"80";"2,6";"0";"5,0";"1,0";"5,0";"3,0";"1,0";"3,0";"1,0";"1,0";"1,0";"1,0";"4";"4";"4";"4";"4";"4";"4";"2";"4";"3";"1";"5";"3";"5";"1";"1";"1";"1";"1";"2";"1,0";"3";"4";"3";"2";"2";"1";"5";"3";"1";"3";"3";"4";"2";"1";"2";"5";"5";"4";"4";"4";"3";"4";"2";"1";"Techniek, Ontwerpen en Informatica (TOI)";"Man";"19";"Alkmaar";"2";"0";"Havo";"Bij mijn ouder(s)/verzorger(s)"
"4";"4";"4";"3";"2";"2";"2";"4,2";"3,8";"4,2";"2";"4";"2";"2";"3";"4";"1";"2";"4";"1";"4";"3,8";"4,6";"1,0";"2,33";"2,33";"2,33";"1,0";"2,33";"2,33";"2,33";"3,8";"80";"3,4";"0";"1,0";"1,0";"1,0";"3,0";"1,0";"3,0";"1,0";"1,0";"1,0";"5,0";"4";"3";"3";"5";"5";"5";"4";"4";"3";"3";"3";"4";"3";"4";"4";"4";"2";"1";"1";"";"3,4";"2";"2";"3";"3";"2";"3";"5";"2";"2";"5";"2";"2";"3";"4";"2";"4";"4";"4";"3";"4";"4";"4";"3";"4";"Gezondheid, Sport en Welzijn (GSW)";"Vrouw";"48";"Rotterdam";"2";"0";"Anders, namelijk (vul in):";"Anders"
"3";"3";"2";"2";"1";"3";"3";"3,4";"2,6";"3,4";"3";"3";"2";"2";"3";"";"3";"1";"2";"1";"4";"3,8";"4,6";"2,33";"2,33";"2,33";"2,33";"1,0";"2,33";"1,0";"2,33";"3,4";"80";"1,0";"0";"1,0";"1,0";"1,0";"3,0";"3,0";"3,0";"3,0";"1,0";"1,0";"1,0";"4";"3";"4";"4";"4";"5";"5";"4";"5";"4";"4";"5";"4";"4";"3";"1";"3";"1";"1";"3";"2,52";"";"";"";"";"";"";"";"";"";"";"";"";"";"";"";"";"";"";"";"";"";"";"";"";"Business, Finance and Law (BFL)";"Man";"22";"Rotterdam";"2";"0";"Havo";"Bij mijn ouder(s)/verzorger(s)"
"4";"5";"5";"3";"5";"5";"3";"4,6";"4,6";"3,8";"2";"2";"2";"5";"4";"5";"2";"5";"5";"2";"4";"4,2";"4,2";"2,33";"3,67";"3,67";"2,33";"1,0";"2,33";"2,33";"2,33";"4,2";"80";"1,0";"0";"1,0";"1,0";"5,0";"5,0";"5,0";"3,0";"3,0";"3,0";"5,0";"5,0";"5";"5";"2";"5";"4";"3";"4";"3";"3";"4";"4";"4";"4";"4";"4";"5";"3";"4";"1";"4";"3,48";"2";"4";"2";"4";"2";"2";"5";"4";"5";"2";"5";"5";"5";"5";"4";"5";"5";"5";"5";"5";"5";"5";"5";"5";"Gezondheid, Sport en Welzijn (GSW)";"Vrouw";"33";"Amsterdam";"2";"0";"Anders, namelijk (vul in):";"Met mijn partner / een relatie"
"1";"2";"3";"3";"1";"4";"4";"2,2";"3,8";"2,2";"4";"4";"5";"4";"4";"3";"3";"3";"3";"3";"5";"3,4";"4,2";"2,33";"2,33";"1,0";"2,33";"1,0";"2,33";"2,33";"1,0";"3,92";"79";"1,0";"0";"1,0";"1,0";"1,0";"1,0";"3,0";"5,0";"1,0";"1,0";"1,0";"1,0";"3";"4";"3";"4";"4";"4";"4";"4";"3";"4";"3";"4";"3";"2";"3";"1";"1";"1";"1";"5";"2,28";"";"";"";"";"";"";"";"";"";"";"";"";"";"";"";"";"";"";"";"";"";"";"";"";"Gezondheid, Sport en Welzijn (GSW)";"Vrouw";"21";"Amsterdam";"3";"0";"Havo";"Bij mijn ouder(s)/verzorger(s)"
"2";"2";"2";"4";"4";"4";"4";"3,4";"3,8";"3,0";"4";"4";"4";"5";"5";"4";"3";"5";"5";"5";"4";"3,4";"3,4";"2,33";"2,33";"3,67";"1,0";"1,0";"2,33";"3,67";"1,0";"3,4";"78";"1,0";"0";"1,0";"1,0";"5,0";"1,0";"1,0";"5,0";"1,0";"1,0";"1,0";"1,0";"3";"2";"2";"2";"2";"5";"4";"3";"4";"3";"2";"3";"5";"4";"2";"3";"3";"4";"1";"3";"2,04";"2";"1";"3";"1";"4";"3";"3";"3";"3";"3";"3";"2";"2";"3";"3";"3";"4";"4";"4";"4";"3";"3";"3";"3";"Business, Finance and Law (BFL)";"Vrouw";"20";"Den Haag";"2";"0";"Havo";"Bij mijn ouder(s)/verzorger(s)"
"4";"4";"4";"3";"4";"2";"3";"4,2";"3,8";"3,8";"3";"4";"4";"5";"3";"3";"2";"3";"4";"1";"4";"3,8";"3,8";"2,33";"2,33";"3,67";"3,67";"1,0";"2,33";"1,0";"2,33";"3,8";"78";"1,0";"0";"3,0";"5,0";"5,0";"1,0";"1,0";"1,0";"1,0";"1,0";"1,0";"1,0";"5";"5";"1";"4";"4";"4";"5";"3";"4";"3";"4";"5";"3";"3";"3";"4";"1";"1";"1";"5";"3,56";"4";"3";"4";"4";"1";"2";"4";"4";"4";"2";"4";"4";"4";"3";"2";"3";"4";"5";"3";"3";"3";"3";"4";"3";"Onderwijs en Innovatie (ONI)";"Vrouw";"26";"Dordrecht";"2";"0";"Havo";"Met mijn partner / een relatie"
"3";"4";"3";"3";"2";"4";"4";"3,0";"4,2";"3,4";"4";"3";"3";"5";"5";"4";"4";"3";"3";"3";"4";"4,6";"3,4";"2,33";"1,0";"2,33";"1,0";"1,0";"1,0";"1,0";"2,33";"4,2";"78";"2,6";"0";"3,0";"1,0";"1,0";"3,0";"3,0";"3,0";"1,0";"1,0";"1,0";"1,0";"3";"3";"3";"4";"4";"4";"4";"3";"4";"4";"2";"4";"3";"4";"2";"1";"2";"1";"1";"4";"1,4";"4";"2";"3";"3";"4";"2";"4";"3";"2";"4";"3";"2";"3";"4";"2";"3";"4";"3";"3";"3";"3";"3";"2";"2";"Business, Finance and Law (BFL)";"Vrouw";"21";"Rotterdam";"3";"0";"Havo";"Bij mijn ouder(s)/verzorger(s)"
"3";"4";"3";"3";"3";"3";"3";"4,2";"3,0";"3,8";"4";"5";"3";"3";"3";"2";"5";"2";"2";"";"4";"3,0";"3,4";"3,67";"3,67";"3,67";"3,67";"3,67";"3,67";"5,0";"2,33";"3,88";"75";"5,0";"0";"3,0";"1,0";"3,0";"1,0";"3,0";"1,0";"1,0";"1,0";"1,0";"1,0";"5";"5";"3";"5";"4";"4";"4";"4";"4";"4";"3";"3";"4";"4";"3";"1";"1";"1";"1";"";"3,88";"3";"1";"3";"3";"3";"3";"4";"4";"2";"3";"4";"3";"3";"3";"3";"4";"5";"5";"3";"4";"3";"3";"3";"3";"Gezondheid, Sport en Welzijn (GSW)";"Man";"48";"Haarlem";"2";"0";"Mbo";"Met mijn partner / een relatie"
"3";"4";"4";"3";"3";"3";"3";"3,4";"3,8";"3,0";"";"5";"5";"5";"5";"5";"2";"1";"5";"1";"4";"3,0";"3,0";"5,0";"5,0";"5,0";"3,67";"3,67";"3,67";"3,67";"5,0";"4,12";"75";"2,6";"1";"5,0";"1,0";"3,0";"3,0";"5,0";"5,0";"1,0";"1,0";"3,0";"3,0";"4";"5";"4";"5";"4";"4";"5";"5";"5";"5";"5";"5";"5";"5";"5";"5";"5";"5";"1";"3";"1,4";"3";"1";"5";"5";"1";"4";"5";"5";"5";"2";"3";"4";"4";"2";"4";"3";"2";"5";"5";"5";"3";"5";"5";"5";"Business, Finance and Law (BFL)";"Vrouw";"26";"Rotterdam";"2";"0";"Anders, namelijk (vul in):";"Bij mijn ouder(s)/verzorger(s)"
"2";"4";"3";"3";"4";"4";"3";"3,8";"3,8";"3,4";"4";"3";"";"";"4";"";"5";"3";"4";"1";"3";"3,8";"3,4";"3,67";"3,67";"3,67";"5,0";"2,33";"5,0";"3,67";"3,67";"3,96";"75";"2,6";"0";"1,0";"1,0";"5,0";"5,0";"5,0";"5,0";"1,0";"3,0";"3,0";"3,0";"4";"5";"3";"4";"4";"3";"3";"3";"4";"4";"3";"5";"4";"3";"4";"5";"1";"3";"1";"";"3,88";"4";"3";"3";"2";"1";"4";"4";"4";"3";"4";"3";"3";"2";"4";"3";"4";"2";"3";"3";"3";"2";"4";"2";"1";"Techniek, Ontwerpen en Informatica (TOI)";"Man";"41";"Alkmaar";"2";"0";"Mbo";"Met mijn partner / een relatie"
"2";"5";"3";"2";"2";"2";"2";"5,0";"1,8";"5,0";"4";"2";"4";"3";"2";"5";"2";"2";"2";"4";"4";"3,8";"3,8";"1,0";"5,0";"2,33";"3,67";"2,33";"3,67";"2,33";"2,33";"4,0";"75";"1,0";"0";"1,0";"3,0";"5,0";"5,0";"3,0";"1,0";"5,0";"1,0";"1,0";"1,0";"5";"4";"3";"4";"4";"5";"2";"2";"2";"4";"1";"5";"5";"5";"4";"5";"3";"2";"1";"2";"2,36";"";"";"";"";"";"";"";"";"";"";"";"";"";"";"";"";"";"";"";"";"";"";"";"";"Creative Business (CB)";"Vrouw";"28";"Amsterdam";"4";"0";"Vwo";"Anders"
"3";"4";"4";"3";"3";"3";"3";"4,2";"2,6";"3,8";"2";"4";"2";"3";"4";"4";"2";"3";"4";"2";"4";"4,6";"3,8";"1,0";"2,33";"2,33";"1,0";"1,0";"2,33";"1,0";"2,33";"4,0";"71";"1,0";"0";"3,0";"1,0";"1,0";"3,0";"1,0";"3,0";"1,0";"1,0";"1,0";"3,0";"4";"4";"2";"4";"4";"4";"4";"4";"3";"3";"2";"4";"3";"3";"2";"1";"1";"1";"1";"5";"3,0";"2";"2";"3";"2";"1";"3";"4";"4";"2";"4";"2";"3";"3";"3";"3";"2";"2";"2";"2";"4";"3";"3";"2";"2";"Onderwijs en Innovatie (ONI)";"Vrouw";"35";"Den Haag";"2";"0";"Mbo";"Met mijn partner / een relatie"
"3";"3";"3";"4";"4";"4";"4";"3,8";"3,4";"3,8";"2";"4";"4";"4";"4";"4";"4";"4";"5";"";"3";"3,4";"3,4";"3,67";"3,67";"1,0";"5,0";"1,0";"5,0";"1,0";"1,0";"3,88";"70";"1,0";"0";"1,0";"3,0";"1,0";"1,0";"5,0";"3,0";"3,0";"5,0";"3,0";"3,0";"3";"3";"1";"1";"3";"2";"3";"2";"3";"2";"2";"3";"3";"3";"3";"3";"3";"2";"0";"3";"2,76";"";"";"";"";"";"";"";"";"";"";"";"";"";"";"";"";"";"";"";"";"";"";"";"";"Techniek, Ontwerpen en Informatica (TOI)";"Vrouw";"34";"Haarlem";"2";"0";"Havo";"Bij mijn ouder(s)/verzorger(s)"
"3";"4";"3";"1";"1";"1";"1";"4,6";"3,4";"4,6";"2";"1";"1";"1";"1";"1";"1";"1";"1";"3";"4";"4,2";"5,0";"1,0";"2,33";"3,67";"1,0";"1,0";"3,67";"1,0";"1,0";"3,6";"69";"1,0";"0";"1,0";"1,0";"1,0";"1,0";"1,0";"3,0";"1,0";"1,0";"1,0";"1,0";"4";"4";"2";"4";"4";"4";"3";"2";"2";"1";"2";"4";"2";"4";"1";"1";"1";"1";"1";"2";"4,2";"";"";"";"";"";"";"";"";"";"";"";"";"";"";"";"";"";"";"";"";"";"";"";"";"Techniek, Ontwerpen en Informatica (TOI)";"Vrouw";"20";"Amsterdam";"2";"0";"Havo";"Bij mijn ouder(s)/verzorger(s)"
"3";"3";"3";"3";"3";"2";"2";"4,2";"3,8";"3,8";"4";"3";"4";"4";"5";"4";"2";"2";"3";"3";"3";"3,8";"4,6";"2,33";"2,33";"2,33";"1,0";"1,0";"1,0";"1,0";"2,33";"3,88";"69";"1,0";"0";"1,0";"1,0";"1,0";"1,0";"1,0";"1,0";"1,0";"1,0";"1,0";"1,0";"5";"4";"2";"4";"3";"5";"5";"4";"3";"3";"3";"3";"3";"3";"3";"3";"3";"3";"1";"";"2,6";"";"";"";"";"";"";"";"";"";"";"";"";"";"";"";"";"";"";"";"";"";"";"";"";"Business, Finance and Law (BFL)";"Man";"20";"Amsterdam";"2";"0";"Mbo";"Bij mijn ouder(s)/verzorger(s)"
"2";"3";"3";"2";"3";"3";"3";"1,8";"2,6";"2,2";"3";"3";"2";"2";"2";"2";"3";"2";"4";"4";"3";"3,4";"3,4";"2,33";"2,33";"2,33";"3,67";"2,33";"3,67";"1,0";"2,33";"3,6";"68";"3,4";"0";"5,0";"1,0";"1,0";"1,0";"1,0";"3,0";"1,0";"1,0";"1,0";"1,0";"3";"3";"3";"4";"2";"4";"3";"2";"2";"2";"2";"4";"2";"2";"3";"1";"1";"1";"1";"2";"1,8";"";"";"";"";"";"";"";"";"";"";"";"";"";"";"";"";"";"";"";"";"";"";"";"";"Agri, Food and Life Sciences (AFL)";"Man";"24";"Delft";"2";"0";"Havo";"Alleen"
"3";"4";"3";"3";"5";"4";"2";"3,4";"4,2";"3,0";"4";"4";"4";"4";"4";"4";"3";"5";"4";"2";"4";"4,2";"4,2";"2,33";"3,67";"3,67";"2,33";"2,33";"3,67";"1,0";"2,33";"3,36";"68";"3,4";"0";"1,0";"3,0";"3,0";"5,0";"5,0";"5,0";"5,0";"1,0";"3,0";"1,0";"5";"5";"2";"5";"5";"5";"5";"5";"5";"5";"5";"5";"5";"5";"5";"5";"5";"2";"1";"4";"2,2";"2";"4";"2";"2";"4";"4";"4";"2";"2";"5";"4";"4";"4";"2";"4";"4";"4";"4";"4";"4";"4";"4";"4";"4";"Business, Finance and Law (BFL)";"Man";"21";"Alkmaar";"2";"0";"Mbo";"Bij mijn ouder(s)/verzorger(s)"
"2";"4";"4";"3";"3";"2";"3";"3,8";"3,0";"3,8";"4";"3";"4";"4";"3";"3";"2";"2";"4";"1";"4";"3,8";"3,8";"1,0";"3,67";"5,0";"3,67";"1,0";"2,33";"1,0";"5,0";"3,88";"63";"2,6";"0";"1,0";"1,0";"1,0";"1,0";"1,0";"5,0";"1,0";"5,0";"1,0";"1,0";"3";"3";"2";"4";"4";"4";"4";"4";"4";"3";"3";"4";"2";"3";"2";"3";"1";"1";"1";"4";"2,12";"";"";"";"";"";"";"";"";"";"";"";"";"";"";"";"";"";"";"";"";"";"";"";"";"Business, Finance and Law (BFL)";"Man";"23";"Amsterdam";"2";"0";"Havo";"Bij mijn ouder(s)/verzorger(s)"
"3";"4";"4";"2";"1";"1";"3";"4,2";"2,2";"3,4";"";"";"";"";"1";"1";"1";"2";"1";"1";"3";"3,4";"4,2";"1,0";"2,33";"1,0";"2,33";"2,33";"2,33";"1,0";"5,0";"3,4";"62";"1,8";"0";"1,0";"1,0";"3,0";"1,0";"1,0";"5,0";"1,0";"1,0";"1,0";"1,0";"4";"5";"3";"5";"5";"5";"2";"5";"1";"1";"2";"5";"3";"5";"1";"1";"1";"1";"1";"1";"4,36";"4";"3";"2";"3";"1";"1";"5";"3";"4";"4";"2";"3";"4";"4";"2";"3";"1";"4";"4";"5";"4";"4";"3";"3";"Techniek, Ontwerpen en Informatica (TOI)";"Man";"33";"Alkmaar";"2";"0";"Mbo";"Met mijn partner / een relatie"
"3";"3";"4";"3";"2";"3";"2";"4,2";"3,8";"3,8";"4";"4";"4";"4";"3";"5";"3";"4";"5";"4";"4";"3,4";"3,4";"3,67";"5,0";"5,0";"2,33";"2,33";"1,0";"3,67";"2,33";"3,8";"61";"1,8";"1";"1,0";"1,0";"1,0";"3,0";"3,0";"3,0";"3,0";"3,0";"3,0";"3,0";"5";"5";"5";"5";"4";"2";"4";"4";"4";"4";"3";"4";"3";"2";"3";"4";"4";"4";"";"3";"1,96";"3";"2";"5";"2";"2";"1";"4";"3";"3";"4";"5";"4";"4";"3";"4";"2";"1";"2";"3";"2";"2";"2";"2";"2";"Onderwijs en Innovatie (ONI)";"Vrouw";"19";"Haarlem";"1";"0";"Havo";"Bij mijn ouder(s)/verzorger(s)"
"3";"4";"4";"3";"3";"2";"3";"4,6";"4,2";"3,4";"2";"3";"3";"4";"4";"5";"2";"5";"3";"1";"5";"3,8";"3,4";"3,67";"2,33";"3,67";"3,67";"2,33";"3,67";"2,33";"3,67";"4,24";"61";"1,0";"1";"1,0";"1,0";"1,0";"3,0";"3,0";"3,0";"3,0";"3,0";"3,0";"3,0";"4";"4";"2";"4";"4";"4";"3";"4";"4";"4";"4";"4";"4";"4";"3";"3";"2";"1";"1";"1";"2,6";"4";"1";"3";"1";"1";"1";"5";"4";"5";"4";"4";"3";"4";"3";"3";"4";"4";"4";"4";"4";"4";"4";"4";"4";"Onderwijs en Innovatie (ONI)";"Vrouw";"49";"Haarlem";"2";"0";"Vwo";"Anders"
"3";"4";"4";"3";"3";"3";"2";"4,6";"3,4";"3,8";"2";"3";"2";"1";"2";"1";"2";"3";"3";"1";"4";"3,8";"3,8";"2,33";"2,33";"1,0";"2,33";"2,33";"3,67";"1,0";"2,33";"3,8";"60";"1,0";"0";"1,0";"1,0";"1,0";"1,0";"1,0";"1,0";"1,0";"1,0";"1,0";"1,0";"4";"5";"2";"4";"4";"4";"4";"4";"4";"3";"3";"4";"3";"4";"3";"1";"2";"1";"1";"3";"3,0";"3";"2";"2";"1";"1";"1";"5";"3";"2";"4";"3";"3";"4";"3";"3";"4";"3";"4";"4";"4";"4";"4";"3";"3";"Onderwijs en Innovatie (ONI)";"Vrouw";"40";"Den Haag";"1";"0";"Mbo";"Anders"
"3";"3";"4";"4";"3";"1";"4";"3,8";"5,0";"3,4";"3";"5";"1";"4";"5";"5";"1";"4";"5";"2";"4";"3,4";"4,6";"5,0";"5,0";"1,0";"3,67";"5,0";"1,0";"3,67";"3,67";"4,2";"60";"1,0";"0";"1,0";"1,0";"1,0";"1,0";"1,0";"1,0";"1,0";"1,0";"1,0";"1,0";"5";"5";"1";"3";"3";"4";"3";"3";"5";"5";"2";"4";"3";"5";"2";"1";"3";"1";"1";"3";"1,96";"";"";"";"";"";"";"";"";"";"";"";"";"";"";"";"";"";"";"";"";"";"";"";"";"Gezondheid, Sport en Welzijn (GSW)";"Man";"21";"Amsterdam";"2";"0";"Havo";"Bij mijn ouder(s)/verzorger(s)"
"3";"4";"3";"3";"3";"3";"2";"4,2";"3,4";"4,2";"3";"3";"2";"3";"4";"4";"4";"3";"4";"2";"4";"4,2";"3,8";"2,33";"2,33";"2,33";"2,33";"2,33";"2,33";"2,33";"2,33";"4,0";"60";"1,0";"0";"1,0";"1,0";"1,0";"1,0";"1,0";"1,0";"1,0";"1,0";"1,0";"1,0";"4";"3";"1";"4";"4";"4";"3";"3";"3";"3";"3";"4";"4";"4";"2";"1";"1";"1";"1";"1";"3,56";"";"";"";"";"";"";"";"";"";"";"";"";"";"";"";"";"";"";"";"";"";"";"";"";"Gezondheid, Sport en Welzijn (GSW)";"Vrouw";"43";"Alkmaar";"2";"0";"Mbo";"Met mijn partner / een relatie"
"2";"4";"3";"2";"2";"2";"2";"3,8";"3,4";"4,2";"2";"3";"2";"3";"3";"3";"3";"3";"4";"4";"3";"3,8";"5,0";"2,33";"2,33";"2,33";"3,67";"2,33";"3,67";"2,33";"2,33";"4,0";"60";"1,0";"0";"1,0";"1,0";"1,0";"1,0";"1,0";"3,0";"1,0";"1,0";"1,0";"1,0";"3";"3";"3";"3";"3";"4";"3";"3";"3";"2";"3";"5";"3";"4";"2";"2";"1";"1";"1";"2";"2,2";"";"";"";"";"";"";"";"";"";"";"";"";"";"";"";"";"";"";"";"";"";"";"";"";"Techniek, Ontwerpen en Informatica (TOI)";"Vrouw";"28";"Alkmaar";"2";"0";"Mbo";"Anders"
"4";"5";"4";"2";"2";"4";"2";"4,6";"3,8";"4,2";"";"3";"";"";"";"";"";"2";"4";"";"4";"3,8";"4,2";"1,0";"2,33";"3,67";"2,33";"1,0";"2,33";"1,0";"2,33";"3,88";"60";"1,0";"0";"1,0";"1,0";"1,0";"1,0";"3,0";"3,0";"1,0";"1,0";"1,0";"1,0";"4";"4";"1";"4";"3";"3";"4";"4";"4";"4";"4";"4";"4";"4";"1";"1";"1";"1";"1";"3";"3,56";"1";"3";"4";"3";"1";"1";"5";"3";"2";"3";"3";"2";"4";"2";"3";"4";"4";"3";"4";"4";"4";"4";"4";"4";"Onderwijs en Innovatie (ONI)";"Man";"30";"Den Haag";"2";"0";"Mbo";"Met mijn partner / een relatie"
"2";"2";"2";"4";"4";"3";"3";"1,8";"3,8";"2,2";"1";"1";"1";"3";"5";"4";"1";"1";"5";"1";"5";"4,6";"3,8";"1,0";"1,0";"3,67";"1,0";"1,0";"1,0";"2,33";"2,33";"3,4";"60";"1,0";"0";"1,0";"1,0";"1,0";"1,0";"1,0";"1,0";"1,0";"1,0";"1,0";"1,0";"4";"3";"2";"2";"2";"3";"3";"4";"4";"1";"3";"3";"3";"3";"1";"1";"1";"1";"1";"1";"3,56";"4";"1";"4";"1";"1";"1";"5";"3";"5";"4";"3";"3";"4";"4";"3";"5";"5";"1";"2";"3";"2";"2";"2";"2";"Gezondheid, Sport en Welzijn (GSW)";"Vrouw";"26";"Amsterdam";"3";"0";"Mbo";"Met mijn partner / een relatie"
"5";"5";"5";"4";"4";"4";"3";"3,8";"5,0";"3,4";"5";"5";"5";"5";"5";"5";"5";"5";"5";"5";"4";"3,8";"3,4";"3,67";"3,67";"1,0";"2,33";"1,0";"2,33";"3,67";"2,33";"4,36";"60";"1,8";"0";"3,0";"3,0";"3,0";"1,0";"3,0";"3,0";"3,0";"3,0";"3,0";"3,0";"5";"4";"4";"5";"4";"5";"5";"5";"5";"5";"3";"5";"3";"2";"3";"3";"3";"3";"1";"5";"4,36";"";"";"";"";"";"";"";"";"";"";"";"";"";"";"";"";"";"";"";"";"";"";"";"";"Business, Finance and Law (BFL)";"Vrouw";"20";"Amsterdam";"3";"0";"Vwo";"Bij mijn ouder(s)/verzorger(s)"
"2";"4";"3";"4";"3";"4";"4";"2,6";"3,4";"3,8";"5";"5";"4";"5";"5";"5";"4";"2";"3";"2";"3";"3,8";"4,6";"2,33";"2,33";"3,67";"2,33";"2,33";"3,67";"2,33";"2,33";"3,4";"60";"1,0";"0";"1,0";"1,0";"1,0";"1,0";"1,0";"3,0";"1,0";"1,0";"1,0";"1,0";"4";"3";"4";"3";"5";"5";"5";"5";"5";"5";"3";"5";"3";"3";"3";"1";"5";"5";"1";"4";"2,6";"3";"2";"2";"4";"1";"1";"4";"4";"4";"4";"3";"2";"5";"3";"3";"2";"2";"4";"4";"4";"4";"4";"4";"4";"Verloskunde Academie";"Vrouw";"21";"Groningen (Verloskunde Academie)";"3";"0";"Vwo";"Met een of enkele huisgenoten / vrienden (geen relatie)"
"2";"2";"2";"3";"4";"3";"4";"1,8";"3,4";"2,2";"3";"4";"3";"4";"5";"4";"4";"5";"5";"4";"3";"3,0";"3,8";"2,33";"3,67";"2,33";"2,33";"2,33";"3,67";"2,33";"2,33";"3,4";"60";"1,0";"0";"1,0";"1,0";"1,0";"3,0";"3,0";"3,0";"3,0";"1,0";"1,0";"1,0";"3";"2";"1";"4";"2";"3";"3";"4";"4";"3";"4";"5";"3";"5";"3";"2";"2";"2";"0";"1";"1,8";"3";"3";"4";"2";"2";"2";"4";"3";"3";"3";"3";"3";"3";"3";"3";"2";"4";"3";"4";"5";"4";"4";"3";"3";"Gezondheid, Sport en Welzijn (GSW)";"Vrouw";"18";"Alkmaar";"1";"0";"Havo";"Bij mijn ouder(s)/verzorger(s)"
"2";"2";"2";"3";"4";"3";"2";"3,0";"3,8";"3,0";"";"4";"";"4";"";"3";"3";"4";"4";"";"4";"3,4";"3,8";"3,67";"3,67";"5,0";"3,67";"3,67";"3,67";"1,0";"3,67";"3,8";"60";"1,0";"0";"3,0";"1,0";"1,0";"3,0";"3,0";"3,0";"3,0";"3,0";"3,0";"3,0";"4";"5";"3";"3";"4";"4";"4";"4";"3";"2";"3";"4";"3";"3";"4";"3";"1";"1";"1";"1";"2,2";"3";"3";"4";"2";"2";"1";"4";"3";"2";"3";"3";"3";"3";"3";"3";"4";"4";"3";"4";"4";"4";"5";"4";"4";"Onderwijs en Innovatie (ONI)";"Vrouw";"21";"Alkmaar";"1";"0";"Anders, namelijk (vul in):";"Bij mijn ouder(s)/verzorger(s)"
"2";"3";"3";"4";"3";"3";"4";"3,8";"2,6";"3,4";"4";"4";"4";"4";"4";"4";"4";"4";"4";"4";"4";"3,4";"4,2";"2,33";"3,67";"2,33";"3,67";"2,33";"3,67";"2,33";"2,33";"3,8";"60";"1,0";"1";"3,0";"3,0";"3,0";"3,0";"3,0";"3,0";"3,0";"1,0";"1,0";"1,0";"4";"3";"3";"4";"3";"4";"3";"3";"3";"3";"2";"3";"3";"3";"3";"3";"3";"1";"1";"2";"2,28";"";"";"";"";"";"";"";"";"";"";"";"";"";"";"";"";"";"";"";"";"";"";"";"";"Gezondheid, Sport en Welzijn (GSW)";"Man";"22";"Amsterdam";"2";"1";"Mbo";"In een studentenhuis / met meerdere studenten samen"
"3";"4";"4";"3";"2";"3";"2";"3,8";"3,4";"3,8";"";"3";"3";"4";"3";"4";"";"4";"5";"5";"4";"3,0";"3,8";"3,67";"3,67";"1,0";"3,67";"3,67";"3,67";"3,67";"3,67";"3,6";"60";"1,0";"0";"3,0";"1,0";"1,0";"3,0";"3,0";"3,0";"5,0";"1,0";"1,0";"1,0";"5";"4";"3";"4";"4";"4";"4";"4";"3";"4";"3";"4";"4";"4";"4";"4";"2";"2";"1";"4";"1,64";"4";"4";"3";"3";"3";"4";"4";"4";"4";"4";"3";"3";"4";"4";"2";"4";"5";"4";"4";"5";"4";"3";"4";"4";"Creative Business (CB)";"Vrouw";"20";"Amsterdam";"2";"0";"Havo";"Bij mijn ouder(s)/verzorger(s)"
"4";"4";"3";"2";"4";"4";"1";"4,2";"3,8";"4,2";"2";"2";"2";"2";"2";"2";"2";"3";"2";"1";"4";"3,8";"3,4";"1,0";"2,33";"2,33";"5,0";"1,0";"3,67";"1,0";"1,0";"4,0";"60";"1,0";"0";"1,0";"1,0";"1,0";"3,0";"3,0";"3,0";"1,0";"1,0";"1,0";"1,0";"4";"4";"2";"4";"3";"4";"3";"4";"3";"3";"3";"2";"3";"3";"2";"3";"1";"2";"1";"1";"3,08";"2";"2";"2";"2";"2";"1";"4";"3";"1";"3";"2";"3";"5";"3";"3";"4";"1";"2";"4";"4";"3";"5";"4";"4";"Onderwijs en Innovatie (ONI)";"Vrouw";"32";"Haarlem";"2";"0";"Anders, namelijk (vul in):";"Anders"
"3";"3";"5";"4";"2";"2";"3";"3,8";"4,6";"3,4";"2";"4";"4";"4";"5";"4";"2";"2";"2";"";"4";"3,8";"3,8";"2,33";"2,33";"3,67";"2,33";"1,0";"2,33";"2,33";"2,33";"3,8";"60";"1,0";"0";"1,0";"1,0";"1,0";"3,0";"1,0";"3,0";"1,0";"1,0";"1,0";"1,0";"5";"4";"3";"5";"3";"3";"4";"3";"3";"3";"3";"4";"4";"3";"2";"1";"1";"1";"1";"3";"3,56";"";"";"";"";"";"";"";"";"";"";"";"";"";"";"";"";"";"";"";"";"";"";"";"";"Onderwijs en Innovatie (ONI)";"Vrouw";"22";"Haarlem";"2";"0";"Mbo";"Met mijn partner / een relatie"
"3";"3";"3";"5";"1";"5";"5";"2,6";"2,6";"2,6";"";"4";"";"4";"4";"4";"1";"3";"5";"2";"4";"2,6";"3,8";"3,67";"2,33";"2,33";"3,67";"2,33";"3,67";"1,0";"2,33";"3,4";"60";"1,8";"1";"3,0";"1,0";"1,0";"3,0";"3,0";"5,0";"1,0";"1,0";"1,0";"1,0";"4";"5";"2";"3";"3";"2";"3";"3";"2";"2";"4";"4";"3";"3";"3";"1";"1";"1";"1";"2";"1,0";"1";"1";"2";"1";"3";"1";"2";"2";"2";"3";"2";"2";"2";"3";"2";"4";"4";"3";"3";"4";"3";"4";"3";"3";"Gezondheid, Sport en Welzijn (GSW)";"Man";"22";"Amsterdam";"3";"0";"Mbo";"Bij mijn ouder(s)/verzorger(s)"
"4";"4";"4";"1";"1";"2";"1";"4,6";"3,4";"5,0";"2";"2";"";"3";"2";"2";"3";"1";"2";"2";"5";"4,2";"3,4";"1,0";"1,0";"2,33";"1,0";"1,0";"1,0";"1,0";"2,33";"4,0";"60";"1,0";"0";"1,0";"1,0";"1,0";"3,0";"1,0";"3,0";"1,0";"1,0";"1,0";"1,0";"4";"5";"1";"5";"5";"4";"5";"5";"4";"3";"4";"5";"3";"4";"4";"3";"2";"1";"1";"3";"2,2";"1";"1";"1";"3";"5";"3";"5";"3";"1";"4";"4";"2";"3";"2";"3";"4";"3";"5";"5";"5";"5";"5";"5";"5";"Gezondheid, Sport en Welzijn (GSW)";"Vrouw";"24";"Amsterdam";"4";"0";"Mbo";"Bij mijn ouder(s)/verzorger(s)"
"3";"4";"3";"3";"2";"2";"3";"4,2";"2,2";"3,4";"2";"3";"1";"2";"2";"3";"1";"2";"3";"1";"3";"4,2";"3,4";"2,33";"1,0";"1,0";"1,0";"2,33";"2,33";"1,0";"1,0";"3,92";"60";"1,0";"0";"1,0";"1,0";"1,0";"3,0";"1,0";"3,0";"5,0";"1,0";"1,0";"1,0";"3";"3";"2";"4";"4";"4";"4";"3";"4";"4";"3";"4";"3";"4";"3";"1";"2";"2";"1";"4";"1,0";"2";"4";"2";"2";"2";"2";"4";"3";"3";"5";"2";"1";"2";"4";"1";"3";"3";"4";"4";"4";"4";"4";"3";"3";"Agri, Food and Life Sciences (AFL)";"Man";"25";"Amsterdam";"4";"0";"Havo";"Alleen"
"3";"4";"4";"3";"3";"3";"2";"4,2";"3,8";"3,8";"2";"3";"2";"1";"1";"3";"4";"1";"2";"1";"3";"4,2";"3,8";"1,0";"2,33";"2,33";"2,33";"3,67";"2,33";"2,33";"2,33";"3,8";"60";"1,0";"0";"1,0";"1,0";"1,0";"3,0";"3,0";"3,0";"3,0";"3,0";"3,0";"3,0";"5";"5";"2";"5";"5";"4";"3";"2";"2";"2";"3";"4";"3";"3";"1";"1";"1";"1";"1";"4";"4,04";"3";"1";"2";"1";"1";"2";"4";"3";"1";"3";"4";"4";"4";"2";"3";"4";"4";"4";"3";"4";"4";"4";"3";"3";"Business, Finance and Law (BFL)";"Vrouw";"49";"Rotterdam";"4";"0";"Havo";"Met mijn partner / een relatie"
"3";"4";"3";"4";"4";"3";"3";"3,0";"4,6";"3,0";"2";"3";"2";"3";"4";"4";"3";"3";"4";"2";"4";"3,4";"4,2";"2,33";"3,67";"2,33";"3,67";"2,33";"2,33";"2,33";"2,33";"4,6";"60";"1,0";"0";"1,0";"1,0";"1,0";"5,0";"3,0";"5,0";"1,0";"1,0";"1,0";"1,0";"3";"2";"4";"3";"4";"4";"4";"4";"4";"3";"1";"5";"3";"2";"2";"1";"3";"3";"1";"3";"1,0";"4";"3";"4";"3";"3";"4";"5";"4";"3";"2";"4";"4";"5";"2";"4";"4";"4";"2";"4";"4";"4";"4";"4";"4";"Agri, Food and Life Sciences (AFL)";"Man";"23";"Amsterdam";"5 of hoger";"0";"Havo";"Bij mijn ouder(s)/verzorger(s)"
"2";"3";"3";"2";"2";"3";"4";"3,4";"3,4";"4,2";"2";"3";"3";"3";"3";"3";"3";"3";"4";"3";"4";"3,8";"3,4";"5,0";"2,33";"2,33";"3,67";"1,0";"3,67";"1,0";"2,33";"4,0";"59";"1,0";"0";"1,0";"1,0";"1,0";"1,0";"1,0";"1,0";"1,0";"1,0";"1,0";"1,0";"3";"3";"3";"3";"3";"3";"3";"3";"2";"3";"3";"3";"3";"3";"2";"1";"2";"2";"1";"1";"1,96";"";"";"";"";"";"";"";"";"";"";"";"";"";"";"";"";"";"";"";"";"";"";"";"";"Techniek, Ontwerpen en Informatica (TOI)";"Man";"25";"Amsterdam";"2";"0";"Havo";"Bij mijn ouder(s)/verzorger(s)"
"3";"3";"3";"4";"4";"3";"3";"3,4";"3,8";"3,8";"4";"3";"5";"4";"4";"4";"3";"4";"4";"4";"3";"3,8";"2,2";"2,33";"2,33";"2,33";"2,33";"1,0";"2,33";"2,33";"3,67";"3,32";"58";"2,6";"1";"3,0";"5,0";"5,0";"3,0";"1,0";"5,0";"1,0";"1,0";"1,0";"1,0";"3";"3";"4";"4";"4";"3";"3";"2";"4";"3";"3";"4";"3";"4";"2";"2";"3";"2";"1";"3";"1,72";"";"";"";"";"";"";"";"";"";"";"";"";"";"";"";"";"";"";"";"";"";"";"";"";"Gezondheid, Sport en Welzijn (GSW)";"Man";"20";"Alkmaar";"1";"0";"Mbo";"Met mijn partner / een relatie"
"3";"3";"3";"3";"3";"2";"2";"3,8";"2,6";"3,8";"2";"3";"3";"3";"5";"4";"4";"2";"3";"3";"3";"3,8";"3,8";"5,0";"3,67";"2,33";"3,67";"2,33";"3,67";"1,0";"2,33";"3,64";"58";"5,0";"0";"1,0";"1,0";"1,0";"3,0";"3,0";"3,0";"3,0";"3,0";"3,0";"3,0";"3";"3";"4";"3";"3";"2";"4";"4";"3";"3";"3";"2";"4";"4";"4";"4";"2";"3";"0";"";"4,52";"";"";"";"";"";"";"";"";"";"";"";"";"";"";"";"";"";"";"";"";"";"";"";"";"Agri, Food and Life Sciences (AFL)";"Vrouw";"23";"Rotterdam";"4";"0";"Mbo";"Bij mijn ouder(s)/verzorger(s)"
"2";"3";"4";"4";"4";"3";"3";"3,4";"4,2";"3,4";"2";"2";"1";"3";"4";"2";"4";"3";"2";"4";"3";"3,4";"4,6";"3,67";"3,67";"2,33";"3,67";"3,67";"3,67";"3,67";"2,33";"3,84";"56";"1,0";"0";"1,0";"1,0";"3,0";"3,0";"3,0";"5,0";"1,0";"1,0";"3,0";"3,0";"4";"3";"3";"3";"4";"4";"3";"3";"3";"3";"2";"5";"2";"3";"2";"1";"1";"1";"1";"4";"1,64";"";"";"";"";"";"";"";"";"";"";"";"";"";"";"";"";"";"";"";"";"";"";"";"";"Gezondheid, Sport en Welzijn (GSW)";"Vrouw";"21";"Haarlem";"1";"0";"Havo";"Bij mijn ouder(s)/verzorger(s)"
"3";"3";"3";"4";"3";"4";"3";"3,4";"3,8";"3,0";"3";"3";"3";"3";"4";"4";"2";"2";"2";"2";"4";"3,4";"3,8";"2,33";"3,67";"3,67";"3,67";"1,0";"3,67";"1,0";"2,33";"4,0";"52";"1,0";"1";"1,0";"1,0";"3,0";"3,0";"5,0";"5,0";"1,0";"1,0";"1,0";"1,0";"5";"4";"1";"3";"4";"4";"3";"2";"3";"3";"2";"4";"3";"4";"3";"4";"1";"1";"1";"1";"2,6";"3";"3";"3";"3";"3";"2";"5";"3";"5";"3";"4";"5";"4";"2";"3";"3";"3";"3";"4";"4";"4";"4";"4";"4";"Onderwijs en Innovatie (ONI)";"Vrouw";"23";"Alkmaar";"4";"0";"Mbo";"Met mijn partner / een relatie"
"2";"3";"3";"3";"4";"2";"4";"2,6";"3,8";"3,4";"2";"4";"4";"4";"4";"2";"4";"3";"3";"2";"3";"3,8";"3,4";"2,33";"3,67";"3,67";"3,67";"1,0";"3,67";"2,33";"3,67";"3,56";"51";"1,0";"1";"1,0";"1,0";"1,0";"3,0";"3,0";"5,0";"3,0";"3,0";"3,0";"3,0";"4";"2";"4";"4";"3";"4";"2";"2";"2";"3";"2";"4";"2";"2";"2";"2";"2";"2";"1";"2";"2,6";"4";"3";"3";"4";"2";"2";"4";"3";"4";"2";"4";"4";"4";"3";"3";"4";"3";"4";"4";"4";"3";"4";"4";"4";"Gezondheid, Sport en Welzijn (GSW)";"Vrouw";"21";"Haarlem";"1";"0";"Havo";"Met mijn partner / een relatie"
"3";"3";"4";"3";"2";"2";"3";"3,8";"3,4";"4,2";"2";"1";"2";"5";"5";"";"5";"2";"3";"4";"3";"3,4";"4,2";"3,67";"2,33";"2,33";"2,33";"1,0";"3,67";"1,0";"2,33";"3,0";"50";"1,0";"0";"5,0";"1,0";"3,0";"1,0";"3,0";"3,0";"1,0";"1,0";"1,0";"1,0";"5";"5";"3";"5";"4";"4";"5";"3";"4";"3";"1";"5";"1";"4";"2";"3";"2";"1";"1";"4";"2,6";"";"";"";"";"";"";"";"";"";"";"";"";"";"";"";"";"";"";"";"";"";"";"";"";"Creative Business (CB)";"Vrouw";"23";"Amsterdam";"1";"0";"Mbo";"Bij mijn ouder(s)/verzorger(s)"
"2";"3";"3";"3";"2";"3";"4";"3,4";"4,2";"3,0";"3";"1";"3";"5";"3";"4";"5";"3";"2";"4";"4";"4,2";"4,6";"2,33";"2,33";"1,0";"2,33";"1,0";"2,33";"2,33";"1,0";"3,8";"50";"2,6";"1";"1,0";"1,0";"1,0";"1,0";"3,0";"3,0";"3,0";"1,0";"1,0";"1,0";"4";"4";"2";"4";"3";"4";"3";"4";"3";"3";"3";"4";"3";"3";"3";"2";"2";"2";"1";"4";"";"";"";"";"";"";"";"";"";"";"";"";"";"";"";"";"";"";"";"";"";"";"";"";"";"Techniek, Ontwerpen en Informatica (TOI)";"Vrouw";"22";"Amsterdam";"2";"0";"Mbo";"Bij mijn ouder(s)/verzorger(s)"
"2";"3";"1";"3";"3";"3";"3";"3,8";"3,4";"3,4";"2";"3";"3";"3";"3";"3";"1";"2";"3";"3";"4";"3,8";"3,0";"2,33";"2,33";"2,33";"3,67";"2,33";"3,67";"2,33";"2,33";"3,96";"50";"1,0";"1";"1,0";"1,0";"1,0";"1,0";"1,0";"1,0";"1,0";"1,0";"1,0";"1,0";"3";"3";"3";"3";"3";"3";"3";"4";"5";"3";"3";"3";"2";"2";"3";"1";"1";"1";"1";"2";"3,16";"";"";"";"";"";"";"";"";"";"";"";"";"";"";"";"";"";"";"";"";"";"";"";"";"Gezondheid, Sport en Welzijn (GSW)";"Vrouw";"50";"Alkmaar";"2";"0";"Anders, namelijk (vul in):";"Met mijn partner / een relatie"
"3";"4";"4";"2";"3";"3";"3";"4,2";"2,2";"4,2";"2";"1";"1";"1";"2";"1";"3";"2";"1";"2";"4";"3,4";"4,2";"2,33";"1,0";"1,0";"2,33";"2,33";"2,33";"1,0";"1,0";"3,56";"50";"2,6";"0";"1,0";"1,0";"1,0";"3,0";"3,0";"3,0";"1,0";"1,0";"1,0";"1,0";"4";"4";"3";"3";"3";"3";"4";"3";"3";"2";"3";"4";"3";"4";"3";"1";"1";"1";"";"4";"";"";"";"";"";"";"";"";"";"";"";"";"";"";"";"";"";"";"";"";"";"";"";"";"";"Gezondheid, Sport en Welzijn (GSW)";"Man";"19";"Amsterdam";"1";"0";"Vwo";"Bij mijn ouder(s)/verzorger(s)"
"5";"5";"5";"1";"1";"1";"3";"5,0";"1,8";"4,2";"1";"2";"1";"1";"1";"2";"1";"1";"2";"1";"4";"4,2";"3,8";"1,0";"1,0";"2,33";"2,33";"1,0";"1,0";"1,0";"2,33";"3,8";"50";"1,0";"0";"1,0";"1,0";"1,0";"3,0";"5,0";"3,0";"1,0";"1,0";"1,0";"1,0";"5";"4";"1";"4";"5";"5";"4";"4";"4";"4";"3";"5";"3";"4";"3";"1";"1";"4";"1";"";"3,56";"";"";"";"";"";"";"";"";"";"";"";"";"";"";"";"";"";"";"";"";"";"";"";"";"Gezondheid, Sport en Welzijn (GSW)";"Vrouw";"44";"Alkmaar";"1";"0";"Mbo";"Met mijn partner / een relatie"
"1";"3";"2";"5";"5";"5";"5";"1,0";"4,2";"1,4";"5";"5";"5";"5";"5";"5";"5";"5";"5";"5";"2";"3,0";"3,8";"2,33";"5,0";"3,67";"2,33";"2,33";"2,33";"2,33";"5,0";"3,8";"50";"1,8";"1";"5,0";"1,0";"3,0";"3,0";"1,0";"3,0";"1,0";"1,0";"1,0";"1,0";"4";"3";"3";"4";"3";"4";"4";"4";"4";"3";"4";"4";"3";"2";"4";"1";"1";"1";"1";"3";"1,56";"4";"3";"4";"4";"5";"3";"3";"4";"2";"2";"5";"5";"5";"1";"5";"4";"3";"3";"1";"2";"2";"5";"1";"1";"Onderwijs en Innovatie (ONI)";"Vrouw";"21";"Alkmaar";"1";"0";"Anders, namelijk (vul in):";"Bij mijn ouder(s)/verzorger(s)"
"4";"3";"4";"3";"1";"3";"2";"3,8";"3,0";"3,4";"4";"2";"1";"1";"2";"3";"1";"1";"2";"2";"3";"3,4";"4,2";"2,33";"1,0";"1,0";"2,33";"2,33";"3,67";"2,33";"3,67";"3,48";"50";"1,8";"0";"3,0";"1,0";"3,0";"3,0";"3,0";"3,0";"3,0";"3,0";"3,0";"3,0";"4";"4";"3";"5";"2";"4";"4";"4";"5";"5";"5";"5";"5";"5";"3";"3";"4";"1";"1";"4";"1,64";"3";"4";"3";"1";"4";"2";"4";"2";"2";"4";"2";"2";"2";"3";"1";"3";"5";"4";"4";"5";"4";"5";"5";"5";"Gezondheid, Sport en Welzijn (GSW)";"Vrouw";"22";"Amsterdam";"2";"0";"Mbo";"Met mijn partner / een relatie"
"3";"3";"3";"2";"2";"2";"3";"3,4";"3,8";"3,4";"4";"4";"4";"5";"5";"4";"5";"4";"5";"4";"4";"3,8";"3,8";"2,33";"2,33";"2,33";"2,33";"1,0";"2,33";"2,33";"2,33";"3,44";"50";"1,0";"0";"1,0";"1,0";"1,0";"3,0";"3,0";"3,0";"3,0";"3,0";"3,0";"3,0";"3";"3";"4";"4";"4";"4";"4";"4";"4";"4";"3";"5";"2";"3";"3";"1";"1";"2";"1";"3";"1,8";"";"";"";"";"";"";"";"";"";"";"";"";"";"";"";"";"";"";"";"";"";"";"";"";"Creative Business (CB)";"Man";"29";"Amsterdam";"2";"0";"Havo";"Bij mijn ouder(s)/verzorger(s)"
"3";"4";"4";"2";"3";"3";"3";"4,2";"2,2";"3,8";"1";"1";"1";"1";"1";"1";"1";"1";"1";"1";"4";"5,0";"4,6";"1,0";"1,0";"1,0";"2,33";"1,0";"2,33";"1,0";"1,0";"3,92";"50";"1,0";"0";"1,0";"1,0";"1,0";"3,0";"3,0";"3,0";"3,0";"3,0";"3,0";"3,0";"3";"3";"3";"3";"3";"3";"4";"4";"4";"4";"4";"4";"4";"4";"3";"3";"3";"3";"1";"5";"2,36";"";"";"";"";"";"";"";"";"";"";"";"";"";"";"";"";"";"";"";"";"";"";"";"";"Techniek, Ontwerpen en Informatica (TOI)";"Vrouw";"19";"Amsterdam";"2";"0";"Havo";"Bij mijn ouder(s)/verzorger(s)"
"3";"3";"2";"3";"4";"3";"3";"5,0";"3,0";"3,0";"3";"4";"2";"3";"3";"4";"3";"4";"4";"4";"2";"2,2";"3,4";"3,67";"2,33";"2,33";"3,67";"2,33";"2,33";"3,67";"2,33";"2,56";"50";"2,6";"0";"3,0";"3,0";"3,0";"3,0";"3,0";"3,0";"5,0";"3,0";"5,0";"5,0";"3";"3";"1";"4";"3";"3";"3";"3";"2";"2";"4";"2";"3";"3";"3";"2";"4";"2";"1";"2";"3,16";"";"";"";"";"";"";"";"";"";"";"";"";"";"";"";"";"";"";"";"";"";"";"";"";"Creative Business (CB)";"Vrouw";"22";"Amsterdam";"3";"0";"Mbo";"Bij mijn ouder(s)/verzorger(s)"
"3";"5";"4";"1";"1";"1";"1";"5,0";"2,6";"4,2";"";"3";"";"";"4";"3";"";"2";"2";"1";"4";"4,2";"4,2";"1,0";"1,0";"3,67";"1,0";"1,0";"1,0";"1,0";"2,33";"3,8";"50";"1,0";"0";"1,0";"1,0";"1,0";"3,0";"3,0";"1,0";"1,0";"1,0";"1,0";"1,0";"4";"4";"2";"5";"5";"5";"3";"3";"3";"3";"5";"5";"3";"3";"2";"1";"1";"1";"1";"2";"2,6";"2";"2";"2";"2";"1";"2";"4";"2";"1";"4";"2";"3";"4";"2";"3";"4";"5";"4";"4";"4";"3";"5";"4";"4";"Gezondheid, Sport en Welzijn (GSW)";"Vrouw";"40";"Rotterdam";"3";"0";"Mbo";"Met mijn partner / een relatie"
"4";"3";"3";"4";"3";"3";"4";"3,0";"3,0";"3,0";"3";"3";"3";"3";"2";"2";"2";"";"";"4";"4";"2,2";"3,0";"1,0";"3,67";"5,0";"3,67";"1,0";"2,33";"2,33";"3,67";"2,72";"50";"5,0";"1";"1,0";"3,0";"1,0";"5,0";"5,0";"5,0";"5,0";"1,0";"1,0";"1,0";"2";"3";"1";"1";"2";"3";"3";"3";"3";"2";"3";"3";"3";"3";"4";"2";"1";"3";"1";"5";"5,0";"2";"2";"4";"3";"3";"5";"5";"3";"5";"3";"3";"3";"3";"3";"4";"3";"3";"3";"3";"3";"4";"3";"5";"3";"Business, Finance and Law (BFL)";"Vrouw";"21";"Amsterdam";"1";"1";"Mbo";"Bij mijn ouder(s)/verzorger(s)"
"3";"5";"4";"3";"3";"3";"4";"3,8";"3,4";"4,6";"4";"5";"5";"4";"5";"4";"5";"4";"3";"5";"3";"4,2";"3,8";"1,0";"2,33";"2,33";"1,0";"1,0";"1,0";"2,33";"3,67";"3,96";"48";"1,8";"0";"1,0";"1,0";"1,0";"1,0";"1,0";"5,0";"1,0";"1,0";"1,0";"1,0";"4";"3";"4";"5";"5";"5";"4";"3";"4";"4";"3";"4";"3";"3";"1";"1";"1";"1";"1";"4";"1,64";"2";"1";"4";"2";"5";"2";"4";"3";"2";"3";"4";"4";"4";"3";"3";"4";"5";"4";"3";"4";"4";"3";"4";"4";"Business, Finance and Law (BFL)";"Vrouw";"20";"Rotterdam";"1";"0";"Havo";"Bij mijn ouder(s)/verzorger(s)"
"2";"2";"2";"3";"2";"3";"3";"3,8";"3,4";"3,4";"3";"2";"2";"3";"3";"4";"2";"4";"3";"3";"4";"3,8";"4,2";"2,33";"3,67";"3,67";"2,33";"2,33";"2,33";"2,33";"3,67";"3,6";"48";"1,0";"0";"1,0";"1,0";"1,0";"3,0";"5,0";"5,0";"1,0";"1,0";"1,0";"1,0";"2";"2";"1";"2";"3";"3";"3";"3";"4";"3";"3";"4";"3";"4";"2";"2";"2";"1";"";"2";"2,6";"2";"3";"3";"4";"4";"2";"4";"3";"3";"3";"2";"3";"2";"4";"3";"2";"3";"4";"4";"4";"4";"4";"4";"4";"Gezondheid, Sport en Welzijn (GSW)";"Man";"24";"Alkmaar";"1";"0";"Mbo";"Alleen"
"3";"4";"4";"3";"3";"3";"3";"4,2";"3,0";"4,2";"3";"3";"3";"4";"4";"5";"1";"2";"3";"5";"4";"3,8";"3,4";"2,33";"2,33";"3,67";"3,67";"2,33";"2,33";"2,33";"3,67";"3,8";"46";"1,0";"0";"1,0";"1,0";"1,0";"3,0";"1,0";"5,0";"3,0";"3,0";"3,0";"3,0";"5";"4";"3";"3";"5";"5";"4";"4";"4";"4";"3";"5";"3";"4";"4";"5";"5";"3";"1";"3";"1,08";"1";"3";"2";"3";"4";"2";"5";"3";"3";"2";"4";"4";"5";"3";"4";"4";"4";"5";"3";"3";"4";"5";"5";"3";"Gezondheid, Sport en Welzijn (GSW)";"Vrouw";"20";"Alkmaar";"1";"0";"Mbo";"Bij mijn ouder(s)/verzorger(s)"
"4";"4";"4";"3";"2";"3";"2";"4,6";"3,0";"4,2";"2";"4";"1";"2";"1";"2";"1";"3";"2";"1";"5";"4,6";"5,0";"1,0";"1,0";"2,33";"1,0";"1,0";"1,0";"1,0";"2,33";"4,32";"46";"1,0";"0";"1,0";"1,0";"1,0";"3,0";"3,0";"3,0";"3,0";"3,0";"1,0";"1,0";"4";"5";"2";"5";"5";"5";"4";"4";"4";"3";"4";"4";"3";"4";"2";"1";"1";"1";"1";"3";"2,28";"";"";"";"";"";"";"";"";"";"";"";"";"";"";"";"";"";"";"";"";"";"";"";"";"Onderwijs en Innovatie (ONI)";"Man";"37";"Haarlem";"1";"0";"Anders, namelijk (vul in):";"Met mijn partner / een relatie"
"3";"4";"3";"3";"3";"3";"1";"4,2";"4,2";"3,4";"";"4";"3";"4";"5";"3";"3";"3";"";"";"4";"4,2";"4,2";"1,0";"1,0";"1,0";"2,33";"1,0";"2,33";"2,33";"1,0";"4,4";"46";"3,4";"0";"5,0";"1,0";"3,0";"5,0";"1,0";"5,0";"1,0";"1,0";"1,0";"1,0";"4";"4";"4";"5";"4";"4";"3";"3";"3";"2";"4";"5";"4";"4";"2";"1";"1";"1";"1";"2";"2,28";"4";"1";"3";"1";"1";"1";"4";"3";"3";"3";"3";"3";"4";"2";"4";"4";"3";"4";"4";"4";"4";"4";"2";"3";"Onderwijs en Innovatie (ONI)";"Vrouw";"38";"Haarlem";"2";"0";"Anders, namelijk (vul in):";"Met mijn partner / een relatie"
"3";"4";"2";"3";"2";"1";"1";"3,8";"3,4";"3,8";"";"3";"";"3";"3";"3";"4";"3";"2";"";"4";"4,2";"4,2";"1,0";"1,0";"2,33";"2,33";"2,33";"2,33";"1,0";"1,0";"3,76";"46";"2,6";"0";"1,0";"5,0";"1,0";"5,0";"3,0";"3,0";"1,0";"1,0";"1,0";"3,0";"4";"3";"4";"4";"4";"4";"4";"4";"4";"2";"3";"2";"2";"4";"3";"1";"2";"1";"1";"3";"1,8";"3";"2";"4";"4";"2";"3";"4";"3";"3";"2";"4";"4";"4";"3";"3";"3";"4";"3";"3";"4";"4";"4";"3";"3";"Onderwijs en Innovatie (ONI)";"Man";"44";"Den Haag";"2";"0";"Anders, namelijk (vul in):";"Met een of enkele huisgenoten / vrienden (geen relatie)"
"3";"4";"4";"3";"2";"3";"3";"3,8";"3,4";"4,2";"4";"4";"2";"3";"4";"3";"2";"2";"4";"4";"4";"3,4";"4,2";"2,33";"5,0";"1,0";"2,33";"1,0";"3,67";"2,33";"5,0";"3,92";"45";"1,0";"0";"1,0";"1,0";"1,0";"1,0";"3,0";"3,0";"1,0";"1,0";"3,0";"1,0";"4";"5";"2";"4";"5";"4";"4";"5";"5";"5";"4";"5";"4";"4";"1";"1";"1";"1";"1";"5";"1,48";"2";"2";"2";"2";"2";"2";"4";"4";"4";"3";"4";"4";"4";"3";"4";"4";"3";"4";"3";"4";"4";"5";"5";"4";"Gezondheid, Sport en Welzijn (GSW)";"Vrouw";"20";"Amsterdam";"1";"0";"Mbo";"Bij mijn ouder(s)/verzorger(s)"
"2";"4";"4";"3";"1";"3";"2";"4,2";"3,8";"3,4";"3";"1";"3";"5";"5";"3";"";"2";"2";"3";"4";"4,6";"4,2";"2,33";"2,33";"3,67";"2,33";"1,0";"1,0";"2,33";"2,33";"4,2";"45";"1,0";"1";"1,0";"1,0";"1,0";"1,0";"1,0";"1,0";"1,0";"1,0";"1,0";"1,0";"4";"4";"3";"5";"4";"4";"4";"4";"4";"4";"3";"4";"4";"3";"3";"2";"2";"2";"";"5";"3,4";"";"";"";"";"";"";"";"";"";"";"";"";"";"";"";"";"";"";"";"";"";"";"";"";"Gezondheid, Sport en Welzijn (GSW)";"Vrouw";"20";"Amsterdam";"1";"0";"Mbo";"Bij mijn ouder(s)/verzorger(s)"
"3";"4";"4";"4";"2";"3";"2";"3,4";"3,4";"3,8";"2";"2";"2";"2";"";"3";"";"3";"1";"2";"4";"3,8";"4,6";"2,33";"5,0";"1,0";"2,33";"2,33";"2,33";"2,33";"3,67";"3,88";"45";"1,0";"0";"3,0";"1,0";"1,0";"1,0";"1,0";"1,0";"1,0";"1,0";"1,0";"1,0";"3";"4";"3";"3";"4";"4";"4";"5";"5";"3";"4";"5";"4";"5";"4";"1";"1";"3";"1";"5";"1,32";"1";"3";"3";"2";"3";"3";"3";"2";"4";"3";"4";"3";"2";"2";"4";"3";"1";"5";"5";"5";"4";"5";"5";"5";"Agri, Food and Life Sciences (AFL)";"Vrouw";"19";"Amsterdam";"1";"0";"Vwo";"Bij mijn ouder(s)/verzorger(s)"
"3";"3";"3";"3";"2";"4";"4";"3,4";"3,0";"3,0";"2";"2";"2";"3";"4";"3";"2";"3";"3";"3";"3";"3,0";"3,8";"2,33";"3,67";"1,0";"3,67";"2,33";"3,67";"2,33";"2,33";"4,0";"45";"1,0";"0";"1,0";"1,0";"1,0";"1,0";"1,0";"1,0";"1,0";"1,0";"1,0";"1,0";"3";"3";"3";"4";"3";"3";"3";"2";"3";"3";"2";"4";"2";"2";"2";"1";"1";"1";"";"2";"1,0";"";"";"";"";"";"";"";"";"";"";"";"";"";"";"";"";"";"";"";"";"";"";"";"";"Agri, Food and Life Sciences (AFL)";"Vrouw";"18";"Amsterdam";"1";"0";"Havo";"Bij mijn ouder(s)/verzorger(s)"
"1";"3";"2";"5";"5";"5";"4";"1,8";"4,6";"1,8";"2";"4";"2";"4";"4";"3";"4";"3";"3";"3";"2";"1,8";"1,8";"3,67";"5,0";"2,33";"5,0";"1,0";"5,0";"3,67";"5,0";"3,68";"45";"1,8";"0";"5,0";"1,0";"3,0";"1,0";"1,0";"5,0";"1,0";"1,0";"1,0";"1,0";"3";"4";"4";"4";"2";"2";"3";"2";"3";"1";"2";"3";"2";"2";"1";"1";"1";"1";"1";"2";"1,0";"";"";"";"";"";"";"";"";"";"";"";"";"";"";"";"";"";"";"";"";"";"";"";"";"Agri, Food and Life Sciences (AFL)";"Vrouw";"26";"Amsterdam";"1";"0";"Havo";"Bij mijn ouder(s)/verzorger(s)"
"4";"5";"5";"1";"3";"4";"2";"4,6";"2,6";"4,6";"2";"2";"3";"4";"4";"2";"1";"2";"3";"1";"4";"3,0";"4,2";"2,33";"1,0";"3,67";"2,33";"3,67";"3,67";"1,0";"2,33";"4,0";"45";"1,0";"0";"1,0";"1,0";"1,0";"1,0";"1,0";"3,0";"1,0";"3,0";"3,0";"1,0";"4";"4";"2";"4";"5";"4";"4";"2";"3";"4";"3";"5";"3";"4";"4";"5";"3";"3";"1";"3";"2,6";"";"";"";"";"";"";"";"";"";"";"";"";"";"";"";"";"";"";"";"";"";"";"";"";"Techniek, Ontwerpen en Informatica (TOI)";"Man";"20";"Alkmaar";"1";"0";"Havo";"Bij mijn ouder(s)/verzorger(s)"
"3";"4";"3";"2";"3";"4";"2";"3,8";"3,0";"3,4";"3";"2";"2";"2";"3";"1";"2";"1";"1";"2";"4";"3,8";"4,2";"2,33";"3,67";"3,67";"2,33";"1,0";"2,33";"2,33";"2,33";"4,0";"45";"1,0";"0";"3,0";"3,0";"1,0";"1,0";"1,0";"1,0";"1,0";"1,0";"1,0";"1,0";"4";"5";"2";"4";"4";"4";"4";"4";"4";"4";"4";"4";"4";"4";"4";"3";"1";"1";"1";"2";"2,84";"";"";"";"";"";"";"";"";"";"";"";"";"";"";"";"";"";"";"";"";"";"";"";"";"Business, Finance and Law (BFL)";"Man";"22";"Alkmaar";"1";"0";"Mbo";"Bij mijn ouder(s)/verzorger(s)"
"4";"4";"2";"4";"5";"5";"3";"4,6";"4,6";"2,6";"5";"2";"5";"5";"5";"4";"5";"5";"5";"5";"4";"3,8";"3,8";"2,33";"3,67";"3,67";"2,33";"3,67";"3,67";"2,33";"1,0";"3,84";"45";"1,0";"0";"5,0";"3,0";"1,0";"1,0";"1,0";"1,0";"1,0";"1,0";"1,0";"1,0";"5";"5";"3";"5";"1";"2";"5";"5";"5";"5";"1";"5";"1";"4";"4";"1";"5";"1";"1";"4";"3,24";"4";"4";"4";"4";"4";"5";"5";"4";"2";"4";"2";"2";"3";"4";"3";"3";"3";"4";"5";"5";"4";"5";"3";"3";"Techniek, Ontwerpen en Informatica (TOI)";"Man";"23";"Haarlem";"1";"0";"Mbo";"Bij mijn ouder(s)/verzorger(s)"
"1";"3";"3";"2";"3";"2";"4";"4,2";"2,6";"3,4";"2";"4";"2";"2";"4";"1";"4";"5";"2";"1";"3";"3,8";"3,4";"1,0";"2,33";"1,0";"1,0";"1,0";"2,33";"2,33";"3,67";"4,0";"45";"1,0";"0";"1,0";"3,0";"1,0";"1,0";"3,0";"5,0";"1,0";"3,0";"1,0";"3,0";"3";"2";"3";"5";"4";"3";"2";"4";"3";"2";"5";"1";"3";"3";"2";"2";"2";"4";"";"2";"1,0";"";"";"";"";"";"";"";"";"";"";"";"";"";"";"";"";"";"";"";"";"";"";"";"";"Business, Finance and Law (BFL)";"Anders";"21";"Rotterdam";"1";"0";"Havo";"Bij mijn ouder(s)/verzorger(s)"
"2";"3";"3";"2";"3";"4";"2";"2,2";"3,8";"3,4";"3";"4";"4";"3";"1";"4";"3";"";"3";"3";"5";"3,4";"3,4";"2,33";"5,0";"3,67";"3,67";"2,33";"3,67";"2,33";"3,67";"4,04";"45";"1,0";"1";"3,0";"1,0";"3,0";"1,0";"1,0";"5,0";"1,0";"1,0";"1,0";"1,0";"4";"5";"2";"2";"2";"2";"3";"2";"3";"4";"2";"4";"4";"4";"2";"5";"2";"1";"0";"3";"1,8";"";"";"";"";"";"";"";"";"";"";"";"";"";"";"";"";"";"";"";"";"";"";"";"";"Business, Finance and Law (BFL)";"Man";"20";"Rotterdam";"1";"0";"Mbo";"Bij mijn ouder(s)/verzorger(s)"
"4";"4";"2";"3";"2";"2";"1";"4,2";"2,2";"5,0";"4";"3";"2";"2";"3";"2";"2";"1";"2";"2";"3";"4,2";"3,4";"1,0";"2,33";"2,33";"2,33";"2,33";"2,33";"1,0";"1,0";"4,0";"45";"1,0";"0";"1,0";"1,0";"1,0";"1,0";"1,0";"1,0";"1,0";"1,0";"1,0";"1,0";"3";"4";"2";"3";"4";"5";"4";"3";"4";"3";"4";"4";"2";"3";"2";"2";"1";"2";"1";"4";"1,8";"";"";"";"";"";"";"";"";"";"";"";"";"";"";"";"";"";"";"";"";"";"";"";"";"Business, Finance and Law (BFL)";"Vrouw";"19";"Rotterdam";"1";"0";"Havo";"Bij mijn ouder(s)/verzorger(s)"
"4";"4";"4";"2";"2";"2";"2";"4,2";"2,2";"4,2";"2";"2";"2";"3";"3";"3";"3";"4";"2";"1";"4";"4,2";"4,2";"1,0";"2,33";"2,33";"1,0";"1,0";"1,0";"2,33";"2,33";"3,76";"45";"1,0";"0";"1,0";"1,0";"1,0";"1,0";"1,0";"1,0";"3,0";"1,0";"5,0";"1,0";"4";"4";"2";"4";"5";"5";"5";"4";"4";"5";"4";"4";"4";"3";"3";"4";"4";"4";"1";"4";"3,16";"";"";"";"";"";"";"";"";"";"";"";"";"";"";"";"";"";"";"";"";"";"";"";"";"Creative Business (CB)";"Vrouw";"23";"Rotterdam";"2";"0";"Anders, namelijk (vul in):";"Bij mijn ouder(s)/verzorger(s)"
"3";"3";"3";"4";"4";"5";"2";"2,2";"3,4";"3,8";"1";"1";"1";"5";"1";"1";"1";"1";"5";"5";"4";"4,2";"4,2";"2,33";"2,33";"2,33";"2,33";"2,33";"3,67";"2,33";"2,33";"4,72";"45";"1,0";"0";"1,0";"1,0";"1,0";"1,0";"1,0";"1,0";"1,0";"1,0";"1,0";"1,0";"4";"4";"3";"3";"5";"5";"5";"5";"5";"5";"5";"5";"5";"5";"5";"5";"5";"5";"1";"3";"1,64";"";"";"";"";"";"";"";"";"";"";"";"";"";"";"";"";"";"";"";"";"";"";"";"";"Techniek, Ontwerpen en Informatica (TOI)";"Man";"19";"Alkmaar";"3";"0";"Havo";"Bij mijn ouder(s)/verzorger(s)"
"3";"3";"3";"3";"3";"2";"2";"2,6";"4,2";"2,6";"1";"1";"2";"1";"1";"3";"1";"2";"3";"1";"3";"3,8";"4,2";"1,0";"1,0";"2,33";"2,33";"1,0";"2,33";"1,0";"2,33";"3,8";"45";"1,8";"0";"1,0";"1,0";"1,0";"1,0";"1,0";"1,0";"1,0";"1,0";"1,0";"1,0";"4";"5";"3";"4";"4";"4";"3";"4";"4";"2";"3";"4";"3";"4";"2";"1";"1";"1";"1";"3";"2,28";"2";"4";"1";"4";"4";"1";"4";"2";"2";"3";"3";"3";"4";"3";"2";"2";"5";"4";"4";"4";"4";"4";"2";"3";"Onderwijs en Innovatie (ONI)";"Man";"25";"Haarlem";"3";"0";"Vwo";"Bij mijn ouder(s)/verzorger(s)"
"3";"3";"4";"3";"3";"3";"3";"3,8";"3,0";"3,8";"3";"3";"2";"2";"3";"3";"3";"3";"3";"3";"3";"3,8";"3,8";"1,0";"2,33";"1,0";"3,67";"1,0";"3,67";"1,0";"1,0";"3,96";"45";"1,0";"0";"1,0";"3,0";"1,0";"1,0";"1,0";"1,0";"1,0";"1,0";"1,0";"1,0";"3";"3";"4";"3";"3";"3";"3";"3";"3";"3";"3";"3";"3";"3";"3";"3";"3";"3";"1";"1";"3,08";"3";"2";"4";"3";"2";"3";"4";"3";"3";"3";"4";"4";"4";"2";"4";"4";"4";"2";"2";"4";"3";"4";"3";"3";"Techniek, Ontwerpen en Informatica (TOI)";"Man";"23";"Delft";"3";"1";"Ik heb een buitenlandse vooropleiding afgerond (bv. A-levels)";"Alleen"
"3";"3";"3";"4";"4";"5";"3";"3,8";"4,2";"3,4";"5";"2";"5";"";"";"";"";"4";"5";"3";"4";"3,4";"3,8";"2,33";"5,0";"3,67";"3,67";"2,33";"3,67";"2,33";"5,0";"4,2";"45";"1,0";"0";"1,0";"1,0";"3,0";"1,0";"1,0";"5,0";"1,0";"1,0";"1,0";"1,0";"4";"4";"3";"5";"4";"3";"2";"2";"3";"1";"3";"4";"2";"4";"4";"2";"3";"1";"0";"2";"1,8";"2";"4";"4";"5";"4";"1";"5";"4";"4";"2";"4";"5";"5";"2";"4";"3";"3";"2";"3";"2";"2";"4";"4";"4";"Gezondheid, Sport en Welzijn (GSW)";"Vrouw";"26";"Amsterdam";"4";"0";"Vwo";"Met mijn partner / een relatie"
"3";"4";"4";"3";"3";"3";"2";"4,2";"3,8";"3,8";"2";"4";"2";"5";"4";"4";"1";"4";"4";"1";"4";"3,8";"4,2";"2,33";"2,33";"2,33";"2,33";"2,33";"2,33";"2,33";"2,33";"3,8";"45";"3,4";"1";"3,0";"1,0";"3,0";"1,0";"1,0";"3,0";"1,0";"1,0";"1,0";"1,0";"4";"4";"1";"4";"4";"4";"4";"4";"4";"4";"4";"4";"4";"4";"3";"2";"2";"3";"1";"4";"";"3";"3";"3";"4";"1";"3";"4";"4";"3";"2";"3";"4";"4";"2";"3";"4";"4";"4";"4";"4";"4";"4";"4";"4";"Verloskunde Academie";"Vrouw";"26";"Groningen (Verloskunde Academie)";"4";"0";"Anders, namelijk (vul in):";"Met mijn partner / een relatie"
"3";"4";"4";"2";"3";"2";"4";"3,8";"3,0";"3,8";"2";"2";"";"2";"2";"2";"2";"2";"3";"3";"3";"3,8";"4,2";"2,33";"2,33";"1,0";"2,33";"2,33";"2,33";"2,33";"2,33";"4,32";"45";"1,0";"0";"1,0";"1,0";"3,0";"3,0";"1,0";"3,0";"1,0";"1,0";"1,0";"1,0";"4";"5";"2";"4";"4";"4";"4";"4";"4";"4";"4";"4";"4";"4";"3";"1";"1";"1";"1";"5";"1,8";"3";"3";"3";"2";"2";"2";"3";"2";"2";"3";"3";"4";"3";"2";"2";"4";"2";"4";"4";"4";"4";"4";"4";"3";"Gezondheid, Sport en Welzijn (GSW)";"Vrouw";"20";"Amsterdam";"1";"0";"Mbo";"Bij mijn ouder(s)/verzorger(s)"
"3";"4";"3";"2";"3";"3";"4";"4,2";"3,4";"3,8";"2";"2";"2";"3";"4";"4";"5";"2";"3";"2";"4";"4,2";"3,4";"2,33";"3,67";"2,33";"2,33";"1,0";"3,67";"2,33";"2,33";"4,08";"45";"1,0";"0";"1,0";"1,0";"5,0";"3,0";"3,0";"3,0";"3,0";"1,0";"1,0";"1,0";"4";"4";"3";"4";"5";"5";"4";"4";"4";"5";"2";"4";"3";"3";"1";"1";"3";"4";"1";"5";"2,6";"3";"2";"3";"4";"4";"4";"5";"4";"3";"4";"2";"2";"4";"4";"3";"4";"3";"4";"3";"4";"2";"3";"3";"3";"Agri, Food and Life Sciences (AFL)";"Vrouw";"19";"Amsterdam";"1";"0";"Havo";"Bij mijn ouder(s)/verzorger(s)"
"3";"4";"4";"3";"2";"2";"2";"4,2";"2,2";"4,2";"4";"4";"4";"3";"4";"3";"3";"3";"3";"4";"4";"3,8";"3,4";"1,0";"1,0";"2,33";"2,33";"1,0";"2,33";"2,33";"1,0";"4,0";"45";"1,0";"0";"1,0";"1,0";"1,0";"3,0";"3,0";"3,0";"1,0";"1,0";"1,0";"1,0";"4";"5";"2";"4";"4";"4";"4";"4";"4";"4";"3";"5";"4";"4";"3";"1";"1";"2";"1";"4";"1,8";"2";"2";"4";"2";"2";"2";"4";"4";"4";"3";"4";"4";"4";"4";"4";"4";"4";"4";"4";"4";"3";"3";"3";"3";"Gezondheid, Sport en Welzijn (GSW)";"Vrouw";"20";"Amsterdam";"1";"0";"Mbo";"Bij mijn ouder(s)/verzorger(s)"
"3";"5";"4";"3";"4";"4";"2";"4,2";"2,2";"4,2";"4";"1";"1";"1";"2";"2";"2";"2";"2";"3";"3";"4,6";"3,8";"1,0";"2,33";"1,0";"2,33";"1,0";"1,0";"1,0";"2,33";"3,8";"45";"1,0";"0";"1,0";"1,0";"1,0";"3,0";"1,0";"5,0";"3,0";"1,0";"1,0";"1,0";"4";"4";"3";"4";"5";"5";"5";"5";"5";"4";"2";"4";"3";"3";"1";"1";"1";"1";"1";"2";"";"2";"2";"2";"2";"3";"3";"4";"3";"4";"3";"3";"3";"3";"3";"3";"";"";"";"";"";"";"";"";"";"Agri, Food and Life Sciences (AFL)";"Man";"21";"Amsterdam";"1";"0";"Havo";"Bij mijn ouder(s)/verzorger(s)"
"2";"3";"4";"2";"2";"3";"3";"4,2";"3,0";"3,8";"3";"2";"3";"3";"3";"3";"3";"3";"3";"3";"3";"3,8";"4,2";"2,33";"1,0";"1,0";"3,67";"2,33";"2,33";"2,33";"2,33";"3,8";"45";"1,8";"0";"1,0";"1,0";"1,0";"3,0";"5,0";"3,0";"3,0";"1,0";"1,0";"1,0";"4";"5";"2";"4";"4";"5";"4";"5";"3";"3";"4";"5";"4";"4";"4";"4";"4";"4";"1";"5";"1,8";"";"";"";"";"";"";"";"";"";"";"";"";"";"";"";"";"";"";"";"";"";"";"";"";"Gezondheid, Sport en Welzijn (GSW)";"Vrouw";"22";"Amsterdam";"1";"0";"Mbo";"Alleen"
"3";"3";"3";"2";"2";"2";"3";"4,2";"3,0";"3,8";"2";"2";"3";"2";"3";"2";"2";"2";"4";"3";"4";"4,2";"3,4";"2,33";"1,0";"2,33";"2,33";"1,0";"2,33";"1,0";"1,0";"3,92";"45";"1,0";"0";"1,0";"1,0";"1,0";"3,0";"1,0";"3,0";"1,0";"1,0";"1,0";"1,0";"3";"4";"3";"5";"4";"5";"4";"5";"5";"5";"3";"5";"3";"4";"2";"2";"1";"1";"1";"4";"1,96";"";"";"";"";"";"";"";"";"";"";"";"";"";"";"";"";"";"";"";"";"";"";"";"";"Gezondheid, Sport en Welzijn (GSW)";"Vrouw";"18";"Amsterdam";"1";"0";"Havo";"Bij mijn ouder(s)/verzorger(s)"
"3";"3";"3";"4";"5";"4";"4";"3,4";"5,0";"3,0";"3";"5";"4";"3";"4";"4";"5";"3";"5";"5";"3";"3,0";"3,8";"3,67";"3,67";"3,67";"3,67";"1,0";"3,67";"3,67";"3,67";"4,36";"45";"1,8";"1";"1,0";"1,0";"3,0";"3,0";"5,0";"5,0";"3,0";"1,0";"1,0";"1,0";"4";"4";"4";"3";"3";"4";"3";"4";"4";"4";"4";"4";"3";"2";"1";"1";"1";"1";"1";"4";"1,96";"";"";"";"";"";"";"";"";"";"";"";"";"";"";"";"";"";"";"";"";"";"";"";"";"Agri, Food and Life Sciences (AFL)";"Vrouw";"18";"Amsterdam";"1";"0";"Havo";"Bij mijn ouder(s)/verzorger(s)"
"2";"3";"3";"2";"2";"1";"3";"3,8";"2,6";"3,0";"4";"2";"2";"2";"3";"4";"1";"4";"5";"3";"4";"3,4";"3,4";"2,33";"2,33";"1,0";"2,33";"2,33";"2,33";"2,33";"2,33";"3,8";"45";"1,0";"1";"1,0";"1,0";"1,0";"3,0";"3,0";"3,0";"3,0";"1,0";"3,0";"1,0";"3";"5";"2";"4";"4";"4";"4";"3";"4";"4";"4";"4";"4";"4";"3";"5";"1";"2";"";"3";"2,28";"2";"2";"3";"3";"4";"3";"2";"2";"2";"3";"2";"2";"2";"4";"2";"3";"2";"5";"4";"4";"4";"4";"2";"3";"Business, Finance and Law (BFL)";"Man";"23";"Alkmaar";"1";"0";"Havo";"Bij mijn ouder(s)/verzorger(s)"
"2";"4";"4";"3";"3";"3";"3";"3,8";"4,2";"3,8";"3";"1";"2";"3";"5";"3";"2";"3";"3";"4";"4";"3,4";"4,2";"1,0";"2,33";"3,67";"1,0";"1,0";"2,33";"2,33";"2,33";"4,08";"45";"1,0";"0";"3,0";"1,0";"3,0";"3,0";"1,0";"5,0";"1,0";"1,0";"5,0";"1,0";"4";"4";"3";"4";"4";"3";"4";"3";"3";"4";"5";"5";"4";"5";"4";"5";"3";"2";"1";"2";"2,36";"4";"3";"3";"4";"3";"4";"5";"4";"4";"2";"5";"4";"4";"1";"4";"4";"4";"4";"4";"5";"5";"4";"4";"5";"Business, Finance and Law (BFL)";"Vrouw";"17";"Alkmaar";"1";"0";"Havo";"Bij mijn ouder(s)/verzorger(s)"
"3";"4";"4";"2";"1";"2";"2";"4,6";"2,6";"4,2";"2";"1";"2";"1";"1";"1";"1";"2";"2";"1";"4";"4,2";"3,4";"1,0";"1,0";"2,33";"2,33";"1,0";"1,0";"1,0";"3,67";"4,24";"45";"1,0";"0";"1,0";"1,0";"1,0";"3,0";"3,0";"3,0";"1,0";"3,0";"1,0";"1,0";"4";"5";"2";"5";"4";"4";"4";"4";"5";"4";"3";"4";"3";"3";"2";"2";"1";"1";"1";"5";"3,8";"";"";"";"";"";"";"";"";"";"";"";"";"";"";"";"";"";"";"";"";"";"";"";"";"Techniek, Ontwerpen en Informatica (TOI)";"Man";"18";"Alkmaar";"1";"0";"Havo";"Bij mijn ouder(s)/verzorger(s)"
"3";"4";"4";"2";"2";"3";"2";"4,2";"3,4";"3,8";"4";"4";"3";"5";"3";"4";"3";"3";"4";"2";"4";"3,8";"3,4";"2,33";"2,33";"1,0";"2,33";"2,33";"2,33";"2,33";"1,0";"3,84";"45";"1,0";"0";"1,0";"1,0";"1,0";"3,0";"3,0";"3,0";"1,0";"3,0";"3,0";"1,0";"3";"4";"2";"4";"4";"4";"4";"3";"4";"4";"3";"4";"3";"4";"4";"4";"4";"4";"1";"4";"3,56";"2";"2";"3";"2";"3";"3";"4";"3";"3";"3";"4";"3";"3";"4";"3";"4";"4";"4";"4";"4";"3";"4";"3";"4";"Techniek, Ontwerpen en Informatica (TOI)";"Vrouw";"20";"Alkmaar";"1";"0";"Mbo";"Bij mijn ouder(s)/verzorger(s)"
"3";"3";"3";"3";"2";"1";"3";"3,8";"3,0";"3,4";"1";"3";"2";"2";"2";"2";"2";"3";"4";"3";"4";"3,8";"3,4";"2,33";"2,33";"3,67";"2,33";"1,0";"2,33";"2,33";"2,33";"3,8";"45";"1,0";"1";"1,0";"1,0";"1,0";"3,0";"3,0";"3,0";"3,0";"3,0";"3,0";"3,0";"3";"4";"3";"4";"4";"4";"2";"3";"3";"4";"4";"5";"2";"4";"2";"2";"2";"1";"1";"3";"1,64";"2";"2";"3";"4";"5";"3";"5";"4";"3";"4";"4";"3";"4";"4";"3";"4";"3";"5";"4";"4";"4";"5";"2";"2";"Techniek, Ontwerpen en Informatica (TOI)";"Man";"18";"Alkmaar";"1";"0";"Havo";"Bij mijn ouder(s)/verzorger(s)"
"3";"4";"4";"2";"3";"5";"1";"5,0";"5,0";"4,2";"1";"1";"1";"1";"5";"1";"5";"3";"3";"1";"5";"4,6";"5,0";"1,0";"2,33";"5,0";"1,0";"1,0";"1,0";"2,33";"1,0";"4,24";"45";"1,0";"0";"1,0";"1,0";"1,0";"3,0";"1,0";"3,0";"1,0";"1,0";"1,0";"1,0";"5";"3";"3";"4";"5";"5";"5";"5";"5";"5";"1";"4";"2";"4";"1";"1";"1";"1";"1";"4";"1,64";"";"";"";"";"";"";"";"";"";"";"";"";"";"";"";"";"";"";"";"";"";"";"";"";"Business, Finance and Law (BFL)";"Vrouw";"20";"Alkmaar";"1";"0";"Mbo";"Bij mijn ouder(s)/verzorger(s)"
"1";"2";"1";"2";"3";"3";"4";"3,0";"2,6";"2,6";"3";"4";"3";"4";"5";"3";"1";"3";"4";"4";"5";"3,8";"4,2";"1,0";"2,33";"1,0";"2,33";"2,33";"2,33";"2,33";"2,33";"3,96";"45";"1,0";"1";"1,0";"1,0";"1,0";"3,0";"3,0";"3,0";"1,0";"1,0";"1,0";"1,0";"2";"4";"3";"3";"3";"4";"3";"4";"5";"5";"1";"4";"1";"2";"1";"1";"1";"1";"";"4";"1,8";"";"";"";"";"";"";"";"";"";"";"";"";"";"";"";"";"";"";"";"";"";"";"";"";"Business, Finance and Law (BFL)";"Vrouw";"19";"Alkmaar";"1";"0";"Vwo";"Bij mijn ouder(s)/verzorger(s)"
"3";"3";"4";"3";"4";"3";"2";"4,2";"3,4";"3,8";"4";"3";"3";"4";"4";"4";"3";"3";"3";"2";"3";"3,4";"3,4";"2,33";"2,33";"1,0";"2,33";"2,33";"2,33";"1,0";"2,33";"3,92";"45";"1,0";"0";"1,0";"1,0";"1,0";"3,0";"3,0";"3,0";"1,0";"1,0";"3,0";"1,0";"4";"4";"3";"4";"3";"4";"4";"3";"4";"4";"3";"4";"4";"4";"4";"4";"4";"4";"1";"4";"2,04";"";"";"";"";"";"";"";"";"";"";"";"";"";"";"";"";"";"";"";"";"";"";"";"";"Techniek, Ontwerpen en Informatica (TOI)";"Vrouw";"20";"Alkmaar";"1";"0";"Mbo";"Bij mijn ouder(s)/verzorger(s)"
"3";"4";"4";"3";"2";"2";"3";"3,8";"3,4";"3,4";"4";"4";"3";"3";"5";"3";"2";"2";"3";"";"4";"3,0";"2,6";"2,33";"3,67";"1,0";"3,67";"1,0";"2,33";"2,33";"2,33";"3,68";"45";"1,0";"0";"1,0";"1,0";"1,0";"3,0";"3,0";"5,0";"1,0";"1,0";"1,0";"1,0";"3";"3";"3";"4";"4";"4";"4";"3";"4";"2";"1";"5";"3";"4";"3";"1";"2";"1";"1";"3";"1,0";"";"";"";"";"";"";"";"";"";"";"";"";"";"";"";"";"";"";"";"";"";"";"";"";"Techniek, Ontwerpen en Informatica (TOI)";"Man";"22";"Alkmaar";"1";"0";"Mbo";"Bij mijn ouder(s)/verzorger(s)"
"3";"4";"3";"3";"2";"4";"3";"3,8";"3,8";"3,4";"2";"3";"1";"3";"5";"5";"3";"3";"2";"1";"3";"2,6";"3,8";"3,67";"3,67";"2,33";"3,67";"2,33";"3,67";"2,33";"3,67";"3,4";"45";"2,6";"0";"1,0";"1,0";"5,0";"3,0";"5,0";"3,0";"1,0";"1,0";"1,0";"1,0";"3";"4";"3";"3";"4";"4";"4";"2";"3";"3";"3";"4";"3";"3";"1";"1";"1";"1";"1";"4";"1,96";"3";"4";"3";"1";"3";"3";"3";"3";"2";"2";"3";"4";"3";"2";"3";"3";"1";"4";"4";"4";"4";"5";"4";"3";"Gezondheid, Sport en Welzijn (GSW)";"Man";"19";"Haarlem";"1";"0";"Havo";"Bij mijn ouder(s)/verzorger(s)"
"2";"3";"3";"1";"2";"4";"3";"4,2";"2,2";"3,4";"3";"1";"2";"2";"3";"3";"2";"1";"3";"3";"3";"4,2";"3,4";"1,0";"1,0";"1,0";"2,33";"1,0";"2,33";"1,0";"1,0";"4,24";"45";"1,0";"0";"1,0";"1,0";"1,0";"3,0";"1,0";"3,0";"1,0";"1,0";"3,0";"1,0";"5";"3";"2";"3";"4";"4";"4";"1";"2";"2";"2";"5";"2";"3";"1";"1";"3";"1";"1";"2";"2,12";"1";"2";"2";"1";"3";"3";"5";"2";"2";"2";"2";"3";"4";"3";"4";"3";"4";"2";"5";"5";"4";"5";"4";"3";"Creative Business (CB)";"Vrouw";"18";"Haarlem";"1";"0";"Havo";"Bij mijn ouder(s)/verzorger(s)"
"3";"4";"3";"3";"3";"4";"4";"3,8";"3,8";"3,8";"";"";"2";"";"5";"";"5";"3";"4";"";"3";"3,8";"3,8";"1,0";"1,0";"2,33";"3,67";"1,0";"3,67";"2,33";"2,33";"3,6";"45";"1,0";"0";"1,0";"1,0";"1,0";"3,0";"5,0";"5,0";"3,0";"3,0";"3,0";"3,0";"3";"4";"3";"4";"5";"4";"3";"3";"3";"3";"3";"5";"3";"4";"4";"3";"3";"3";"1";"5";"2,12";"4";"2";"2";"3";"2";"2";"3";"3";"3";"3";"3";"3";"3";"3";"3";"3";"3";"3";"3";"3";"3";"3";"3";"3";"Gezondheid, Sport en Welzijn (GSW)";"Vrouw";"20";"Haarlem";"1";"0";"Havo";"Bij mijn ouder(s)/verzorger(s)"
"2";"2";"3";"4";"4";"4";"5";"3,0";"5,0";"1,8";"3";"1";"1";"2";"4";"2";"2";"1";"1";"1";"2";"3,0";"4,2";"2,33";"3,67";"1,0";"5,0";"1,0";"3,67";"2,33";"3,67";"4,44";"45";"1,0";"0";"1,0";"1,0";"3,0";"3,0";"1,0";"5,0";"3,0";"1,0";"1,0";"5,0";"4";"4";"4";"4";"1";"4";"2";"3";"3";"3";"2";"5";"2";"2";"3";"1";"2";"1";"1";"1";"";"";"";"";"";"";"";"";"";"";"";"";"";"";"";"";"";"";"";"";"";"";"";"";"";"Techniek, Ontwerpen en Informatica (TOI)";"Vrouw";"23";"Haarlem";"1";"1";"Havo";"Met mijn partner / een relatie"
"3";"4";"4";"3";"4";"4";"3";"3,8";"1,8";"4,2";"2";"2";"3";"3";"2";"2";"3";"2";"3";"5";"4";"3,8";"3,8";"1,0";"1,0";"1,0";"2,33";"1,0";"1,0";"1,0";"1,0";"3,6";"45";"1,0";"0";"1,0";"1,0";"1,0";"3,0";"5,0";"5,0";"3,0";"1,0";"5,0";"1,0";"4";"5";"2";"4";"4";"4";"4";"4";"5";"4";"4";"4";"2";"4";"2";"4";"4";"4";"1";"4";"3,16";"";"";"";"";"";"";"";"";"";"";"";"";"";"";"";"";"";"";"";"";"";"";"";"";"Gezondheid, Sport en Welzijn (GSW)";"Vrouw";"19";"Haarlem";"1";"0";"Havo";"Bij mijn ouder(s)/verzorger(s)"
"1";"3";"2";"4";"5";"5";"5";"3,8";"4,2";"3,8";"3";"3";"4";"3";"5";"5";"2";"2";"5";"3";"4";"3,4";"4,2";"3,67";"3,67";"3,67";"3,67";"2,33";"3,67";"2,33";"3,67";"3,68";"45";"1,0";"1";"3,0";"1,0";"5,0";"3,0";"3,0";"5,0";"1,0";"1,0";"5,0";"1,0";"5";"4";"3";"4";"3";"3";"3";"2";"4";"3";"3";"4";"3";"3";"4";"4";"1";"2";"1";"5";"1,0";"";"";"";"";"";"";"";"";"";"";"";"";"";"";"";"";"";"";"";"";"";"";"";"";"Gezondheid, Sport en Welzijn (GSW)";"Vrouw";"21";"Haarlem";"1";"0";"Mbo";"Alleen"
"3";"4";"3";"2";"2";"1";"2";"3,8";"3,0";"4,2";"2";"1";"1";"3";"1";"5";"5";"1";"1";"4";"4";"3,8";"4,6";"1,0";"3,67";"3,67";"2,33";"2,33";"2,33";"1,0";"2,33";"3,8";"45";"1,0";"0";"1,0";"3,0";"1,0";"3,0";"3,0";"5,0";"1,0";"1,0";"1,0";"1,0";"2";"4";"3";"4";"4";"4";"3";"3";"3";"3";"4";"4";"5";"4";"3";"4";"2";"2";"1";"2";"1,96";"";"";"";"";"";"";"";"";"";"";"";"";"";"";"";"";"";"";"";"";"";"";"";"";"Techniek, Ontwerpen en Informatica (TOI)";"Man";"23";"Haarlem";"1";"0";"Havo";"Met een of enkele huisgenoten / vrienden (geen relatie)"
"3";"4";"3";"3";"2";"3";"4";"4,2";"3,0";"3,4";"4";"2";"3";"2";"4";"4";"2";"1";"2";"2";"3";"3,4";"3,8";"2,33";"2,33";"2,33";"2,33";"1,0";"3,67";"1,0";"1,0";"3,76";"45";"1,0";"0";"3,0";"1,0";"1,0";"3,0";"3,0";"3,0";"1,0";"1,0";"1,0";"1,0";"4";"4";"3";"5";"2";"3";"4";"4";"4";"5";"3";"4";"3";"4";"3";"1";"2";"3";"";"1";"1,8";"";"";"";"";"";"";"";"";"";"";"";"";"";"";"";"";"";"";"";"";"";"";"";"";"Techniek, Ontwerpen en Informatica (TOI)";"Man";"25";"Haarlem";"1";"0";"Mbo";"Alleen"
"3";"4";"4";"3";"3";"4";"2";"4,2";"3,4";"4,2";"2";"3";"2";"3";"4";"4";"1";"3";"2";"2";"3";"3,4";"4,2";"3,67";"3,67";"3,67";"3,67";"1,0";"3,67";"3,67";"3,67";"4,12";"45";"1,0";"0";"1,0";"1,0";"3,0";"3,0";"3,0";"5,0";"3,0";"3,0";"1,0";"1,0";"4";"4";"3";"3";"5";"5";"3";"2";"3";"1";"4";"4";"2";"3";"1";"1";"3";"1";"0";"5";"1,0";"1";"3";"3";"1";"1";"2";"4";"2";"1";"2";"4";"4";"4";"2";"4";"4";"1";"4";"2";"3";"2";"3";"2";"2";"Business, Finance and Law (BFL)";"Vrouw";"19";"Rotterdam";"1";"0";"Havo";"Bij mijn ouder(s)/verzorger(s)"
"3";"4";"4";"3";"4";"4";"3";"3,8";"3,8";"3,8";"4";"4";"4";"3";"4";"3";"3";"4";"4";"5";"4";"3,8";"4,2";"2,33";"3,67";"2,33";"3,67";"1,0";"2,33";"1,0";"2,33";"4,08";"45";"1,8";"0";"5,0";"1,0";"1,0";"3,0";"1,0";"3,0";"1,0";"1,0";"1,0";"1,0";"4";"4";"3";"4";"4";"3";"4";"3";"3";"4";"2";"4";"2";"3";"3";"3";"3";"1";"1";"4";"3,8";"4";"2";"4";"5";"4";"3";"5";"4";"4";"2";"3";"3";"4";"2";"3";"3";"4";"2";"2";"2";"2";"3";"3";"3";"Business, Finance and Law (BFL)";"Vrouw";"20";"Rotterdam";"1";"0";"Vwo";"Bij mijn ouder(s)/verzorger(s)"
"3";"4";"4";"3";"3";"3";"2";"3,8";"4,6";"4,2";"";"5";"4";"4";"4";"4";"5";"1";"3";"4";"4";"4,2";"4,6";"1,0";"2,33";"2,33";"2,33";"1,0";"2,33";"2,33";"2,33";"3,8";"45";"1,0";"0";"1,0";"1,0";"1,0";"3,0";"1,0";"3,0";"1,0";"1,0";"5,0";"1,0";"4";"5";"1";"4";"4";"4";"4";"4";"4";"1";"2";"4";"4";"4";"1";"1";"1";"1";"";"5";"1,0";"4";"4";"2";"2";"2";"4";"5";"4";"4";"2";"4";"4";"4";"3";"4";"4";"4";"4";"3";"4";"4";"3";"4";"4";"Business, Finance and Law (BFL)";"Vrouw";"18";"Rotterdam";"1";"0";"Havo";"Bij mijn ouder(s)/verzorger(s)"
"2";"4";"3";"2";"3";"2";"4";"4,2";"1,4";"3,8";"3";"1";"3";"2";"3";"2";"1";"3";"2";"1";"3";"4,2";"3,8";"1,0";"2,33";"3,67";"2,33";"1,0";"2,33";"2,33";"2,33";"4,2";"45";"1,0";"0";"1,0";"1,0";"1,0";"3,0";"1,0";"3,0";"1,0";"1,0";"1,0";"1,0";"4";"4";"3";"3";"4";"5";"4";"4";"4";"4";"4";"4";"4";"4";"4";"5";"1";"5";"1";"4";"2,12";"1";"3";"4";"4";"1";"2";"3";"3";"3";"2";"4";"5";"4";"2";"3";"4";"5";"5";"3";"4";"5";"5";"4";"4";"Creative Business (CB)";"Vrouw";"19";"Rotterdam";"1";"0";"Vwo";"Met een of enkele huisgenoten / vrienden (geen relatie)"
"3";"5";"5";"3";"2";"4";"3";"4,2";"4,6";"4,2";"2";"";"";"3";"4";"5";"5";"3";"4";"3";"4";"3,8";"3,8";"2,33";"2,33";"2,33";"2,33";"3,67";"3,67";"2,33";"1,0";"4,32";"45";"1,0";"0";"1,0";"5,0";"1,0";"3,0";"3,0";"3,0";"1,0";"1,0";"1,0";"1,0";"5";"5";"1";"4";"4";"4";"3";"1";"2";"2";"2";"5";"3";"3";"1";"1";"3";"2";"0";"2";"";"2";"3";"4";"4";"4";"3";"5";"4";"5";"4";"3";"2";"2";"4";"2";"3";"1";"3";"4";"5";"3";"4";"3";"2";"Business, Finance and Law (BFL)";"Vrouw";"18";"Rotterdam";"1";"0";"Mbo";"Bij mijn ouder(s)/verzorger(s)"
"4";"4";"4";"3";"3";"2";"3";"4,6";"1,8";"4,6";"4";"4";"4";"4";"5";"5";"2";"5";"5";"4";"5";"4,2";"5,0";"2,33";"3,67";"3,67";"2,33";"2,33";"3,67";"2,33";"3,67";"4,36";"45";"1,0";"0";"3,0";"1,0";"3,0";"3,0";"1,0";"5,0";"1,0";"1,0";"5,0";"1,0";"4";"5";"4";"4";"3";"4";"4";"4";"5";"5";"5";"5";"5";"5";"3";"4";"3";"3";"1";"3";"2,2";"";"";"";"";"";"";"";"";"";"";"";"";"";"";"";"";"";"";"";"";"";"";"";"";"Creative Business (CB)";"Man";"18";"Rotterdam";"1";"0";"Vwo";"Bij mijn ouder(s)/verzorger(s)"
"3";"4";"4";"5";"3";"5";"4";"1,8";"3,8";"3,0";"4";"5";"5";"5";"5";"5";"3";"4";"5";"3";"2";"3,0";"3,8";"3,67";"3,67";"5,0";"3,67";"2,33";"2,33";"3,67";"3,67";"3,68";"45";"1,0";"0";"1,0";"1,0";"1,0";"3,0";"1,0";"1,0";"1,0";"1,0";"1,0";"1,0";"5";"5";"2";"4";"5";"4";"4";"3";"4";"2";"2";"4";"1";"4";"2";"1";"1";"3";"1";"3";"1,4";"";"";"";"";"";"";"";"";"";"";"";"";"";"";"";"";"";"";"";"";"";"";"";"";"Business, Finance and Law (BFL)";"Vrouw";"18";"Rotterdam";"1";"0";"Havo";"Bij mijn ouder(s)/verzorger(s)"
"3";"5";"4";"3";"5";"4";"3";"3,8";"2,2";"4,2";"4";"2";"4";"5";"5";"4";"2";"2";"5";"2";"4";"4,2";"4,2";"2,33";"2,33";"3,67";"2,33";"1,0";"2,33";"1,0";"2,33";"4,24";"45";"1,0";"1";"1,0";"1,0";"3,0";"3,0";"3,0";"5,0";"3,0";"3,0";"1,0";"1,0";"4";"4";"3";"5";"5";"5";"4";"5";"5";"3";"3";"5";"4";"4";"2";"1";"1";"1";"1";"2";"2,2";"1";"2";"3";"2";"3";"4";"5";"2";"2";"4";"2";"2";"5";"2";"3";"4";"4";"4";"4";"4";"4";"5";"3";"3";"Business, Finance and Law (BFL)";"Vrouw";"22";"Rotterdam";"1";"0";"Vwo";"Met mijn partner / een relatie"
"4";"5";"3";"2";"3";"1";"4";"3,8";"3,0";"4,6";"";"2";"1";"2";"3";"1";"3";"2";"";"1";"4";"4,2";"3,8";"1,0";"2,33";"1,0";"2,33";"1,0";"1,0";"1,0";"2,33";"4,16";"45";"1,0";"0";"1,0";"1,0";"1,0";"3,0";"3,0";"3,0";"1,0";"1,0";"1,0";"1,0";"3";"5";"3";"5";"5";"5";"4";"4";"4";"3";"4";"5";"3";"4";"4";"5";"5";"1";"1";"1";"1,96";"2";"1";"2";"1";"2";"2";"4";"2";"2";"4";"1";"2";"1";"1";"1";"5";"4";"4";"4";"5";"3";"4";"4";"3";"Business, Finance and Law (BFL)";"Man";"20";"Rotterdam";"1";"0";"Mbo";"Bij mijn ouder(s)/verzorger(s)"
"2";"2";"1";"3";"2";"3";"4";"1,4";"2,2";"1,8";"1";"1";"1";"1";"1";"2";"1";"1";"1";"2";"4";"4,6";"4,2";"1,0";"1,0";"2,33";"2,33";"1,0";"2,33";"1,0";"2,33";"4,04";"45";"1,0";"1";"1,0";"1,0";"1,0";"3,0";"3,0";"3,0";"1,0";"1,0";"1,0";"1,0";"2";"4";"2";"5";"3";"4";"4";"3";"3";"4";"1";"5";"4";"4";"3";"1";"2";"1";"1";"1";"2,92";"1";"1";"1";"1";"1";"1";"3";"1";"1";"4";"2";"3";"2";"3";"2";"2";"4";"4";"5";"5";"5";"5";"5";"5";"Business, Finance and Law (BFL)";"Vrouw";"24";"Rotterdam";"1";"0";"Havo";"Bij mijn ouder(s)/verzorger(s)"
"2";"3";"2";"4";"3";"4";"3";"4,2";"3,8";"3,0";"4";"3";"";"";"5";"4";"1";"4";"2";"2";"5";"3,8";"4,2";"2,33";"5,0";"2,33";"3,67";"3,67";"3,67";"2,33";"3,67";"4,12";"45";"1,0";"0";"1,0";"1,0";"1,0";"3,0";"1,0";"1,0";"1,0";"1,0";"1,0";"1,0";"4";"5";"2";"4";"3";"3";"3";"2";"3";"2";"2";"3";"2";"4";"3";"1";"2";"1";"0";"4";"2,2";"2";"4";"3";"2";"1";"1";"5";"3";"3";"2";"3";"3";"4";"2";"4";"4";"1";"4";"2";"3";"3";"3";"3";"1";"Business, Finance and Law (BFL)";"Vrouw";"17";"Rotterdam";"1";"0";"Havo";"Bij mijn ouder(s)/verzorger(s)"
"4";"4";"5";"2";"1";"2";"4";"4,6";"3,0";"4,2";"3";"4";"2";"3";"4";"";"2";"2";"5";"1";"4";"3,8";"4,2";"2,33";"1,0";"1,0";"2,33";"1,0";"2,33";"2,33";"1,0";"4,0";"45";"1,0";"0";"1,0";"1,0";"1,0";"3,0";"3,0";"5,0";"3,0";"3,0";"3,0";"1,0";"5";"5";"2";"5";"5";"3";"5";"2";"3";"4";"2";"4";"4";"5";"3";"1";"3";"1";"1";"5";"2,2";"1";"1";"2";"1";"3";"3";"5";"2";"2";"4";"2";"2";"2";"3";"2";"4";"3";"4";"4";"3";"4";"4";"3";"3";"Business, Finance and Law (BFL)";"Man";"18";"Rotterdam";"1";"0";"Vwo";"Bij mijn ouder(s)/verzorger(s)"
"4";"3";"5";"4";"2";"4";"4";"4,2";"4,2";"4,2";"4";"5";"4";"5";"4";"5";"2";"5";"2";"2";"4";"3,4";"4,2";"2,33";"2,33";"3,67";"2,33";"3,67";"2,33";"2,33";"1,0";"4,32";"45";"1,0";"0";"1,0";"1,0";"1,0";"3,0";"1,0";"1,0";"1,0";"1,0";"1,0";"1,0";"5";"5";"1";"5";"4";"5";"5";"5";"5";"3";"2";"2";"3";"4";"1";"1";"1";"1";"1";"5";"1,0";"2";"4";"5";"1";"1";"5";"5";"4";"5";"2";"4";"4";"4";"2";"4";"2";"1";"2";"1";"2";"2";"1";"1";"1";"Creative Business (CB)";"Vrouw";"20";"Rotterdam";"1";"0";"Mbo";"Bij mijn ouder(s)/verzorger(s)"
"1";"3";"3";"4";"3";"4";"3";"3,4";"4,2";"2,6";"5";"4";"4";"3";"4";"3";"3";"4";"3";"4";"2";"3,0";"4,2";"2,33";"2,33";"1,0";"2,33";"2,33";"3,67";"1,0";"3,67";"3,8";"45";"1,0";"0";"3,0";"1,0";"1,0";"3,0";"3,0";"3,0";"1,0";"1,0";"5,0";"1,0";"3";"5";"3";"4";"2";"3";"2";"3";"4";"2";"3";"4";"3";"4";"2";"1";"1";"1";"";"5";"2,76";"2";"3";"3";"3";"4";"2";"4";"4";"4";"4";"3";"4";"2";"3";"2";"4";"1";"4";"2";"4";"3";"4";"3";"3";"Business, Finance and Law (BFL)";"Vrouw";"20";"Rotterdam";"1";"0";"Havo";"Bij mijn ouder(s)/verzorger(s)"
"3";"4";"4";"2";"2";"2";"3";"3,8";"3,0";"3,8";"3";"1";"1";"3";"4";"";"2";"1";"4";"1";"3";"3,8";"4,6";"1,0";"1,0";"2,33";"1,0";"1,0";"2,33";"1,0";"2,33";"3,88";"45";"1,0";"0";"1,0";"1,0";"1,0";"3,0";"1,0";"3,0";"3,0";"1,0";"5,0";"1,0";"4";"4";"3";"4";"4";"5";"4";"4";"4";"4";"4";"5";"3";"4";"2";"4";"2";"3";"1";"4";"1,8";"1";"3";"2";"1";"1";"2";"4";"3";"3";"2";"4";"2";"3";"3";"2";"3";"3";"4";"3";"4";"4";"4";"3";"2";"Business, Finance and Law (BFL)";"Vrouw";"17";"Den Haag";"1";"0";"Havo";"Bij mijn ouder(s)/verzorger(s)"
"3";"4";"4";"4";"3";"3";"3";"3,8";"3,0";"3,8";"4";"4";"1";"2";"4";"4";"3";"4";"4";"3";"3";"3,4";"3,0";"2,33";"2,33";"2,33";"2,33";"5,0";"3,67";"2,33";"2,33";"4,0";"45";"1,0";"0";"1,0";"1,0";"1,0";"3,0";"1,0";"1,0";"1,0";"1,0";"1,0";"1,0";"4";"5";"3";"4";"3";"3";"3";"3";"4";"3";"2";"5";"3";"3";"3";"1";"2";"3";"1";"2";"1,64";"3";"4";"2";"3";"3";"3";"5";"3";"3";"3";"3";"3";"3";"3";"3";"4";"4";"4";"4";"4";"4";"4";"3";"3";"Agri, Food and Life Sciences (AFL)";"Vrouw";"21";"Delft";"1";"0";"Havo";"Bij mijn ouder(s)/verzorger(s)"
"3";"3";"3";"4";"3";"4";"3";"3,8";"4,2";"3,4";"";"2";"2";"2";"3";"3";"3";"2";"2";"4";"4";"4,2";"3,8";"2,33";"1,0";"2,33";"2,33";"2,33";"2,33";"1,0";"1,0";"3,8";"45";"1,0";"0";"1,0";"1,0";"1,0";"3,0";"3,0";"3,0";"3,0";"3,0";"3,0";"3,0";"5";"5";"1";"5";"5";"5";"4";"4";"4";"4";"3";"4";"3";"3";"2";"4";"3";"2";"0";"5";"";"4";"3";"3";"1";"1";"1";"4";"3";"1";"4";"4";"4";"4";"3";"3";"4";"3";"3";"3";"4";"4";"4";"2";"2";"Agri, Food and Life Sciences (AFL)";"Vrouw";"21";"Delft";"1";"0";"Mbo";"Bij mijn ouder(s)/verzorger(s)"
"3";"4";"4";"3";"3";"3";"3";"3,8";"3,0";"4,6";"4";"4";"3";"4";"5";"5";"2";"2";"4";"3";"4";"3,4";"4,6";"3,67";"3,67";"3,67";"5,0";"2,33";"5,0";"3,67";"2,33";"4,6";"45";"1,0";"0";"1,0";"1,0";"1,0";"3,0";"3,0";"3,0";"5,0";"1,0";"1,0";"1,0";"4";"5";"1";"3";"3";"3";"2";"3";"2";"1";"2";"5";"3";"2";"3";"3";"4";"3";"1";"3";"1,4";"2";"3";"3";"4";"4";"4";"5";"3";"3";"3";"5";"5";"4";"1";"4";"3";"4";"4";"3";"4";"4";"5";"4";"4";"Techniek, Ontwerpen en Informatica (TOI)";"Vrouw";"20";"Delft";"1";"1";"Ik heb een buitenlandse vooropleiding afgerond (bv. A-levels)";"In een studentenhuis / met meerdere studenten samen"
"3";"4";"4";"3";"2";"2";"2";"4,2";"2,6";"4,2";"2";"3";"2";"2";"3";"3";"1";"3";"3";"2";"4";"4,6";"4,2";"2,33";"2,33";"1,0";"1,0";"1,0";"1,0";"1,0";"2,33";"3,92";"45";"1,0";"0";"1,0";"1,0";"1,0";"3,0";"3,0";"3,0";"3,0";"3,0";"1,0";"1,0";"4";"5";"3";"4";"4";"5";"4";"5";"5";"4";"4";"4";"4";"3";"3";"4";"3";"4";"1";"4";"1,56";"1";"1";"2";"3";"3";"2";"4";"3";"3";"4";"2";"3";"3";"4";"3";"4";"4";"4";"4";"4";"3";"4";"3";"3";"Agri, Food and Life Sciences (AFL)";"Vrouw";"17";"Delft";"1";"0";"Havo";"Bij mijn ouder(s)/verzorger(s)"
"3";"3";"3";"2";"2";"3";"4";"3,0";"1,8";"3,8";"5";"3";"4";"5";"5";"";"4";"1";"5";"5";"2";"2,6";"4,2";"3,67";"3,67";"3,67";"3,67";"5,0";"3,67";"3,67";"3,67";"4,12";"45";"1,0";"0";"3,0";"5,0";"5,0";"3,0";"3,0";"3,0";"5,0";"3,0";"1,0";"3,0";"4";"4";"4";"4";"3";"3";"3";"1";"4";"3";"1";"4";"1";"2";"3";"1";"2";"1";"1";"3";"1,8";"";"";"";"";"";"";"";"";"";"";"";"";"";"";"";"";"";"";"";"";"";"";"";"";"Techniek, Ontwerpen en Informatica (TOI)";"Vrouw";"25";"Delft";"1";"1";"Ik heb een buitenlandse vooropleiding afgerond (bv. A-levels)";"Alleen"
"2";"3";"3";"4";"4";"3";"3";"3,8";"2,6";"2,6";"3";"2";"4";"2";"4";"3";"";"";"2";"2";"2";"2,6";"3,8";"2,33";"1,0";"2,33";"3,67";"3,67";"5,0";"2,33";"2,33";"4,32";"45";"2,6";"0";"1,0";"5,0";"5,0";"3,0";"1,0";"3,0";"3,0";"1,0";"3,0";"1,0";"3";"4";"2";"4";"3";"2";"3";"2";"1";"2";"2";"5";"3";"3";"2";"1";"2";"1";"1";"4";"3,0";"4";"3";"4";"5";"5";"4";"2";"3";"3";"3";"4";"4";"4";"2";"4";"3";"4";"3";"4";"4";"3";"4";"3";"3";"Creative Business (CB)";"Vrouw";"22";"Amsterdam";"2";"1";"Anders, namelijk (vul in):";"In een studentenhuis / met meerdere studenten samen"
"2";"4";"2";"3";"2";"1";"3";"4,6";"2,6";"4,6";"4";"2";"1";"2";"3";"3";"1";"5";"4";"2";"2";"4,2";"3,4";"2,33";"2,33";"5,0";"2,33";"1,0";"3,67";"1,0";"2,33";"4,24";"45";"1,0";"0";"1,0";"5,0";"3,0";"3,0";"1,0";"3,0";"1,0";"1,0";"1,0";"1,0";"4";"4";"4";"3";"5";"5";"3";"2";"3";"1";"1";"4";"3";"4";"1";"2";"3";"1";"1";"3";"";"";"";"";"";"";"";"";"";"";"";"";"";"";"";"";"";"";"";"";"";"";"";"";"";"Agri, Food and Life Sciences (AFL)";"Vrouw";"22";"Amsterdam";"2";"0";"Ik heb een buitenlandse vooropleiding afgerond (bv. A-levels)";"In een studentenhuis / met meerdere studenten samen"
"2";"4";"4";"3";"4";"3";"3";"4,2";"3,4";"3,8";"4";"3";"3";"4";"4";"3";"1";"3";"1";"5";"4";"4,2";"3,8";"2,33";"2,33";"2,33";"2,33";"2,33";"2,33";"2,33";"2,33";"3,76";"45";"2,6";"0";"1,0";"1,0";"1,0";"3,0";"3,0";"3,0";"1,0";"3,0";"1,0";"1,0";"3";"4";"3";"3";"4";"5";"4";"3";"3";"4";"4";"5";"4";"4";"2";"1";"2";"1";"1";"2";"1,8";"2";"3";"2";"3";"4";"3";"3";"3";"3";"4";"3";"3";"3";"3";"3";"3";"4";"4";"4";"4";"4";"4";"3";"3";"Agri, Food and Life Sciences (AFL)";"Vrouw";"19";"Amsterdam";"2";"0";"Havo";"Bij mijn ouder(s)/verzorger(s)"
"2";"4";"4";"4";"3";"5";"4";"3,8";"4,2";"3,8";"4";"2";"1";"4";"2";"4";"2";"2";"3";"5";"3";"3,8";"5,0";"2,33";"2,33";"2,33";"2,33";"1,0";"2,33";"2,33";"3,67";"4,0";"45";"1,0";"0";"5,0";"1,0";"3,0";"3,0";"3,0";"5,0";"3,0";"1,0";"1,0";"1,0";"4";"5";"3";"5";"5";"5";"5";"5";"5";"4";"4";"5";"4";"5";"4";"5";"5";"5";"1";"5";"1,88";"";"";"";"";"";"";"";"";"";"";"";"";"";"";"";"";"";"";"";"";"";"";"";"";"Agri, Food and Life Sciences (AFL)";"Vrouw";"26";"Amsterdam";"2";"0";"Havo";"Bij mijn ouder(s)/verzorger(s)"
"3";"4";"4";"3";"3";"4";"4";"3,4";"3,8";"3,8";"3";"3";"3";"3";"4";"4";"3";"2";"4";"4";"4";"3,8";"4,2";"2,33";"3,67";"1,0";"2,33";"2,33";"1,0";"2,33";"1,0";"4,0";"45";"1,0";"1";"1,0";"1,0";"1,0";"3,0";"3,0";"3,0";"3,0";"1,0";"1,0";"1,0";"3";"5";"3";"5";"4";"4";"5";"4";"4";"4";"4";"4";"4";"4";"2";"1";"1";"1";"1";"4";"2,28";"";"";"";"";"";"";"";"";"";"";"";"";"";"";"";"";"";"";"";"";"";"";"";"";"Agri, Food and Life Sciences (AFL)";"Vrouw";"18";"Amsterdam";"2";"0";"Havo";"Bij mijn ouder(s)/verzorger(s)"
"2";"3";"4";"4";"5";"5";"4";"4,2";"5,0";"3,0";"5";"3";"3";"4";"5";"2";"5";"4";"5";"5";"2";"1,8";"3,8";"3,67";"3,67";"3,67";"3,67";"3,67";"3,67";"3,67";"3,67";"4,32";"45";"1,0";"0";"1,0";"1,0";"1,0";"3,0";"3,0";"3,0";"1,0";"1,0";"1,0";"1,0";"5";"4";"2";"4";"3";"4";"4";"4";"3";"4";"3";"4";"3";"4";"1";"1";"1";"1";"1";"4";"1,0";"";"";"";"";"";"";"";"";"";"";"";"";"";"";"";"";"";"";"";"";"";"";"";"";"Techniek, Ontwerpen en Informatica (TOI)";"Vrouw";"20";"Alkmaar";"2";"0";"Havo";"Bij mijn ouder(s)/verzorger(s)"
"3";"4";"4";"3";"2";"2";"1";"4,2";"3,0";"4,2";"";"2";"";"1";"2";"2";"1";"5";"1";"3";"4";"4,6";"3,4";"1,0";"1,0";"1,0";"2,33";"2,33";"2,33";"1,0";"2,33";"4,12";"45";"1,0";"0";"1,0";"1,0";"1,0";"3,0";"3,0";"3,0";"3,0";"1,0";"1,0";"1,0";"4";"4";"2";"3";"5";"5";"5";"5";"5";"4";"5";"5";"4";"4";"3";"1";"1";"1";"1";"1";"2,28";"";"";"";"";"";"";"";"";"";"";"";"";"";"";"";"";"";"";"";"";"";"";"";"";"Techniek, Ontwerpen en Informatica (TOI)";"Man";"18";"Alkmaar";"2";"0";"Havo";"Bij mijn ouder(s)/verzorger(s)"
"3";"3";"3";"3";"2";"3";"2";"3,4";"3,8";"3,8";"4";"3";"2";"3";"4";"4";"1";"3";"2";"1";"4";"3,4";"3,8";"2,33";"2,33";"2,33";"3,67";"1,0";"2,33";"1,0";"2,33";"3,84";"45";"1,0";"0";"1,0";"1,0";"1,0";"3,0";"3,0";"1,0";"1,0";"1,0";"1,0";"1,0";"4";"4";"3";"4";"3";"4";"3";"3";"3";"3";"2";"5";"3";"3";"2";"1";"1";"1";"1";"3";"1,96";"2";"2";"3";"3";"2";"2";"3";"3";"3";"3";"3";"3";"3";"3";"3";"3";"2";"3";"3";"3";"3";"3";"3";"3";"Techniek, Ontwerpen en Informatica (TOI)";"Man";"21";"Alkmaar";"2";"0";"Vwo";"Bij mijn ouder(s)/verzorger(s)"
"3";"4";"3";"3";"2";"2";"4";"3,4";"3,4";"3,8";"3";"3";"3";"4";"4";"5";"3";"3";"4";"2";"4";"4,2";"3,8";"2,33";"3,67";"2,33";"3,67";"2,33";"3,67";"1,0";"3,67";"3,84";"45";"1,0";"0";"1,0";"1,0";"5,0";"3,0";"1,0";"5,0";"1,0";"3,0";"1,0";"1,0";"3";"4";"3";"4";"4";"4";"3";"3";"3";"4";"2";"5";"2";"3";"3";"3";"3";"4";"1";"4";"1,72";"2";"2";"3";"2";"4";"2";"4";"3";"3";"4";"5";"4";"3";"3";"2";"4";"3";"3";"3";"4";"4";"2";"2";"3";"Gezondheid, Sport en Welzijn (GSW)";"Man";"19";"Haarlem";"2";"0";"Havo";"Bij mijn ouder(s)/verzorger(s)"
"3";"4";"2";"4";"4";"4";"5";"3,4";"4,6";"3,8";"3";"4";"2";"5";"5";"5";"2";"3";"4";"3";"3";"3,8";"3,4";"3,67";"2,33";"2,33";"3,67";"5,0";"2,33";"3,67";"3,67";"3,8";"45";"1,0";"1";"1,0";"1,0";"5,0";"3,0";"3,0";"5,0";"3,0";"1,0";"3,0";"1,0";"4";"3";"3";"4";"5";"5";"4";"3";"3";"4";"4";"5";"3";"3";"4";"1";"3";"4";"1";"4";"1,8";"";"";"";"";"";"";"";"";"";"";"";"";"";"";"";"";"";"";"";"";"";"";"";"";"Creative Business (CB)";"Vrouw";"18";"Haarlem";"2";"0";"Havo";"Bij mijn ouder(s)/verzorger(s)"
"3";"4";"4";"3";"4";"4";"3";"4,2";"3,4";"3,8";"1";"2";"2";"4";"4";"5";"2";"4";"3";"5";"2";"4,2";"3,8";"2,33";"3,67";"3,67";"1,0";"1,0";"1,0";"1,0";"3,67";"4,28";"45";"1,0";"0";"1,0";"1,0";"1,0";"3,0";"3,0";"3,0";"3,0";"1,0";"1,0";"1,0";"4";"4";"3";"5";"5";"5";"5";"5";"5";"5";"5";"5";"3";"4";"3";"1";"1";"1";"1";"5";"2,28";"";"";"";"";"";"";"";"";"";"";"";"";"";"";"";"";"";"";"";"";"";"";"";"";"Creative Business (CB)";"Vrouw";"18";"Haarlem";"2";"0";"Havo";"Bij mijn ouder(s)/verzorger(s)"
"2";"4";"4";"2";"3";"3";"1";"4,2";"5,0";"3,4";"4";"4";"4";"3";"5";"3";"1";"1";"5";"2";"4";"3,8";"4,2";"1,0";"2,33";"5,0";"2,33";"1,0";"1,0";"2,33";"1,0";"3,92";"45";"1,0";"0";"5,0";"1,0";"1,0";"3,0";"1,0";"3,0";"1,0";"1,0";"1,0";"1,0";"5";"5";"2";"5";"5";"5";"5";"4";"4";"4";"2";"4";"3";"3";"1";"5";"1";"1";"1";"3";"1,64";"2";"4";"4";"2";"4";"4";"5";"3";"5";"4";"1";"2";"2";"3";"3";"4";"4";"4";"2";"3";"3";"4";"4";"4";"Business, Finance and Law (BFL)";"Vrouw";"19";"Rotterdam";"2";"0";"Havo";"Bij mijn ouder(s)/verzorger(s)"
"1";"4";"3";"2";"1";"3";"3";"2,2";"2,6";"3,8";"3";"1";"1";"1";"4";"3";"1";"3";"4";"2";"3";"3,4";"3,4";"1,0";"2,33";"2,33";"3,67";"1,0";"2,33";"1,0";"1,0";"3,6";"45";"1,0";"0";"1,0";"1,0";"1,0";"3,0";"1,0";"3,0";"3,0";"1,0";"1,0";"1,0";"3";"4";"4";"4";"3";"4";"3";"2";"2";"4";"2";"4";"2";"3";"2";"1";"1";"1";"1";"1";"1,8";"2";"3";"4";"2";"1";"1";"4";"2";"2";"4";"4";"2";"4";"4";"2";"2";"2";"3";"3";"5";"3";"4";"2";"2";"Business, Finance and Law (BFL)";"Man";"19";"Rotterdam";"2";"0";"Havo";"Bij mijn ouder(s)/verzorger(s)"
"3";"4";"4";"4";"3";"3";"2";"3,8";"2,2";"3,4";"";"3";"1";"1";"3";"3";"2";"2";"2";"2";"5";"4,2";"4,6";"1,0";"1,0";"1,0";"3,67";"1,0";"2,33";"1,0";"2,33";"4,08";"45";"1,0";"0";"1,0";"1,0";"1,0";"3,0";"3,0";"3,0";"3,0";"3,0";"3,0";"3,0";"3";"4";"4";"4";"4";"4";"4";"4";"4";"4";"4";"4";"4";"4";"2";"3";"2";"2";"1";"2";"2,28";"";"";"";"";"";"";"";"";"";"";"";"";"";"";"";"";"";"";"";"";"";"";"";"";"Agri, Food and Life Sciences (AFL)";"Man";"19";"Delft";"2";"0";"Vwo";"Bij mijn ouder(s)/verzorger(s)"
"3";"3";"3";"1";"1";"1";"1";"3,8";"1,4";"3,4";"2";"1";"1";"1";"1";"1";"1";"1";"1";"1";"4";"4,6";"3,8";"2,33";"2,33";"2,33";"2,33";"2,33";"2,33";"1,0";"1,0";"3,8";"45";"1,0";"1";"1,0";"1,0";"1,0";"3,0";"3,0";"5,0";"3,0";"1,0";"1,0";"1,0";"1";"4";"1";"4";"5";"4";"3";"4";"4";"5";"4";"5";"4";"5";"4";"2";"4";"2";"1";"2";"3,4";"1";"1";"1";"1";"1";"1";"1";"1";"1";"5";"1";"1";"1";"4";"1";"4";"3";"3";"3";"3";"3";"3";"3";"3";"Agri, Food and Life Sciences (AFL)";"Man";"20";"Delft";"2";"0";"Havo";"Bij mijn ouder(s)/verzorger(s)"
"3";"4";"4";"4";"4";"4";"4";"2,6";"3,4";"3,0";"4";"3";"4";"2";"3";"2";"1";"4";"2";"1";"4";"4,6";"5,0";"2,33";"2,33";"2,33";"1,0";"2,33";"1,0";"2,33";"3,67";"3,24";"45";"2,6";"0";"1,0";"1,0";"1,0";"3,0";"5,0";"5,0";"1,0";"1,0";"1,0";"1,0";"2";"4";"1";"4";"4";"4";"1";"1";"3";"1";"4";"4";"3";"4";"1";"1";"1";"1";"1";"3";"1,16";"2";"2";"3";"4";"5";"4";"4";"4";"4";"5";"4";"2";"4";"3";"2";"2";"3";"5";"3";"3";"3";"4";"3";"2";"Agri, Food and Life Sciences (AFL)";"Man";"20";"Delft";"2";"0";"Havo";"Bij mijn ouder(s)/verzorger(s)"
"3";"3";"3";"3";"4";"4";"2";"2,6";"3,0";"3,4";"2";"2";"";"3";"4";"4";"";"1";"3";"2";"4";"4,2";"3,8";"2,33";"2,33";"3,67";"2,33";"2,33";"2,33";"1,0";"2,33";"3,92";"45";"1,0";"0";"1,0";"1,0";"1,0";"3,0";"3,0";"3,0";"1,0";"1,0";"1,0";"1,0";"3";"4";"2";"4";"4";"4";"4";"5";"4";"4";"3";"5";"3";"3";"3";"1";"1";"1";"1";"2";"1,0";"2";"3";"4";"1";"1";"2";"4";"4";"2";"4";"4";"2";"2";"2";"2";"3";"2";"4";"4";"4";"4";"4";"4";"4";"Agri, Food and Life Sciences (AFL)";"Man";"24";"Amsterdam";"3";"0";"Mbo";"Bij mijn ouder(s)/verzorger(s)"
"3";"4";"3";"3";"2";"3";"3";"4,2";"3,4";"4,2";"2";"2";"2";"3";"4";"3";"";"2";"2";"3";"3";"4,2";"3,8";"1,0";"2,33";"2,33";"2,33";"1,0";"2,33";"2,33";"3,67";"4,28";"45";"1,0";"0";"1,0";"1,0";"1,0";"3,0";"1,0";"3,0";"1,0";"1,0";"1,0";"1,0";"4";"4";"3";"5";"4";"4";"4";"4";"4";"3";"4";"4";"5";"4";"4";"4";"2";"2";"1";"4";"1,0";"2";"2";"3";"3";"3";"3";"4";"4";"2";"3";"3";"3";"2";"2";"3";"4";"4";"4";"4";"4";"4";"4";"3";"3";"Agri, Food and Life Sciences (AFL)";"Vrouw";"23";"Amsterdam";"3";"0";"Havo";"Bij mijn ouder(s)/verzorger(s)"
"4";"4";"4";"2";"1";"3";"1";"4,2";"2,2";"3,8";"3";"3";"";"4";"5";"3";"2";"1";"1";"1";"3";"3,8";"3,4";"1,0";"1,0";"2,33";"1,0";"1,0";"2,33";"1,0";"2,33";"4,04";"45";"1,0";"0";"1,0";"1,0";"1,0";"3,0";"1,0";"3,0";"3,0";"3,0";"1,0";"1,0";"4";"4";"2";"5";"5";"5";"5";"4";"4";"4";"3";"5";"4";"4";"4";"3";"1";"3";"1";"2";"";"1";"2";"4";"2";"2";"1";"4";"4";"1";"5";"2";"2";"2";"4";"1";"4";"4";"4";"4";"5";"5";"4";"4";"3";"Techniek, Ontwerpen en Informatica (TOI)";"Man";"24";"Alkmaar";"3";"0";"Mbo";"Bij mijn ouder(s)/verzorger(s)"
"3";"5";"5";"2";"2";"1";"1";"5,0";"3,8";"5,0";"2";"3";"2";"5";"5";"5";"1";"2";"5";"1";"3";"3,8";"3,4";"2,33";"1,0";"2,33";"2,33";"2,33";"2,33";"2,33";"1,0";"4,24";"45";"1,0";"0";"1,0";"1,0";"5,0";"3,0";"1,0";"1,0";"3,0";"1,0";"1,0";"1,0";"5";"5";"1";"5";"5";"5";"4";"4";"3";"2";"2";"5";"4";"4";"3";"1";"2";"2";"1";"5";"";"1";"3";"2";"3";"1";"2";"5";"3";"1";"2";"4";"3";"5";"3";"2";"4";"5";"5";"5";"5";"4";"5";"4";"3";"Business, Finance and Law (BFL)";"Vrouw";"23";"Rotterdam";"3";"0";"Mbo";"Bij mijn ouder(s)/verzorger(s)"
"3";"4";"3";"4";"2";"2";"3";"3,8";"3,8";"3,0";"";"3";"";"4";"4";"4";"";"3";"1";"2";"4";"3,0";"3,8";"3,67";"3,67";"2,33";"3,67";"1,0";"2,33";"2,33";"5,0";"3,84";"45";"1,0";"0";"1,0";"1,0";"1,0";"3,0";"1,0";"3,0";"3,0";"1,0";"3,0";"1,0";"3";"5";"3";"5";"4";"4";"4";"4";"4";"3";"4";"4";"3";"4";"4";"4";"2";"1";"1";"4";"1,24";"4";"3";"2";"3";"4";"4";"4";"3";"3";"2";"3";"4";"3";"2";"3";"5";"3";"3";"4";"5";"5";"5";"2";"3";"Gezondheid, Sport en Welzijn (GSW)";"Vrouw";"26";"Amsterdam";"4";"0";"Mbo";"Bij mijn ouder(s)/verzorger(s)"
"3";"3";"3";"4";"4";"4";"3";"3,8";"2,6";"3,0";"";"2";"3";"5";"3";"3";"";"";"";"4";"5";"4,2";"3,8";"3,67";"5,0";"1,0";"3,67";"2,33";"2,33";"2,33";"3,67";"3,84";"45";"1,0";"0";"3,0";"1,0";"1,0";"3,0";"1,0";"5,0";"1,0";"1,0";"1,0";"1,0";"4";"4";"3";"3";"4";"4";"3";"3";"1";"2";"3";"5";"5";"4";"2";"2";"1";"1";"1";"4";"1,72";"1";"1";"1";"2";"3";"1";"4";"2";"2";"5";"2";"2";"2";"5";"1";"4";"4";"4";"3";"4";"4";"5";"5";"4";"Techniek, Ontwerpen en Informatica (TOI)";"Vrouw";"23";"Alkmaar";"4";"0";"Havo";"Bij mijn ouder(s)/verzorger(s)"
"3";"3";"3";"4";"3";"2";"2";"4,2";"4,6";"3,8";"4";"3";"2";"";"5";"2";"1";"4";"4";"2";"4";"3,0";"3,8";"3,67";"3,67";"2,33";"5,0";"3,67";"3,67";"3,67";"3,67";"3,92";"45";"1,0";"1";"1,0";"1,0";"5,0";"3,0";"5,0";"3,0";"5,0";"5,0";"1,0";"3,0";"2";"2";"2";"4";"3";"3";"2";"3";"3";"4";"3";"3";"3";"4";"2";"4";"4";"2";"1";"1";"1,64";"2";"3";"4";"4";"2";"4";"3";"2";"3";"2";"4";"4";"3";"4";"5";"2";"2";"3";"2";"3";"3";"2";"3";"2";"Gezondheid, Sport en Welzijn (GSW)";"Man";"22";"Haarlem";"4";"0";"Vwo";"Bij mijn ouder(s)/verzorger(s)"
"3";"3";"3";"2";"4";"3";"3";"3,8";"3,4";"4,2";"2";"3";"2";"3";"4";"4";"3";"4";"3";"3";"4";"3,0";"3,4";"2,33";"2,33";"5,0";"2,33";"3,67";"3,67";"2,33";"3,67";"4,04";"45";"5,0";"0";"3,0";"3,0";"3,0";"3,0";"3,0";"3,0";"3,0";"3,0";"3,0";"3,0";"3";"3";"3";"3";"3";"3";"3";"2";"3";"4";"3";"3";"3";"3";"4";"3";"3";"4";"0";"3";"2,36";"3";"3";"3";"4";"2";"3";"4";"4";"3";"2";"2";"3";"2";"3";"3";"3";"3";"3";"3";"3";"3";"3";"3";"2";"Onderwijs en Innovatie (ONI)";"Man";"23";"Delft";"4";"1";"Mbo";"Bij mijn ouder(s)/verzorger(s)"
"4";"4";"4";"3";"3";"3";"2";"4,6";"4,2";"4,2";"4";"2";"3";"3";"5";"3";"4";"4";"3";"3";"3";"3,8";"5,0";"3,67";"3,67";"1,0";"3,67";"2,33";"2,33";"2,33";"2,33";"4,0";"45";"1,0";"1";"3,0";"3,0";"3,0";"5,0";"5,0";"1,0";"5,0";"1,0";"1,0";"1,0";"5";"5";"4";"5";"4";"2";"3";"3";"5";"4";"4";"4";"4";"5";"4";"3";"2";"3";"";"";"1,24";"5";"3";"3";"5";"5";"3";"5";"2";"2";"2";"4";"5";"5";"2";"5";"5";"3";"5";"5";"5";"5";"5";"5";"5";"Creative Business (CB)";"Vrouw";"24";"Haarlem";"1";"1";"Anders, namelijk (vul in):";"In een studentenhuis / met meerdere studenten samen"
"3";"4";"4";"3";"4";"5";"5";"5,0";"5,0";"3,8";"5";"4";"";"";"4";"";"2";"2";"2";"2";"4";"3,4";"4,2";"5,0";"5,0";"2,33";"5,0";"2,33";"3,67";"2,33";"3,67";"4,56";"45";"1,0";"0";"1,0";"3,0";"3,0";"5,0";"1,0";"5,0";"3,0";"1,0";"1,0";"1,0";"5";"4";"2";"5";"4";"3";"4";"2";"3";"2";"3";"5";"3";"5";"2";"4";"1";"1";"1";"3";"1,0";"1";"4";"3";"3";"1";"1";"5";"1";"2";"2";"4";"5";"5";"2";"5";"5";"4";"5";"5";"5";"5";"5";"3";"2";"Business, Finance and Law (BFL)";"Vrouw";"29";"Rotterdam";"1";"0";"Vwo";"Alleen"
"4";"5";"4";"3";"2";"3";"3";"4,6";"3,8";"5,0";"";"";"";"1";"3";"3";"1";"";"2";"1";"4";"5,0";"3,8";"2,33";"2,33";"1,0";"2,33";"2,33";"2,33";"2,33";"2,33";"4,4";"45";"1,0";"0";"1,0";"1,0";"1,0";"5,0";"3,0";"3,0";"3,0";"1,0";"5,0";"1,0";"5";"5";"3";"5";"5";"5";"5";"5";"4";"1";"4";"5";"5";"4";"5";"4";"4";"1";"0";"3";"3,88";"1";"1";"1";"2";"1";"1";"5";"2";"2";"5";"2";"3";"2";"5";"2";"5";"1";"5";"4";"4";"5";"5";"2";"4";"Business, Finance and Law (BFL)";"Vrouw";"32";"Rotterdam";"1";"0";"Havo";"Met mijn partner / een relatie"
"2";"4";"4";"3";"3";"4";"4";"3,8";"2,2";"3,8";"4";"4";"2";"4";"4";"3";"1";"2";"3";"4";"4";"3,8";"3,8";"2,33";"2,33";"2,33";"3,67";"1,0";"3,67";"2,33";"2,33";"4,04";"45";"1,0";"0";"5,0";"1,0";"1,0";"5,0";"3,0";"3,0";"3,0";"1,0";"1,0";"1,0";"3";"4";"3";"4";"5";"5";"4";"4";"4";"3";"3";"5";"3";"4";"1";"4";"2";"3";"1";"2";"1,32";"1";"1";"4";"1";"1";"2";"4";"2";"2";"2";"4";"3";"4";"2";"4";"3";"3";"5";"3";"4";"3";"2";"3";"3";"Agri, Food and Life Sciences (AFL)";"Vrouw";"18";"Amsterdam";"2";"0";"Vwo";"Bij mijn ouder(s)/verzorger(s)"
"2";"4";"3";"2";"1";"3";"3";"4,2";"2,6";"3,8";"3";"";"";"";"4";"";"2";"2";"1";"2";"3";"4,2";"3,4";"1,0";"1,0";"2,33";"2,33";"1,0";"2,33";"2,33";"1,0";"4,04";"45";"1,0";"0";"1,0";"1,0";"1,0";"5,0";"3,0";"3,0";"1,0";"1,0";"1,0";"1,0";"3";"4";"3";"4";"4";"3";"4";"2";"3";"2";"2";"4";"3";"4";"3";"2";"3";"1";"1";"3";"1,16";"2";"3";"3";"3";"3";"2";"3";"2";"2";"3";"4";"3";"4";"2";"3";"3";"3";"4";"3";"3";"3";"4";"2";"3";"Business, Finance and Law (BFL)";"Vrouw";"19";"Rotterdam";"2";"0";"Havo";"Bij mijn ouder(s)/verzorger(s)"
"3";"4";"4";"3";"2";"2";"3";"4,6";"4,2";"4,2";"1";"3";"2";"4";"4";"4";"3";"2";"3";"3";"2";"3,4";"3,8";"2,33";"3,67";"3,67";"3,67";"1,0";"2,33";"1,0";"3,67";"3,96";"45";"1,0";"1";"3,0";"1,0";"1,0";"5,0";"1,0";"5,0";"1,0";"1,0";"1,0";"1,0";"4";"5";"4";"4";"4";"3";"3";"2";"3";"4";"2";"4";"2";"3";"2";"1";"1";"2";"1";"4";"2,2";"3";"4";"4";"4";"2";"4";"4";"4";"4";"2";"3";"3";"4";"2";"4";"4";"2";"4";"2";"3";"3";"4";"3";"4";"Techniek, Ontwerpen en Informatica (TOI)";"Man";"20";"Delft";"2";"0";"Havo";"Bij mijn ouder(s)/verzorger(s)"
"2";"4";"3";"2";"2";"5";"5";"4,2";"3,4";"4,6";"5";"3";"5";"3";"5";"5";"4";"2";"5";"2";"4";"3,8";"4,2";"2,33";"5,0";"5,0";"3,67";"3,67";"3,67";"3,67";"3,67";"4,0";"45";"1,0";"0";"5,0";"5,0";"1,0";"5,0";"1,0";"1,0";"5,0";"1,0";"1,0";"1,0";"5";"5";"4";"2";"4";"5";"5";"1";"5";"4";"1";"5";"5";"5";"3";"4";"5";"2";"1";"3";"2,6";"5";"5";"5";"5";"5";"5";"5";"3";"3";"4";"5";"5";"5";"5";"5";"4";"4";"4";"4";"3";"4";"3";"3";"3";"Techniek, Ontwerpen en Informatica (TOI)";"Vrouw";"20";"Delft";"2";"1";"Anders, namelijk (vul in):";"Met een of enkele huisgenoten / vrienden (geen relatie)"
"3";"4";"3";"1";"1";"2";"3";"3,8";"1,0";"3,8";"2";"3";"3";"3";"3";"3";"1";"1";"2";"3";"3";"3,4";"3,4";"2,33";"1,0";"2,33";"1,0";"2,33";"1,0";"2,33";"2,33";"3,96";"44";"1,0";"0";"1,0";"1,0";"1,0";"3,0";"1,0";"3,0";"3,0";"1,0";"1,0";"1,0";"2";"5";"2";"4";"4";"5";"4";"4";"3";"4";"3";"5";"3";"3";"3";"1";"1";"4";"1";"3";"2,6";"1";"3";"3";"2";"1";"3";"3";"2";"2";"4";"2";"3";"3";"2";"3";"1";"2";"5";"5";"5";"4";"5";"3";"4";"Creative Business (CB)";"Vrouw";"19";"Amsterdam";"1";"0";"Vwo";"Bij mijn ouder(s)/verzorger(s)"
"2";"4";"4";"2";"2";"3";"4";"3,8";"1,8";"3,4";"3";"2";"3";"3";"3";"3";"4";"2";"2";"4";"3";"3,8";"5,0";"1,0";"2,33";"2,33";"2,33";"1,0";"2,33";"1,0";"2,33";"3,76";"44";"1,0";"0";"1,0";"1,0";"1,0";"3,0";"1,0";"3,0";"1,0";"1,0";"1,0";"1,0";"4";"4";"3";"4";"4";"5";"4";"4";"3";"4";"4";"5";"3";"3";"2";"1";"2";"4";"1";"3";"2,28";"2";"2";"3";"2";"2";"2";"3";"3";"3";"4";"2";"3";"3";"4";"2";"4";"4";"4";"3";"5";"3";"4";"3";"4";"Agri, Food and Life Sciences (AFL)";"Vrouw";"18";"Amsterdam";"1";"0";"Havo";"Bij mijn ouder(s)/verzorger(s)"
"4";"5";"5";"3";"2";"2";"2";"4,6";"3,8";"5,0";"3";"1";"1";"3";"4";"2";"1";"3";"2";"1";"4";"4,2";"3,8";"2,33";"1,0";"1,0";"1,0";"1,0";"1,0";"1,0";"1,0";"4,12";"44";"1,0";"0";"3,0";"1,0";"1,0";"3,0";"1,0";"5,0";"1,0";"1,0";"1,0";"1,0";"5";"5";"3";"5";"5";"4";"5";"4";"4";"5";"4";"5";"5";"5";"3";"5";"4";"5";"1";"5";"3,56";"";"";"";"";"";"";"";"";"";"";"";"";"";"";"";"";"";"";"";"";"";"";"";"";"Gezondheid, Sport en Welzijn (GSW)";"Vrouw";"21";"Haarlem";"1";"0";"Anders, namelijk (vul in):";"Bij mijn ouder(s)/verzorger(s)"
"3";"4";"4";"3";"2";"2";"2";"3,8";"3,4";"4,2";"";"1";"2";"2";"3";"2";"1";"1";"1";"2";"2";"3,8";"3,8";"2,33";"2,33";"3,67";"2,33";"5,0";"2,33";"3,67";"2,33";"3,68";"44";"1,0";"0";"1,0";"1,0";"1,0";"3,0";"3,0";"3,0";"1,0";"1,0";"1,0";"1,0";"3";"4";"2";"4";"3";"4";"3";"2";"4";"3";"4";"4";"4";"5";"2";"1";"1";"2";"1";"3";"3,24";"2";"1";"2";"1";"2";"1";"3";"2";"2";"4";"1";"3";"2";"3";"2";"3";"4";"4";"4";"5";"3";"5";"5";"4";"Business, Finance and Law (BFL)";"Man";"19";"Haarlem";"1";"0";"Havo";"Bij mijn ouder(s)/verzorger(s)"
"2";"4";"4";"2";"2";"2";"3";"3,8";"2,6";"3,8";"2";"3";"3";"3";"4";"4";"2";"2";"2";"2";"5";"4,6";"3,8";"2,33";"2,33";"1,0";"2,33";"1,0";"2,33";"2,33";"1,0";"3,76";"44";"1,0";"0";"1,0";"1,0";"1,0";"3,0";"3,0";"3,0";"1,0";"1,0";"1,0";"1,0";"3";"4";"4";"4";"4";"5";"4";"3";"4";"4";"3";"5";"3";"4";"2";"3";"2";"2";"1";"5";"1,96";"2";"2";"3";"2";"1";"2";"2";"3";"1";"3";"4";"2";"4";"3";"3";"3";"2";"5";"4";"4";"4";"4";"4";"3";"Agri, Food and Life Sciences (AFL)";"Vrouw";"18";"Delft";"1";"0";"Havo";"Bij mijn ouder(s)/verzorger(s)"
"3";"4";"4";"1";"1";"1";"2";"4,2";"1,4";"4,6";"3";"3";"1";"3";"1";"1";"1";"1";"1";"2";"3";"4,2";"3,8";"2,33";"1,0";"2,33";"2,33";"1,0";"2,33";"2,33";"2,33";"4,2";"44";"1,0";"0";"1,0";"1,0";"1,0";"3,0";"3,0";"5,0";"1,0";"3,0";"1,0";"1,0";"3";"5";"1";"5";"5";"4";"4";"4";"3";"2";"4";"4";"4";"4";"4";"2";"4";"3";"1";"3";"1,56";"";"";"";"";"";"";"";"";"";"";"";"";"";"";"";"";"";"";"";"";"";"";"";"";"Agri, Food and Life Sciences (AFL)";"Man";"22";"Delft";"1";"0";"Vwo";"Alleen"
"3";"4";"3";"3";"5";"5";"3";"3,8";"5,0";"3,8";"5";"5";"2";"4";"5";"4";"1";"2";"4";"";"3";"3,4";"4,2";"3,67";"2,33";"3,67";"3,67";"2,33";"3,67";"2,33";"2,33";"3,8";"44";"1,0";"0";"1,0";"1,0";"1,0";"3,0";"1,0";"3,0";"1,0";"1,0";"1,0";"1,0";"3";"4";"3";"3";"3";"3";"3";"3";"2";"3";"2";"5";"2";"3";"1";"1";"2";"2";"1";"3";"1,8";"2";"4";"1";"2";"1";"1";"4";"3";"4";"3";"4";"4";"4";"2";"4";"3";"2";"3";"3";"3";"4";"3";"3";"3";"Gezondheid, Sport en Welzijn (GSW)";"Vrouw";"18";"Haarlem";"2";"0";"Havo";"Bij mijn ouder(s)/verzorger(s)"
"2";"4";"2";"3";"2";"5";"3";"4,2";"3,8";"3,4";"1";"1";"1";"2";"1";"3";"1";"1";"4";"3";"4";"3,4";"4,2";"1,0";"3,67";"3,67";"1,0";"1,0";"2,33";"2,33";"2,33";"3,8";"44";"2,6";"0";"3,0";"1,0";"1,0";"3,0";"3,0";"5,0";"3,0";"1,0";"1,0";"1,0";"4";"5";"3";"4";"5";"5";"3";"4";"2";"2";"4";"5";"5";"5";"3";"1";"1";"1";"1";"2";"2,2";"4";"2";"2";"3";"1";"4";"5";"2";"2";"3";"1";"2";"2";"4";"2";"4";"4";"5";"5";"5";"5";"5";"3";"2";"Agri, Food and Life Sciences (AFL)";"Man";"20";"Delft";"2";"0";"Havo";"Bij mijn ouder(s)/verzorger(s)"
"1";"3";"4";"4";"4";"5";"4";"3,4";"4,2";"2,2";"4";"5";"2";"5";"5";"";"3";"2";"2";"1";"5";"3,0";"4,2";"3,67";"3,67";"2,33";"2,33";"1,0";"3,67";"2,33";"2,33";"3,68";"44";"2,6";"1";"5,0";"1,0";"1,0";"3,0";"1,0";"5,0";"1,0";"1,0";"1,0";"1,0";"4";"3";"2";"5";"4";"4";"4";"3";"3";"3";"2";"4";"2";"4";"4";"2";"1";"1";"1";"5";"3,0";"5";"3";"4";"2";"3";"2";"4";"2";"3";"4";"4";"4";"3";"3";"3";"4";"3";"3";"3";"4";"2";"2";"2";"3";"Techniek, Ontwerpen en Informatica (TOI)";"Man";"20";"Amsterdam";"3";"0";"Havo";"Bij mijn ouder(s)/verzorger(s)"
"1";"1";"2";"5";"5";"5";"5";"1,4";"5,0";"1,4";"4";"5";"4";"5";"5";"5";"5";"3";"5";"3";"5";"3,4";"4,2";"5,0";"5,0";"3,67";"3,67";"3,67";"3,67";"3,67";"5,0";"4,2";"44";"4,2";"1";"5,0";"1,0";"3,0";"3,0";"5,0";"3,0";"3,0";"3,0";"3,0";"3,0";"5";"5";"2";"5";"4";"4";"4";"5";"5";"4";"4";"5";"4";"3";"4";"1";"3";"3";"1";"2";"3,4";"5";"3";"5";"2";"3";"3";"5";"4";"4";"2";"4";"5";"5";"2";"4";"5";"5";"5";"3";"4";"4";"2";"2";"1";"Creative Business (CB)";"Vrouw";"23";"Amsterdam";"5 of hoger";"0";"Havo";"Bij mijn ouder(s)/verzorger(s)"
"3";"3";"3";"2";"3";"2";"3";"3,8";"3,0";"3,4";"4";"4";"5";"4";"5";"3";"5";"2";"4";"3";"3";"3,4";"4,6";"2,33";"3,67";"5,0";"2,33";"3,67";"3,67";"2,33";"2,33";"3,8";"44";"1,0";"0";"1,0";"1,0";"5,0";"5,0";"3,0";"3,0";"1,0";"1,0";"1,0";"1,0";"3";"5";"3";"4";"3";"2";"3";"3";"3";"4";"3";"5";"3";"4";"3";"1";"1";"3";"";"";"2,04";"4";"4";"4";"5";"3";"4";"4";"3";"4";"3";"4";"4";"3";"3";"3";"4";"3";"4";"4";"5";"4";"4";"4";"4";"Agri, Food and Life Sciences (AFL)";"Vrouw";"24";"Amsterdam";"1";"0";"Ik heb een buitenlandse vooropleiding afgerond (bv. A-levels)";"Bij mijn ouder(s)/verzorger(s)"
"5";"5";"5";"3";"2";"5";"1";"5,0";"2,6";"5,0";"2";"2";"5";"2";"1";"1";"1";"1";"1";"3";"4";"4,2";"5,0";"1,0";"3,67";"2,33";"1,0";"3,67";"1,0";"2,33";"1,0";"4,12";"43";"1,0";"0";"1,0";"1,0";"3,0";"1,0";"1,0";"1,0";"1,0";"1,0";"1,0";"1,0";"5";"5";"3";"5";"5";"5";"5";"5";"5";"5";"1";"5";"5";"5";"5";"5";"5";"2";"1";"";"2,28";"";"";"";"";"";"";"";"";"";"";"";"";"";"";"";"";"";"";"";"";"";"";"";"";"Business, Finance and Law (BFL)";"Vrouw";"33";"Amsterdam";"1";"1";"Anders, namelijk (vul in):";"Anders"
"3";"3";"4";"3";"2";"2";"4";"4,2";"3,0";"2,2";"";"1";"1";"1";"2";"2";"1";"1";"2";"3";"3";"3,0";"5,0";"2,33";"3,67";"5,0";"3,67";"2,33";"3,67";"2,33";"3,67";"3,92";"43";"1,0";"0";"1,0";"1,0";"1,0";"1,0";"1,0";"3,0";"1,0";"3,0";"5,0";"1,0";"4";"5";"2";"4";"3";"3";"3";"3";"2";"4";"2";"4";"2";"3";"1";"1";"1";"1";"1";"1";"1,0";"";"";"";"";"";"";"";"";"";"";"";"";"";"";"";"";"";"";"";"";"";"";"";"";"Business, Finance and Law (BFL)";"Vrouw";"22";"Alkmaar";"1";"0";"Havo";"Bij mijn ouder(s)/verzorger(s)"
"2";"3";"3";"4";"3";"5";"4";"3,4";"3,8";"3,4";"4";"4";"2";"4";"5";"4";"5";"5";"5";"3";"1";"4,2";"4,2";"2,33";"2,33";"2,33";"2,33";"1,0";"2,33";"1,0";"2,33";"4,0";"43";"1,0";"0";"1,0";"1,0";"1,0";"1,0";"3,0";"1,0";"1,0";"1,0";"1,0";"1,0";"3";"4";"3";"4";"4";"4";"3";"3";"4";"3";"3";"2";"2";"3";"3";"1";"1";"1";"1";"3";"3,0";"";"";"";"";"";"";"";"";"";"";"";"";"";"";"";"";"";"";"";"";"";"";"";"";"Business, Finance and Law (BFL)";"Man";"18";"Alkmaar";"1";"0";"Havo";"Bij mijn ouder(s)/verzorger(s)"
"2";"4";"3";"2";"2";"3";"2";"3,4";"3,0";"3,4";"2";"2";"1";"2";"3";"1";"3";"2";"3";"1";"3";"3,0";"3,8";"2,33";"1,0";"2,33";"2,33";"2,33";"3,67";"1,0";"2,33";"3,56";"43";"1,0";"0";"3,0";"1,0";"1,0";"1,0";"3,0";"3,0";"1,0";"1,0";"3,0";"1,0";"4";"4";"3";"4";"4";"4";"3";"3";"4";"3";"3";"2";"2";"3";"3";"2";"3";"3";"1";"3";"3,88";"3";"3";"3";"2";"4";"2";"3";"3";"4";"4";"3";"3";"3";"4";"3";"3";"3";"4";"4";"4";"3";"3";"4";"3";"Gezondheid, Sport en Welzijn (GSW)";"Man";"21";"Haarlem";"1";"0";"Mbo";"Bij mijn ouder(s)/verzorger(s)"
"3";"5";"4";"4";"3";"3";"3";"3,8";"3,0";"4,2";"1";"1";"1";"2";"3";"3";"3";"1";"1";"5";"4";"3,8";"4,2";"2,33";"1,0";"2,33";"2,33";"2,33";"1,0";"2,33";"2,33";"3,8";"43";"1,0";"0";"1,0";"1,0";"1,0";"1,0";"1,0";"1,0";"1,0";"1,0";"1,0";"1,0";"4";"5";"3";"4";"5";"5";"5";"5";"5";"5";"3";"5";"4";"4";"3";"1";"1";"1";"1";"3";"2,28";"2";"2";"2";"3";"2";"2";"3";"2";"2";"4";"3";"4";"3";"3";"3";"4";"3";"4";"4";"4";"4";"5";"4";"4";"Gezondheid, Sport en Welzijn (GSW)";"Vrouw";"20";"Haarlem";"1";"0";"Havo";"Bij mijn ouder(s)/verzorger(s)"
"2";"3";"3";"2";"1";"3";"3";"4,2";"2,2";"3,8";"1";"2";"1";"2";"3";"2";"3";"2";"1";"1";"4";"4,2";"3,4";"2,33";"1,0";"1,0";"2,33";"1,0";"3,67";"1,0";"1,0";"3,8";"43";"1,0";"0";"1,0";"1,0";"1,0";"1,0";"5,0";"3,0";"1,0";"1,0";"5,0";"5,0";"3";"5";"3";"5";"3";"4";"3";"1";"4";"2";"2";"4";"1";"3";"1";"1";"1";"2";"1";"3";"1,64";"2";"2";"2";"2";"2";"2";"4";"2";"1";"4";"2";"2";"5";"4";"2";"4";"4";"2";"4";"4";"4";"4";"3";"1";"Gezondheid, Sport en Welzijn (GSW)";"Man";"20";"Haarlem";"1";"0";"Havo";"Bij mijn ouder(s)/verzorger(s)"
"3";"3";"4";"4";"4";"4";"4";"2,2";"4,6";"3,0";"5";"5";"5";"5";"5";"5";"3";"5";"5";"5";"3";"2,2";"4,6";"5,0";"3,67";"3,67";"3,67";"3,67";"5,0";"3,67";"3,67";"3,64";"43";"2,6";"1";"1,0";"1,0";"1,0";"3,0";"3,0";"3,0";"1,0";"1,0";"1,0";"1,0";"4";"5";"2";"4";"1";"4";"1";"3";"1";"3";"1";"4";"2";"2";"1";"3";"2";"1";"0";"3";"4,2";"";"";"";"";"";"";"";"";"";"";"";"";"";"";"";"";"";"";"";"";"";"";"";"";"Agri, Food and Life Sciences (AFL)";"Vrouw";"19";"Amsterdam";"1";"0";"Havo";"Bij mijn ouder(s)/verzorger(s)"
"3";"5";"4";"3";"2";"4";"3";"4,6";"3,8";"4,2";"1";"1";"1";"3";"3";"3";"3";"1";"3";"2";"3";"3,4";"3,8";"1,0";"2,33";"2,33";"1,0";"1,0";"2,33";"1,0";"2,33";"4,24";"43";"1,0";"0";"1,0";"1,0";"1,0";"3,0";"1,0";"3,0";"3,0";"1,0";"5,0";"1,0";"5";"4";"2";"4";"4";"4";"3";"4";"4";"3";"3";"4";"3";"4";"4";"4";"1";"2";"1";"4";"1,96";"2";"2";"2";"3";"3";"4";"5";"3";"4";"3";"4";"4";"4";"2";"3";"4";"2";"4";"3";"4";"4";"4";"4";"3";"Business, Finance and Law (BFL)";"Vrouw";"22";"Alkmaar";"1";"0";"Havo";"Bij mijn ouder(s)/verzorger(s)"
"2";"4";"3";"3";"4";"3";"2";"3,8";"3,4";"3,4";"2";"4";"";"4";"5";"5";"3";"5";"5";"";"4";"4,2";"3,8";"2,33";"2,33";"1,0";"2,33";"2,33";"2,33";"2,33";"2,33";"3,8";"43";"1,0";"1";"1,0";"1,0";"3,0";"3,0";"5,0";"3,0";"1,0";"1,0";"1,0";"1,0";"4";"4";"2";"3";"3";"3";"4";"4";"4";"4";"2";"5";"2";"4";"3";"3";"1";"1";"1";"1";"1,0";"2";"2";"4";"2";"4";"3";"4";"4";"3";"4";"3";"2";"2";"2";"3";"4";"4";"5";"3";"3";"3";"4";"3";"3";"Business, Finance and Law (BFL)";"Man";"20";"Alkmaar";"1";"0";"Havo";"Bij mijn ouder(s)/verzorger(s)"
"2";"4";"3";"3";"2";"2";"3";"3,4";"3,4";"3,8";"1";"2";"3";"3";"4";"";"3";"3";"2";"4";"3";"3,8";"3,4";"2,33";"3,67";"1,0";"3,67";"1,0";"3,67";"1,0";"2,33";"4,04";"43";"1,0";"0";"1,0";"1,0";"1,0";"3,0";"3,0";"3,0";"3,0";"1,0";"1,0";"1,0";"3";"4";"3";"5";"4";"4";"4";"3";"3";"3";"3";"5";"3";"4";"3";"1";"3";"2";"1";"3";"1,24";"3";"3";"2";"3";"1";"2";"3";"3";"2";"3";"4";"4";"4";"3";"3";"3";"3";"4";"4";"5";"3";"5";"4";"4";"Techniek, Ontwerpen en Informatica (TOI)";"Man";"21";"Alkmaar";"1";"0";"Vwo";"Bij mijn ouder(s)/verzorger(s)"
"2";"3";"3";"4";"4";"3";"4";"2,6";"3,4";"2,6";"2";"3";"3";"3";"5";"4";"2";"4";"4";"5";"4";"3,8";"4,6";"2,33";"3,67";"3,67";"2,33";"2,33";"2,33";"1,0";"2,33";"2,84";"43";"1,0";"1";"1,0";"1,0";"1,0";"3,0";"3,0";"3,0";"1,0";"1,0";"1,0";"1,0";"3";"3";"2";"4";"3";"5";"4";"3";"3";"4";"4";"5";"3";"5";"3";"1";"3";"1";"";"4";"2,2";"";"";"";"";"";"";"";"";"";"";"";"";"";"";"";"";"";"";"";"";"";"";"";"";"Business, Finance and Law (BFL)";"Man";"17";"Alkmaar";"1";"0";"Havo";"Bij mijn ouder(s)/verzorger(s)"
"3";"4";"3";"2";"2";"2";"2";"3,8";"2,6";"4,2";"1";"";"";"";"3";"3";"1";"2";"3";"";"3";"4,2";"3,8";"2,33";"2,33";"1,0";"2,33";"2,33";"2,33";"1,0";"2,33";"3,8";"43";"1,0";"0";"1,0";"1,0";"1,0";"3,0";"1,0";"3,0";"1,0";"1,0";"1,0";"1,0";"3";"4";"3";"4";"5";"5";"4";"3";"3";"4";"4";"5";"4";"4";"3";"1";"2";"1";"1";"3";"2,12";"1";"2";"4";"1";"4";"2";"2";"3";"2";"4";"2";"2";"3";"4";"2";"4";"4";"5";"4";"4";"3";"4";"4";"4";"Techniek, Ontwerpen en Informatica (TOI)";"Man";"21";"Alkmaar";"1";"0";"Vwo";"Bij mijn ouder(s)/verzorger(s)"
"4";"4";"4";"3";"3";"2";"2";"3,8";"3,4";"4,2";"1";"3";"2";"3";"4";"4";"5";"3";"3";"3";"3";"4,2";"3,8";"1,0";"2,33";"2,33";"2,33";"1,0";"2,33";"1,0";"2,33";"3,84";"43";"1,0";"0";"3,0";"1,0";"1,0";"3,0";"3,0";"5,0";"1,0";"1,0";"1,0";"1,0";"3";"5";"3";"4";"4";"5";"4";"4";"3";"3";"2";"4";"4";"3";"3";"2";"1";"3";"1";"4";"2,44";"2";"2";"3";"1";"3";"3";"4";"3";"1";"3";"4";"2";"4";"3";"3";"4";"2";"4";"3";"3";"3";"4";"4";"3";"Techniek, Ontwerpen en Informatica (TOI)";"Vrouw";"18";"Haarlem";"1";"0";"Havo";"Bij mijn ouder(s)/verzorger(s)"
"2";"4";"3";"3";"3";"4";"3";"3,8";"3,4";"4,2";"3";"3";"2";"3";"4";"3";"2";"2";"3";"3";"4";"4,2";"3,4";"1,0";"3,67";"1,0";"2,33";"1,0";"2,33";"1,0";"2,33";"3,88";"43";"1,0";"0";"1,0";"1,0";"1,0";"3,0";"3,0";"3,0";"3,0";"3,0";"3,0";"3,0";"3";"4";"4";"3";"4";"4";"4";"4";"4";"4";"2";"4";"2";"3";"2";"1";"1";"1";"1";"4";"2,28";"1";"2";"2";"3";"3";"3";"5";"3";"2";"4";"4";"2";"5";"2";"3";"3";"2";"3";"3";"4";"3";"3";"3";"3";"Gezondheid, Sport en Welzijn (GSW)";"Vrouw";"18";"Haarlem";"1";"0";"Havo";"Bij mijn ouder(s)/verzorger(s)"
"2";"4";"3";"3";"4";"3";"3";"3,4";"4,2";"3,4";"3";"4";"2";"3";"4";"4";"3";"4";"4";"1";"5";"3,4";"4,2";"2,33";"3,67";"2,33";"3,67";"3,67";"3,67";"2,33";"2,33";"3,68";"43";"1,0";"1";"1,0";"1,0";"1,0";"3,0";"3,0";"3,0";"1,0";"1,0";"3,0";"1,0";"3";"3";"5";"4";"4";"4";"4";"4";"3";"3";"3";"4";"3";"3";"3";"1";"3";"1";"1";"3";"2,28";"";"";"";"";"";"";"";"";"";"";"";"";"";"";"";"";"";"";"";"";"";"";"";"";"Gezondheid, Sport en Welzijn (GSW)";"Vrouw";"22";"Haarlem";"1";"0";"Mbo";"Bij mijn ouder(s)/verzorger(s)"
"4";"5";"4";"3";"3";"4";"3";"5,0";"3,8";"4,6";"1";"3";"4";"4";"5";"4";"5";"2";"2";"4";"4";"4,6";"4,2";"3,67";"2,33";"5,0";"2,33";"2,33";"2,33";"3,67";"2,33";"3,68";"43";"1,0";"0";"1,0";"1,0";"1,0";"3,0";"5,0";"3,0";"1,0";"1,0";"5,0";"1,0";"5";"5";"2";"4";"4";"2";"2";"2";"1";"3";"3";"5";"4";"4";"3";"1";"1";"1";"1";"2";"";"1";"4";"2";"1";"1";"1";"4";"2";"1";"5";"2";"1";"4";"4";"5";"4";"2";"4";"4";"4";"4";"5";"4";"5";"Gezondheid, Sport en Welzijn (GSW)";"Vrouw";"21";"Haarlem";"1";"0";"Mbo";"Bij mijn ouder(s)/verzorger(s)"
"4";"3";"4";"1";"1";"1";"2";"4,6";"1,4";"4,2";"1";"1";"1";"2";"1";"3";"2";"1";"3";"1";"4";"4,2";"4,2";"1,0";"1,0";"1,0";"2,33";"1,0";"2,33";"1,0";"1,0";"4,32";"43";"1,0";"0";"1,0";"1,0";"1,0";"3,0";"1,0";"3,0";"1,0";"1,0";"1,0";"1,0";"5";"5";"2";"5";"4";"4";"4";"4";"4";"4";"3";"4";"3";"4";"3";"2";"2";"1";"1";"2";"1,8";"1";"1";"3";"3";"5";"1";"5";"3";"3";"4";"1";"1";"2";"4";"2";"4";"3";"4";"3";"4";"4";"5";"3";"3";"Business, Finance and Law (BFL)";"Man";"21";"Haarlem";"1";"0";"Vwo";"Bij mijn ouder(s)/verzorger(s)"
"3";"4";"4";"1";"3";"3";"2";"4,6";"3,4";"4,2";"3";"3";"4";"4";"5";"4";"3";"4";"4";"3";"3";"4,2";"4,6";"1,0";"2,33";"3,67";"1,0";"1,0";"2,33";"2,33";"2,33";"3,6";"43";"1,0";"0";"1,0";"1,0";"1,0";"3,0";"3,0";"3,0";"1,0";"1,0";"5,0";"1,0";"4";"4";"3";"3";"5";"5";"4";"3";"3";"4";"3";"2";"2";"3";"2";"1";"1";"1";"0";"5";"2,36";"";"";"";"";"";"";"";"";"";"";"";"";"";"";"";"";"";"";"";"";"";"";"";"";"Gezondheid, Sport en Welzijn (GSW)";"Vrouw";"25";"Haarlem";"1";"0";"Havo";"Met mijn partner / een relatie"
"3";"4";"4";"2";"2";"3";"3";"3,4";"3,4";"3,8";"3";"3";"";"4";"4";"3";"4";"2";"3";"3";"3";"4,2";"3,8";"1,0";"1,0";"2,33";"1,0";"1,0";"1,0";"1,0";"2,33";"4,0";"43";"1,8";"0";"3,0";"3,0";"3,0";"3,0";"5,0";"3,0";"1,0";"1,0";"3,0";"1,0";"3";"4";"5";"4";"4";"4";"4";"4";"4";"4";"2";"4";"3";"3";"1";"1";"1";"1";"1";"4";"1,56";"";"";"";"";"";"";"";"";"";"";"";"";"";"";"";"";"";"";"";"";"";"";"";"";"Gezondheid, Sport en Welzijn (GSW)";"Vrouw";"19";"Haarlem";"1";"0";"Vwo";"Bij mijn ouder(s)/verzorger(s)"
"4";"4";"3";"2";"1";"3";"4";"3,8";"3,0";"3,8";"";"";"";"";"3";"";"2";"";"";"";"4";"3,8";"3,4";"1,0";"2,33";"1,0";"2,33";"1,0";"2,33";"2,33";"2,33";"4,24";"43";"1,0";"0";"1,0";"1,0";"1,0";"3,0";"3,0";"3,0";"1,0";"1,0";"5,0";"1,0";"4";"5";"2";"3";"4";"4";"4";"4";"4";"4";"3";"4";"2";"2";"2";"1";"1";"1";"1";"5";"2,2";"3";"3";"3";"1";"1";"2";"4";"4";"4";"3";"4";"2";"4";"2";"2";"4";"1";"4";"4";"4";"4";"3";"3";"3";"Gezondheid, Sport en Welzijn (GSW)";"Vrouw";"18";"Haarlem";"1";"0";"Havo";"Bij mijn ouder(s)/verzorger(s)"
"4";"4";"4";"2";"2";"2";"3";"3,8";"3,4";"4,2";"3";"3";"3";"4";"4";"4";"3";"3";"4";"3";"4";"4,2";"3,8";"1,0";"1,0";"2,33";"2,33";"1,0";"2,33";"1,0";"2,33";"4,04";"43";"1,0";"0";"3,0";"1,0";"3,0";"3,0";"5,0";"3,0";"3,0";"1,0";"5,0";"1,0";"4";"4";"3";"4";"4";"4";"4";"4";"4";"4";"4";"4";"4";"4";"4";"3";"2";"2";"1";"4";"4,44";"";"";"";"";"";"";"";"";"";"";"";"";"";"";"";"";"";"";"";"";"";"";"";"";"Gezondheid, Sport en Welzijn (GSW)";"Vrouw";"21";"Haarlem";"1";"0";"Vwo";"Bij mijn ouder(s)/verzorger(s)"
"3";"4";"4";"2";"1";"3";"1";"4,2";"3,4";"4,6";"2";"2";"1";"2";"3";"3";"2";"2";"1";"3";"4";"3,8";"4,2";"2,33";"2,33";"3,67";"3,67";"2,33";"3,67";"2,33";"2,33";"3,76";"43";"1,0";"0";"1,0";"1,0";"1,0";"3,0";"5,0";"3,0";"1,0";"1,0";"5,0";"1,0";"4";"5";"2";"4";"4";"4";"4";"3";"4";"4";"1";"5";"2";"3";"3";"1";"1";"2";"1";"1";"2,44";"3";"2";"3";"3";"1";"1";"3";"3";"1";"3";"2";"3";"3";"3";"3";"4";"4";"4";"5";"4";"4";"4";"4";"4";"Gezondheid, Sport en Welzijn (GSW)";"Vrouw";"18";"Haarlem";"1";"0";"Havo";"Bij mijn ouder(s)/verzorger(s)"
"2";"4";"4";"3";"3";"2";"1";"3,8";"1,8";"3,8";"3";"2";"2";"1";"2";"3";"1";"1";"1";"1";"4";"3,8";"3,4";"2,33";"1,0";"1,0";"3,67";"1,0";"3,67";"2,33";"1,0";"4,12";"43";"1,0";"0";"1,0";"1,0";"1,0";"3,0";"3,0";"1,0";"1,0";"1,0";"5,0";"1,0";"4";"4";"3";"4";"4";"5";"4";"3";"4";"2";"3";"4";"2";"5";"1";"1";"2";"1";"1";"3";"2,28";"1";"1";"3";"3";"3";"3";"2";"2";"3";"3";"3";"3";"3";"3";"3";"3";"3";"4";"3";"4";"3";"4";"4";"4";"Gezondheid, Sport en Welzijn (GSW)";"Man";"23";"Haarlem";"1";"0";"Havo";"Met een of enkele huisgenoten / vrienden (geen relatie)"
"2";"4";"4";"3";"2";"2";"2";"3,8";"3,4";"3,8";"2";"2";"1";"2";"2";"3";"2";"3";"3";"3";"4";"3,0";"3,4";"3,67";"2,33";"1,0";"3,67";"3,67";"3,67";"2,33";"2,33";"3,96";"43";"1,0";"0";"1,0";"1,0";"1,0";"3,0";"1,0";"3,0";"1,0";"1,0";"5,0";"1,0";"4";"4";"4";"4";"4";"4";"4";"3";"4";"4";"3";"3";"2";"4";"3";"3";"1";"4";"1";"3";"2,2";"2";"4";"3";"3";"3";"3";"4";"4";"3";"4";"3";"2";"2";"3";"3";"3";"2";"4";"3";"3";"4";"4";"3";"4";"Gezondheid, Sport en Welzijn (GSW)";"Man";"19";"Haarlem";"1";"0";"Havo";"Bij mijn ouder(s)/verzorger(s)"
"4";"4";"4";"2";"4";"3";"2";"4,6";"4,6";"5,0";"5";"2";"1";"1";"1";"2";"2";"1";"4";"5";"4";"2,6";"4,2";"3,67";"3,67";"3,67";"3,67";"5,0";"3,67";"3,67";"2,33";"3,76";"43";"1,8";"0";"3,0";"3,0";"5,0";"3,0";"3,0";"3,0";"1,0";"1,0";"3,0";"1,0";"4";"5";"3";"5";"5";"5";"4";"3";"5";"5";"3";"4";"3";"3";"1";"4";"1";"2";"1";"3";"1,8";"3";"3";"3";"3";"3";"3";"4";"2";"5";"3";"3";"3";"3";"3";"3";"3";"3";"3";"3";"3";"3";"4";"3";"4";"Gezondheid, Sport en Welzijn (GSW)";"Vrouw";"23";"Haarlem";"1";"0";"Havo";"Met mijn partner / een relatie"
"2";"5";"4";"1";"2";"3";"2";"3,8";"1,4";"4,6";"4";"4";"2";"5";"5";"3";"3";"2";"4";"3";"4";"4,6";"3,8";"1,0";"1,0";"2,33";"2,33";"1,0";"1,0";"2,33";"2,33";"4,08";"43";"1,0";"0";"3,0";"1,0";"1,0";"3,0";"3,0";"5,0";"3,0";"1,0";"5,0";"1,0";"4";"4";"2";"5";"5";"5";"4";"5";"3";"3";"2";"3";"3";"5";"2";"1";"2";"3";"1";"3";"2,12";"2";"1";"1";"2";"3";"1";"4";"4";"4";"4";"4";"2";"4";"4";"4";"4";"3";"4";"5";"4";"4";"5";"5";"5";"Gezondheid, Sport en Welzijn (GSW)";"Man";"18";"Haarlem";"1";"0";"Havo";"Bij mijn ouder(s)/verzorger(s)"
"3";"4";"3";"3";"3";"3";"3";"3,8";"3,4";"3,8";"3";"2";"2";"3";"4";"4";"3";"3";"4";"5";"3";"4,2";"3,4";"2,33";"2,33";"1,0";"1,0";"1,0";"2,33";"2,33";"2,33";"4,04";"43";"1,0";"0";"1,0";"1,0";"1,0";"3,0";"3,0";"3,0";"1,0";"3,0";"5,0";"1,0";"4";"4";"3";"4";"4";"4";"4";"4";"3";"4";"4";"4";"3";"4";"2";"1";"1";"1";"1";"5";"2,44";"";"";"";"";"";"";"";"";"";"";"";"";"";"";"";"";"";"";"";"";"";"";"";"";"Gezondheid, Sport en Welzijn (GSW)";"Vrouw";"17";"Haarlem";"1";"0";"Havo";"Bij mijn ouder(s)/verzorger(s)"
"3";"4";"3";"2";"2";"2";"4";"3,4";"3,0";"3,4";"3";"2";"";"4";"4";"3";"2";"4";"2";"3";"4";"3,8";"3,8";"2,33";"2,33";"1,0";"3,67";"2,33";"3,67";"2,33";"2,33";"4,24";"43";"1,0";"0";"1,0";"1,0";"1,0";"3,0";"3,0";"3,0";"3,0";"1,0";"3,0";"1,0";"4";"5";"3";"4";"3";"3";"3";"2";"4";"2";"2";"4";"1";"3";"2";"1";"1";"1";"1";"3";"2,2";"";"";"";"";"";"";"";"";"";"";"";"";"";"";"";"";"";"";"";"";"";"";"";"";"Gezondheid, Sport en Welzijn (GSW)";"Vrouw";"19";"Haarlem";"1";"0";"Vwo";"Bij mijn ouder(s)/verzorger(s)"
"3";"5";"3";"4";"3";"3";"4";"3,8";"3,8";"4,6";"3";"1";"";"4";"5";"4";"2";"3";"3";"2";"4";"3,4";"4,2";"3,67";"5,0";"3,67";"2,33";"1,0";"3,67";"3,67";"2,33";"3,56";"43";"1,0";"0";"3,0";"1,0";"1,0";"3,0";"3,0";"5,0";"1,0";"3,0";"3,0";"1,0";"3";"5";"3";"4";"4";"3";"3";"4";"4";"4";"2";"5";"3";"4";"2";"4";"2";"1";"1";"5";"2,12";"";"";"";"";"";"";"";"";"";"";"";"";"";"";"";"";"";"";"";"";"";"";"";"";"Gezondheid, Sport en Welzijn (GSW)";"Vrouw";"18";"Haarlem";"1";"0";"Havo";"Bij mijn ouder(s)/verzorger(s)"
"3";"3";"3";"3";"3";"3";"4";"2,2";"2,2";"3,4";"";"";"4";"4";"4";"4";"3";"3";"2";"3";"3";"3,4";"3,8";"2,33";"2,33";"5,0";"2,33";"2,33";"3,67";"2,33";"3,67";"3,64";"43";"2,6";"0";"1,0";"1,0";"1,0";"3,0";"1,0";"3,0";"1,0";"1,0";"5,0";"1,0";"3";"4";"3";"3";"3";"3";"2";"2";"4";"3";"3";"4";"3";"4";"3";"1";"1";"1";"1";"3";"2,28";"2";"4";"2";"3";"5";"3";"4";"5";"4";"2";"4";"4";"4";"2";"4";"3";"3";"4";"4";"4";"4";"5";"4";"4";"Business, Finance and Law (BFL)";"Vrouw";"21";"Haarlem";"1";"0";"Vwo";"Bij mijn ouder(s)/verzorger(s)"
"3";"4";"3";"2";"2";"2";"3";"3,8";"4,2";"3,8";"2";"3";"3";"4";"4";"3";"4";"2";"2";"3";"4";"3,8";"3,0";"2,33";"2,33";"3,67";"2,33";"1,0";"2,33";"1,0";"2,33";"3,64";"43";"1,0";"0";"1,0";"1,0";"3,0";"3,0";"5,0";"3,0";"1,0";"1,0";"3,0";"1,0";"4";"4";"3";"4";"4";"4";"4";"4";"4";"3";"2";"4";"3";"4";"2";"1";"1";"2";"";"4";"1,64";"";"";"";"";"";"";"";"";"";"";"";"";"";"";"";"";"";"";"";"";"";"";"";"";"Gezondheid, Sport en Welzijn (GSW)";"Vrouw";"23";"Haarlem";"1";"0";"Mbo";"Bij mijn ouder(s)/verzorger(s)"
"2";"3";"3";"2";"1";"2";"2";"3,8";"3,0";"3,4";"2";"2";"1";"1";"3";"3";"2";"4";"2";"4";"4";"3,4";"3,8";"2,33";"2,33";"1,0";"2,33";"2,33";"2,33";"2,33";"1,0";"4,56";"43";"1,0";"0";"1,0";"1,0";"1,0";"3,0";"5,0";"3,0";"1,0";"1,0";"3,0";"1,0";"3";"4";"3";"4";"3";"4";"4";"4";"4";"2";"2";"4";"2";"2";"1";"2";"1";"1";"0";"5";"1,88";"2";"3";"3";"1";"3";"1";"4";"3";"3";"4";"4";"4";"4";"3";"2";"3";"3";"2";"2";"4";"3";"4";"3";"3";"Gezondheid, Sport en Welzijn (GSW)";"Vrouw";"20";"Haarlem";"1";"0";"Vwo";"Bij mijn ouder(s)/verzorger(s)"
"3";"4";"3";"2";"2";"3";"3";"3,8";"3,8";"4,2";"3";"3";"2";"4";"4";"3";"2";"2";"2";"2";"4";"3,8";"3,4";"1,0";"2,33";"2,33";"2,33";"1,0";"2,33";"1,0";"2,33";"4,12";"43";"1,0";"0";"1,0";"1,0";"1,0";"3,0";"3,0";"1,0";"1,0";"1,0";"5,0";"1,0";"3";"5";"3";"5";"5";"5";"4";"4";"4";"4";"1";"4";"1";"3";"2";"1";"1";"3";"1";"3";"1,96";"2";"2";"3";"1";"2";"2";"4";"3";"3";"4";"3";"3";"3";"4";"3";"3";"2";"3";"4";"4";"4";"4";"4";"3";"Gezondheid, Sport en Welzijn (GSW)";"Vrouw";"20";"Haarlem";"1";"0";"Havo";"Bij mijn ouder(s)/verzorger(s)"
"3";"4";"3";"2";"3";"3";"3";"3,8";"3,8";"3,4";"4";"2";"3";"4";"4";"4";"2";"3";"2";"4";"4";"3,8";"3,8";"2,33";"2,33";"2,33";"3,67";"1,0";"3,67";"2,33";"2,33";"3,92";"43";"1,0";"0";"1,0";"1,0";"1,0";"3,0";"3,0";"1,0";"1,0";"1,0";"3,0";"1,0";"4";"4";"3";"4";"4";"4";"4";"4";"4";"3";"2";"5";"1";"3";"1";"1";"1";"2";"1";"5";"1,48";"";"";"";"";"";"";"";"";"";"";"";"";"";"";"";"";"";"";"";"";"";"";"";"";"Gezondheid, Sport en Welzijn (GSW)";"Vrouw";"17";"Haarlem";"1";"0";"Havo";"Bij mijn ouder(s)/verzorger(s)"
"1";"3";"3";"4";"4";"3";"4";"3,0";"4,2";"2,6";"4";"3";"3";"5";"5";"5";"5";"3";"";"3";"3";"3,4";"3,4";"2,33";"2,33";"1,0";"2,33";"1,0";"2,33";"2,33";"2,33";"3,4";"43";"1,0";"1";"3,0";"1,0";"5,0";"3,0";"1,0";"5,0";"1,0";"1,0";"3,0";"1,0";"4";"4";"4";"3";"3";"3";"4";"2";"4";"3";"3";"2";"2";"3";"4";"3";"1";"1";"0";"3";"1,96";"5";"4";"4";"3";"4";"5";"5";"2";"2";"1";"5";"4";"3";"1";"4";"3";"1";"5";"4";"5";"3";"5";"4";"3";"Gezondheid, Sport en Welzijn (GSW)";"Vrouw";"18";"Haarlem";"1";"0";"Havo";"Bij mijn ouder(s)/verzorger(s)"
"4";"4";"4";"2";"1";"3";"2";"4,2";"3,8";"3,8";"4";"2";"";"";"4";"";"3";"2";"2";"2";"4";"3,8";"";"1,0";"2,33";"1,0";"2,33";"2,33";"3,67";"2,33";"2,33";"4,24";"43";"1,0";"0";"1,0";"1,0";"1,0";"3,0";"5,0";"5,0";"1,0";"1,0";"5,0";"1,0";"4";"5";"1";"4";"4";"4";"4";"4";"4";"3";"3";"3";"4";"4";"5";"2";"1";"1";"1";"4";"4,12";"";"";"";"";"";"";"";"";"";"";"";"";"";"";"";"";"";"";"";"";"";"";"";"";"Gezondheid, Sport en Welzijn (GSW)";"Vrouw";"20";"Haarlem";"1";"0";"Havo";"Bij mijn ouder(s)/verzorger(s)"
"4";"4";"4";"3";"2";"3";"2";"4,6";"2,6";"4,2";"3";"3";"3";"3";"4";"3";"3";"2";"3";"3";"4";"4,2";"4,2";"2,33";"2,33";"2,33";"2,33";"1,0";"2,33";"2,33";"1,0";"4,2";"43";"1,0";"0";"1,0";"1,0";"1,0";"3,0";"5,0";"3,0";"1,0";"1,0";"5,0";"1,0";"5";"5";"1";"4";"5";"5";"5";"4";"4";"4";"4";"5";"4";"4";"1";"1";"1";"1";"1";"4";"3,4";"";"";"";"";"";"";"";"";"";"";"";"";"";"";"";"";"";"";"";"";"";"";"";"";"Gezondheid, Sport en Welzijn (GSW)";"Vrouw";"22";"Haarlem";"1";"0";"Vwo";"Bij mijn ouder(s)/verzorger(s)"
"3";"4";"4";"3";"2";"4";"3";"4,2";"3,4";"4,2";"1";"2";"2";"4";"4";"3";"4";"3";"4";"4";"4";"3,8";"3,4";"2,33";"3,67";"1,0";"2,33";"2,33";"2,33";"2,33";"2,33";"4,0";"43";"1,0";"0";"1,0";"1,0";"1,0";"3,0";"5,0";"3,0";"1,0";"1,0";"5,0";"1,0";"4";"4";"2";"4";"4";"4";"5";"4";"4";"4";"3";"2";"3";"4";"3";"1";"1";"3";"1";"4";"1,72";"";"";"";"";"";"";"";"";"";"";"";"";"";"";"";"";"";"";"";"";"";"";"";"";"Gezondheid, Sport en Welzijn (GSW)";"Vrouw";"17";"Haarlem";"1";"0";"Havo";"Bij mijn ouder(s)/verzorger(s)"
"3";"4";"4";"1";"2";"3";"2";"3,8";"2,2";"3,8";"1";"1";"1";"2";"2";"";"2";"3";"2";"3";"5";"4,2";"3,4";"1,0";"1,0";"1,0";"2,33";"1,0";"2,33";"1,0";"1,0";"3,84";"43";"1,0";"0";"1,0";"1,0";"1,0";"3,0";"3,0";"3,0";"1,0";"3,0";"3,0";"1,0";"4";"4";"3";"4";"5";"5";"4";"4";"5";"2";"3";"4";"2";"4";"3";"1";"1";"3";"1";"4";"1,4";"";"";"";"";"";"";"";"";"";"";"";"";"";"";"";"";"";"";"";"";"";"";"";"";"Gezondheid, Sport en Welzijn (GSW)";"Man";"19";"Haarlem";"1";"0";"Havo";"Bij mijn ouder(s)/verzorger(s)"
"2";"3";"3";"3";"2";"2";"4";"3,8";"3,4";"4,2";"2";"2";"3";"4";"4";"3";"4";"3";"2";"3";"4";"4,6";"3,8";"2,33";"2,33";"2,33";"2,33";"1,0";"3,67";"1,0";"3,67";"4,44";"43";"1,0";"0";"3,0";"1,0";"1,0";"3,0";"3,0";"3,0";"1,0";"1,0";"5,0";"1,0";"3";"4";"2";"4";"4";"4";"4";"4";"4";"5";"3";"5";"3";"4";"2";"1";"1";"1";"1";"4";"1,96";"";"";"";"";"";"";"";"";"";"";"";"";"";"";"";"";"";"";"";"";"";"";"";"";"Gezondheid, Sport en Welzijn (GSW)";"Man";"18";"Haarlem";"1";"0";"Vwo";"Bij mijn ouder(s)/verzorger(s)"
"3";"5";"4";"3";"2";"3";"2";"4,2";"3,8";"4,6";"3";"1";"4";"4";"5";"5";"2";"3";"2";"4";"4";"4,2";"4,2";"2,33";"2,33";"2,33";"2,33";"1,0";"2,33";"2,33";"2,33";"4,16";"43";"1,0";"0";"1,0";"1,0";"1,0";"3,0";"1,0";"1,0";"1,0";"1,0";"5,0";"1,0";"4";"5";"2";"5";"4";"5";"4";"4";"4";"3";"2";"4";"3";"3";"4";"1";"1";"3";"1";"4";"1,8";"";"";"";"";"";"";"";"";"";"";"";"";"";"";"";"";"";"";"";"";"";"";"";"";"Gezondheid, Sport en Welzijn (GSW)";"Vrouw";"18";"Haarlem";"1";"0";"Havo";"Bij mijn ouder(s)/verzorger(s)"
"4";"4";"4";"3";"2";"2";"3";"3,8";"2,6";"4,6";"1";"1";"2";"1";"3";"3";"1";"2";"1";"4";"4";"4,2";"4,2";"1,0";"2,33";"2,33";"1,0";"2,33";"2,33";"1,0";"2,33";"4,08";"43";"1,0";"0";"1,0";"1,0";"1,0";"3,0";"5,0";"3,0";"1,0";"1,0";"5,0";"1,0";"4";"4";"2";"4";"5";"5";"4";"3";"4";"4";"4";"4";"4";"4";"3";"4";"5";"5";"1";"4";"2,04";"2";"1";"2";"1";"1";"2";"4";"3";"4";"4";"3";"2";"2";"4";"3";"3";"4";"5";"3";"4";"3";"4";"3";"3";"Gezondheid, Sport en Welzijn (GSW)";"Man";"17";"Haarlem";"1";"0";"Havo";"Bij mijn ouder(s)/verzorger(s)"
"4";"3";"3";"2";"4";"4";"2";"3,8";"3,8";"3,4";"4";"4";"4";"5";"4";"4";"4";"4";"5";"1";"4";"3,8";"3,4";"1,0";"1,0";"2,33";"1,0";"1,0";"2,33";"1,0";"2,33";"4,12";"43";"1,0";"0";"1,0";"1,0";"1,0";"3,0";"1,0";"1,0";"1,0";"1,0";"1,0";"1,0";"4";"5";"2";"4";"3";"3";"3";"2";"4";"4";"2";"4";"2";"2";"2";"2";"2";"2";"0";"3";"2,12";"1";"2";"3";"2";"3";"3";"4";"2";"2";"3";"2";"2";"2";"3";"3";"4";"4";"3";"3";"3";"2";"4";"4";"4";"Business, Finance and Law (BFL)";"Vrouw";"19";"Rotterdam";"1";"0";"Havo";"Bij mijn ouder(s)/verzorger(s)"
"2";"2";"3";"4";"3";"4";"3";"2,6";"3,0";"2,2";"2";"3";"2";"3";"4";"4";"4";"2";"3";"3";"3";"3,4";"4,2";"2,33";"3,67";"2,33";"3,67";"2,33";"3,67";"1,0";"3,67";"4,04";"43";"1,0";"1";"1,0";"1,0";"1,0";"3,0";"5,0";"3,0";"1,0";"1,0";"1,0";"1,0";"3";"4";"3";"4";"3";"3";"3";"4";"4";"4";"3";"3";"2";"2";"2";"4";"1";"1";"";"3";"1,8";"";"";"";"";"";"";"";"";"";"";"";"";"";"";"";"";"";"";"";"";"";"";"";"";"Business, Finance and Law (BFL)";"Vrouw";"17";"Rotterdam";"1";"0";"Havo";"Bij mijn ouder(s)/verzorger(s)"
"2";"4";"3";"3";"3";"2";"3";"3,8";"3,4";"4,2";"5";"4";"4";"5";"5";"3";"5";"2";"4";"2";"4";"3,0";"3,8";"2,33";"5,0";"5,0";"3,67";"2,33";"3,67";"2,33";"2,33";"3,8";"43";"1,0";"0";"3,0";"1,0";"3,0";"3,0";"3,0";"5,0";"1,0";"1,0";"1,0";"1,0";"3";"3";"2";"4";"4";"4";"3";"3";"3";"3";"3";"4";"3";"3";"2";"1";"1";"1";"1";"1";"3,08";"";"";"";"";"";"";"";"";"";"";"";"";"";"";"";"";"";"";"";"";"";"";"";"";"Gezondheid, Sport en Welzijn (GSW)";"Vrouw";"26";"Rotterdam";"1";"0";"Mbo";"Alleen"
"3";"3";"3";"4";"4";"4";"3";"3,0";"4,2";"3,4";"4";"3";"1";"3";"4";"3";"2";"2";"2";"2";"4";"2,6";"3,8";"3,67";"3,67";"2,33";"3,67";"5,0";"2,33";"3,67";"2,33";"3,8";"43";"1,8";"0";"1,0";"5,0";"5,0";"3,0";"3,0";"3,0";"3,0";"3,0";"3,0";"3,0";"4";"5";"3";"3";"5";"5";"4";"5";"5";"5";"5";"5";"5";"5";"5";"5";"1";"1";"1";"1";"1,0";"";"";"";"";"";"";"";"";"";"";"";"";"";"";"";"";"";"";"";"";"";"";"";"";"Business, Finance and Law (BFL)";"Vrouw";"20";"Den Haag";"1";"1";"Havo";"Alleen"
"4";"3";"2";"3";"2";"3";"2";"3,8";"3,4";"3,8";"3";"3";"3";"4";"4";"3";"1";"1";"3";"2";"4";"4,2";"3,8";"2,33";"1,0";"3,67";"2,33";"1,0";"2,33";"1,0";"1,0";"4,08";"43";"1,0";"0";"1,0";"1,0";"1,0";"3,0";"1,0";"3,0";"1,0";"1,0";"1,0";"1,0";"4";"3";"3";"5";"4";"3";"4";"4";"5";"3";"2";"5";"3";"4";"2";"2";"2";"1";"1";"4";"1,88";"3";"1";"2";"1";"1";"2";"5";"2";"1";"5";"2";"1";"1";"3";"1";"3";"2";"4";"4";"5";"3";"4";"4";"4";"Techniek, Ontwerpen en Informatica (TOI)";"Man";"19";"Alkmaar";"2";"0";"Havo";"Bij mijn ouder(s)/verzorger(s)"
"3";"4";"4";"3";"2";"3";"2";"3,8";"3,8";"4,2";"3";"3";"3";"4";"5";"4";"1";"5";"4";"3";"4";"4,2";"3,8";"2,33";"3,67";"3,67";"2,33";"1,0";"2,33";"2,33";"5,0";"4,04";"43";"1,0";"0";"3,0";"1,0";"1,0";"3,0";"1,0";"5,0";"1,0";"1,0";"5,0";"1,0";"5";"4";"3";"4";"4";"4";"3";"3";"4";"4";"2";"5";"3";"4";"2";"1";"4";"4";"1";"2";"1,0";"2";"4";"3";"4";"3";"2";"4";"3";"2";"4";"3";"4";"3";"2";"2";"4";"4";"4";"3";"4";"3";"4";"3";"2";"Gezondheid, Sport en Welzijn (GSW)";"Vrouw";"19";"Haarlem";"2";"0";"Havo";"Bij mijn ouder(s)/verzorger(s)"
"3";"3";"2";"1";"1";"1";"3";"3,8";"3,8";"3,0";"1";"3";"1";"2";"4";"1";"2";"3";"1";"4";"4";"3,4";"3,8";"1,0";"1,0";"2,33";"2,33";"1,0";"2,33";"1,0";"1,0";"3,8";"43";"1,0";"1";"1,0";"1,0";"1,0";"3,0";"3,0";"3,0";"3,0";"3,0";"3,0";"3,0";"5";"5";"3";"4";"4";"4";"4";"3";"4";"3";"3";"4";"2";"2";"1";"1";"1";"1";"1";"3";"2,2";"2";"1";"5";"2";"3";"1";"4";"2";"4";"4";"2";"2";"1";"4";"1";"3";"2";"4";"1";"3";"1";"4";"4";"4";"Techniek, Ontwerpen en Informatica (TOI)";"Vrouw";"19";"Haarlem";"2";"0";"Havo";"Bij mijn ouder(s)/verzorger(s)"
"4";"4";"4";"3";"2";"1";"2";"3,8";"3,4";"4,2";"1";"2";"2";"2";"4";"2";"3";"1";"1";"2";"4";"4,2";"3,8";"1,0";"1,0";"5,0";"2,33";"1,0";"2,33";"1,0";"2,33";"4,04";"43";"1,0";"0";"3,0";"1,0";"3,0";"5,0";"3,0";"3,0";"3,0";"1,0";"5,0";"1,0";"4";"4";"3";"4";"5";"5";"4";"4";"4";"4";"4";"4";"4";"4";"4";"3";"1";"1";"1";"4";"";"";"";"";"";"";"";"";"";"";"";"";"";"";"";"";"";"";"";"";"";"";"";"";"";"Gezondheid, Sport en Welzijn (GSW)";"Vrouw";"22";"Haarlem";"1";"0";"Havo";"Bij mijn ouder(s)/verzorger(s)"
"3";"4";"3";"3";"2";"3";"2";"4,2";"3,4";"4,6";"2";"1";"1";"1";"2";"1";"2";"1";"2";"2";"3";"4,2";"4,2";"1,0";"2,33";"2,33";"1,0";"1,0";"2,33";"2,33";"1,0";"4,32";"43";"1,0";"0";"3,0";"1,0";"1,0";"5,0";"5,0";"3,0";"3,0";"1,0";"5,0";"3,0";"4";"4";"3";"5";"4";"4";"4";"4";"4";"3";"3";"3";"3";"4";"4";"3";"2";"1";"1";"3";"2,84";"";"";"";"";"";"";"";"";"";"";"";"";"";"";"";"";"";"";"";"";"";"";"";"";"Gezondheid, Sport en Welzijn (GSW)";"Man";"22";"Haarlem";"1";"0";"Vwo";"Alleen"
"5";"4";"4";"3";"4";"3";"4";"3,8";"2,6";"3,8";"2";"2";"4";"4";"1";"1";"2";"1";"2";"2";"3";"3,8";"4,2";"2,33";"2,33";"3,67";"2,33";"2,33";"2,33";"2,33";"2,33";"4,4";"43";"1,0";"0";"3,0";"1,0";"1,0";"5,0";"5,0";"3,0";"3,0";"3,0";"5,0";"3,0";"4";"4";"3";"4";"4";"4";"4";"3";"3";"4";"3";"4";"3";"4";"4";"3";"4";"4";"1";"4";"2,2";"";"";"";"";"";"";"";"";"";"";"";"";"";"";"";"";"";"";"";"";"";"";"";"";"Gezondheid, Sport en Welzijn (GSW)";"Vrouw";"19";"Haarlem";"1";"1";"Havo";"Bij mijn ouder(s)/verzorger(s)"
"4";"4";"4";"2";"2";"2";"2";"5,0";"2,6";"5,0";"3";"3";"3";"3";"3";"2";"2";"2";"2";"3";"4";"3,4";"5,0";"2,33";"2,33";"2,33";"3,67";"3,67";"3,67";"2,33";"2,33";"4,32";"42";"1,0";"0";"3,0";"3,0";"3,0";"1,0";"1,0";"3,0";"3,0";"1,0";"1,0";"1,0";"5";"5";"2";"5";"5";"5";"1";"1";"1";"1";"2";"5";"1";"1";"1";"1";"1";"1";"1";"4";"2,2";"";"";"";"";"";"";"";"";"";"";"";"";"";"";"";"";"";"";"";"";"";"";"";"";"Techniek, Ontwerpen en Informatica (TOI)";"Man";"23";"Amsterdam";"1";"1";"Mbo";"Bij mijn ouder(s)/verzorger(s)"
"3";"4";"3";"3";"4";"3";"4";"4,2";"3,4";"3,4";"1";"1";"2";"2";"2";"3";"2";"2";"2";"3";"2";"2,2";"3,4";"5,0";"5,0";"5,0";"3,67";"5,0";"3,67";"5,0";"5,0";"4,0";"42";"1,0";"0";"5,0";"5,0";"5,0";"1,0";"3,0";"3,0";"1,0";"1,0";"1,0";"1,0";"4";"4";"3";"4";"4";"4";"3";"3";"4";"4";"3";"4";"2";"3";"2";"1";"1";"1";"1";"1";"1,0";"4";"5";"3";"5";"4";"5";"5";"2";"4";"1";"5";"5";"5";"1";"5";"3";"2";"4";"3";"4";"3";"4";"4";"3";"Business, Finance and Law (BFL)";"Vrouw";"22";"Alkmaar";"1";"0";"Havo";"Bij mijn ouder(s)/verzorger(s)"
"3";"4";"3";"3";"5";"4";"2";"4,2";"4,2";"3,4";"2";"3";"";"3";"4";"5";"";"5";"4";"";"3";"3,4";"3,8";"2,33";"3,67";"3,67";"3,67";"1,0";"3,67";"3,67";"2,33";"4,4";"42";"1,0";"0";"1,0";"1,0";"1,0";"1,0";"1,0";"1,0";"1,0";"1,0";"1,0";"1,0";"5";"4";"2";"4";"4";"4";"5";"4";"3";"4";"3";"4";"2";"3";"4";"1";"1";"4";"1";"4";"2,36";"4";"3";"3";"1";"1";"2";"5";"3";"4";"4";"3";"4";"4";"2";"3";"5";"5";"3";"3";"4";"4";"3";"2";"2";"Onderwijs en Innovatie (ONI)";"Vrouw";"35";"Haarlem";"1";"0";"Anders, namelijk (vul in):";"Anders"
"4";"4";"4";"3";"2";"2";"2";"4,2";"3,0";"3,8";"3";"3";"3";"3";"3";"3";"3";"3";"3";"1";"4";"3,8";"3,4";"2,33";"1,0";"1,0";"2,33";"1,0";"2,33";"2,33";"2,33";"3,84";"42";"2,6";"0";"1,0";"1,0";"1,0";"1,0";"1,0";"3,0";"3,0";"1,0";"1,0";"1,0";"3";"4";"3";"4";"4";"3";"4";"3";"3";"2";"3";"4";"3";"3";"2";"2";"4";"1";"0";"4";"2,2";"";"";"";"";"";"";"";"";"";"";"";"";"";"";"";"";"";"";"";"";"";"";"";"";"Business, Finance and Law (BFL)";"Vrouw";"17";"Rotterdam";"1";"0";"Havo";"Bij mijn ouder(s)/verzorger(s)"
"4";"5";"4";"2";"1";"3";"2";"4,6";"1,8";"5,0";"1";"3";"2";"3";"3";"3";"2";"2";"3";"1";"4";"4,6";"4,2";"1,0";"1,0";"2,33";"1,0";"2,33";"1,0";"2,33";"2,33";"4,08";"42";"2,6";"0";"1,0";"1,0";"1,0";"1,0";"1,0";"3,0";"3,0";"1,0";"1,0";"1,0";"4";"5";"2";"5";"5";"5";"4";"4";"4";"5";"4";"5";"4";"5";"2";"4";"5";"5";"1";"4";"1,56";"1";"3";"2";"2";"3";"1";"2";"2";"2";"4";"3";"3";"4";"3";"2";"2";"4";"5";"4";"5";"4";"4";"3";"4";"Verloskunde Academie";"Vrouw";"20";"Amsterdam";"2";"0";"Anders, namelijk (vul in):";"Bij mijn ouder(s)/verzorger(s)"
"3";"4";"4";"2";"1";"3";"2";"4,6";"3,0";"4,6";"2";"2";"1";"3";"3";"2";"2";"1";"2";"3";"4";"3,8";"3,4";"1,0";"2,33";"2,33";"1,0";"1,0";"2,33";"1,0";"2,33";"3,72";"42";"1,0";"0";"1,0";"1,0";"3,0";"3,0";"5,0";"3,0";"1,0";"1,0";"5,0";"1,0";"4";"5";"3";"4";"5";"4";"4";"3";"4";"4";"3";"3";"2";"4";"2";"1";"1";"1";"1";"5";"1,96";"1";"2";"2";"3";"1";"1";"3";"3";"1";"4";"2";"3";"3";"2";"2";"3";"3";"4";"3";"4";"4";"4";"4";"3";"Gezondheid, Sport en Welzijn (GSW)";"Vrouw";"21";"Haarlem";"1";"0";"Vwo";"Bij mijn ouder(s)/verzorger(s)"
"3";"4";"4";"2";"2";"2";"2";"4,2";"3,0";"3,8";"1";"2";"1";"2";"2";"3";"1";"1";"2";"2";"4";"4,6";"3,8";"1,0";"1,0";"1,0";"1,0";"1,0";"2,33";"1,0";"2,33";"3,88";"42";"1,0";"0";"1,0";"1,0";"1,0";"3,0";"1,0";"3,0";"1,0";"1,0";"1,0";"1,0";"4";"5";"2";"5";"5";"5";"3";"2";"2";"1";"2";"5";"2";"2";"2";"1";"1";"1";"1";"5";"2,28";"";"";"";"";"";"";"";"";"";"";"";"";"";"";"";"";"";"";"";"";"";"";"";"";"Business, Finance and Law (BFL)";"Vrouw";"18";"Rotterdam";"1";"0";"Havo";"Bij mijn ouder(s)/verzorger(s)"
"3";"4";"4";"2";"2";"2";"2";"3,8";"3,4";"4,2";"3";"3";"2";"3";"3";"3";"1";"2";"3";"2";"4";"4,2";"3,4";"1,0";"1,0";"1,0";"1,0";"1,0";"1,0";"1,0";"1,0";"3,88";"42";"1,0";"0";"1,0";"1,0";"1,0";"3,0";"1,0";"3,0";"1,0";"1,0";"1,0";"1,0";"4";"5";"2";"5";"4";"5";"3";"2";"2";"1";"2";"4";"2";"2";"2";"1";"1";"1";"1";"5";"2,28";"";"";"";"";"";"";"";"";"";"";"";"";"";"";"";"";"";"";"";"";"";"";"";"";"Business, Finance and Law (BFL)";"Vrouw";"18";"Rotterdam";"1";"0";"Havo";"Bij mijn ouder(s)/verzorger(s)"
"4";"4";"4";"3";"3";"4";"5";"4,6";"4,2";"3,0";"3";"5";"3";"4";"5";"5";"4";"4";"3";"1";"4";"3,8";"3,4";"5,0";"3,67";"2,33";"2,33";"3,67";"2,33";"3,67";"3,67";"3,56";"42";"2,6";"0";"5,0";"1,0";"5,0";"3,0";"1,0";"5,0";"1,0";"1,0";"1,0";"1,0";"4";"3";"3";"4";"3";"2";"1";"1";"1";"1";"3";"4";"3";"3";"1";"1";"1";"1";"0";"2";"1,32";"4";"4";"4";"2";"1";"3";"5";"4";"2";"3";"4";"3";"5";"2";"4";"3";"3";"4";"3";"3";"3";"4";"3";"3";"Business, Finance and Law (BFL)";"Vrouw";"18";"Rotterdam";"1";"0";"Havo";"Bij mijn ouder(s)/verzorger(s)"
"3";"3";"3";"3";"3";"3";"3";"4,2";"3,8";"4,6";"2";"4";"4";"5";"5";"5";"4";"4";"4";"1";"5";"5,0";"5,0";"2,33";"2,33";"2,33";"3,67";"2,33";"3,67";"2,33";"2,33";"3,88";"42";"1,0";"0";"1,0";"1,0";"1,0";"3,0";"3,0";"3,0";"3,0";"1,0";"1,0";"1,0";"4";"4";"3";"3";"4";"4";"3";"3";"4";"4";"2";"4";"1";"3";"1";"1";"1";"1";"0";"";"1,0";"";"";"";"";"";"";"";"";"";"";"";"";"";"";"";"";"";"";"";"";"";"";"";"";"Business, Finance and Law (BFL)";"Man";"18";"Rotterdam";"1";"0";"Havo";"Bij mijn ouder(s)/verzorger(s)"
"3";"5";"4";"1";"3";"3";"1";"5,0";"3,4";"5,0";"3";"2";"3";"1";"4";"2";"3";"1";"1";"1";"4";"3,4";"4,2";"1,0";"1,0";"1,0";"2,33";"1,0";"1,0";"1,0";"1,0";"3,8";"42";"1,0";"0";"1,0";"1,0";"1,0";"3,0";"3,0";"3,0";"1,0";"1,0";"1,0";"1,0";"5";"5";"3";"5";"5";"5";"4";"4";"5";"4";"3";"4";"3";"5";"2";"1";"1";"1";"1";"5";"1,64";"2";"1";"2";"3";"3";"2";"4";"4";"4";"4";"2";"3";"3";"2";"3";"5";"4";"4";"5";"5";"4";"5";"2";"5";"Business, Finance and Law (BFL)";"Vrouw";"23";"Den Haag";"1";"0";"Mbo";"Bij mijn ouder(s)/verzorger(s)"
"3";"4";"3";"2";"4";"2";"4";"3,8";"2,2";"3,8";"3";"2";"1";"2";"3";"2";"1";"3";"5";"4";"4";"3,4";"5,0";"2,33";"3,67";"3,67";"1,0";"3,67";"1,0";"2,33";"3,67";"4,0";"42";"1,0";"0";"1,0";"1,0";"1,0";"3,0";"3,0";"3,0";"3,0";"1,0";"1,0";"1,0";"4";"4";"2";"4";"3";"5";"4";"4";"5";"3";"2";"4";"2";"3";"2";"2";"2";"4";"1";"1";"";"3";"2";"4";"5";"5";"4";"5";"2";"2";"4";"2";"2";"3";"4";"1";"3";"4";"2";"4";"5";"5";"5";"5";"5";"Techniek, Ontwerpen en Informatica (TOI)";"Man";"19";"Delft";"1";"1";"Ik heb een buitenlandse vooropleiding afgerond (bv. A-levels)";"Alleen"
"3";"2";"2";"2";"3";"2";"4";"1,8";"2,2";"2,2";"2";"1";"2";"2";"2";"3";"2";"1";"2";"3";"2";"1,8";"3,0";"3,67";"3,67";"2,33";"3,67";"1,0";"3,67";"3,67";"3,67";"4,0";"42";"1,8";"1";"1,0";"1,0";"3,0";"3,0";"1,0";"3,0";"3,0";"1,0";"1,0";"1,0";"3";"3";"3";"3";"1";"2";"3";"2";"2";"2";"2";"3";"3";"4";"1";"1";"2";"2";"";"4";"1,0";"2";"4";"4";"3";"4";"4";"3";"2";"5";"";"";"";"";"";"";"";"";"";"";"";"";"";"";"";"Techniek, Ontwerpen en Informatica (TOI)";"Man";"20";"Delft";"1";"0";"Havo";"Bij mijn ouder(s)/verzorger(s)"
"4";"4";"4";"1";"3";"1";"2";"4,2";"2,2";"4,6";"2";"3";"3";"4";"";"4";"4";"1";"2";"2";"4";"3,8";"4,6";"1,0";"2,33";"2,33";"2,33";"1,0";"2,33";"1,0";"2,33";"4,24";"42";"2,6";"1";"1,0";"1,0";"1,0";"3,0";"3,0";"3,0";"1,0";"1,0";"1,0";"1,0";"3";"5";"3";"4";"5";"5";"5";"5";"5";"4";"1";"4";"4";"5";"4";"1";"3";"4";"";"2";"2,36";"1";"3";"3";"1";"5";"4";"5";"3";"4";"4";"3";"2";"2";"4";"3";"4";"2";"5";"5";"5";"5";"5";"4";"4";"Techniek, Ontwerpen en Informatica (TOI)";"Man";"20";"Delft";"1";"1";"Vwo";"Alleen"
"3";"4";"4";"3";"2";"3";"2";"4,2";"3,4";"4,2";"3";"3";"4";"4";"4";"3";"4";"3";"3";"4";"4";"3,8";"3,4";"1,0";"1,0";"2,33";"2,33";"1,0";"2,33";"1,0";"2,33";"3,84";"42";"1,8";"0";"1,0";"1,0";"1,0";"3,0";"3,0";"3,0";"1,0";"3,0";"1,0";"1,0";"4";"4";"3";"4";"4";"4";"3";"3";"4";"4";"2";"4";"2";"3";"2";"1";"4";"3";"1";"3";"1,8";"";"";"";"";"";"";"";"";"";"";"";"";"";"";"";"";"";"";"";"";"";"";"";"";"Techniek, Ontwerpen en Informatica (TOI)";"Man";"19";"Delft";"1";"0";"Vwo";"Bij mijn ouder(s)/verzorger(s)"
"2";"2";"2";"4";"4";"4";"5";"3,4";"5,0";"2,2";"2";"2";"1";"2";"2";"2";"1";"1";"1";"1";"3";"3,0";"3,8";"5,0";"5,0";"5,0";"3,67";"5,0";"5,0";"3,67";"2,33";"3,64";"42";"2,6";"1";"1,0";"1,0";"1,0";"3,0";"3,0";"5,0";"1,0";"1,0";"1,0";"1,0";"3";"5";"3";"3";"2";"3";"4";"3";"3";"3";"1";"5";"4";"4";"3";"1";"1";"1";"1";"1";"";"4";"2";"3";"3";"3";"4";"3";"2";"2";"3";"4";"4";"4";"2";"4";"3";"5";"4";"4";"5";"5";"4";"4";"4";"Techniek, Ontwerpen en Informatica (TOI)";"Man";"24";"Haarlem";"2";"0";"Ik heb een buitenlandse vooropleiding afgerond (bv. A-levels)";"Bij mijn ouder(s)/verzorger(s)"
"1";"2";"3";"5";"3";"4";"4";"2,2";"3,4";"1,4";"4";"5";"3";"2";"4";"2";"1";"1";"3";"1";"5";"4,2";"3,4";"1,0";"2,33";"1,0";"1,0";"2,33";"2,33";"2,33";"1,0";"3,88";"42";"1,0";"0";"1,0";"1,0";"1,0";"3,0";"1,0";"3,0";"1,0";"1,0";"1,0";"1,0";"4";"5";"2";"5";"3";"3";"4";"4";"1";"3";"1";"5";"1";"2";"2";"1";"1";"1";"1";"1";"1,96";"2";"1";"5";"4";"3";"2";"4";"3";"1";"4";"3";"3";"4";"2";"3";"1";"3";"2";"3";"5";"3";"4";"2";"1";"Gezondheid, Sport en Welzijn (GSW)";"Man";"24";"Den Haag";"2";"0";"Vwo";"Alleen"
"3";"4";"3";"2";"3";"2";"3";"3,8";"3,0";"3,8";"1";"1";"1";"1";"3";"3";"1";"2";"1";"1";"4";"3,8";"3,4";"2,33";"2,33";"2,33";"2,33";"2,33";"2,33";"1,0";"2,33";"3,92";"42";"1,0";"0";"1,0";"1,0";"1,0";"3,0";"1,0";"3,0";"3,0";"1,0";"1,0";"1,0";"3";"4";"3";"3";"3";"2";"2";"2";"2";"3";"1";"5";"3";"3";"1";"1";"1";"1";"1";"2";"1,4";"2";"2";"3";"2";"2";"3";"4";"4";"3";"4";"2";"2";"2";"4";"2";"3";"4";"4";"4";"4";"3";"4";"3";"4";"Business, Finance and Law (BFL)";"Man";"21";"Rotterdam";"3";"0";"Vwo";"Met mijn partner / een relatie"
"3";"4";"4";"4";"4";"5";"4";"4,2";"3,4";"4,2";"4";"5";"";"4";"5";"4";"2";"3";"3";"3";"4";"3,8";"3,4";"2,33";"2,33";"3,67";"3,67";"2,33";"2,33";"2,33";"3,67";"4,64";"42";"1,8";"0";"1,0";"1,0";"3,0";"3,0";"3,0";"5,0";"3,0";"1,0";"5,0";"5,0";"4";"5";"2";"5";"4";"3";"4";"3";"3";"3";"4";"4";"3";"3";"4";"3";"2";"2";"1";"2";"2,28";"";"";"";"";"";"";"";"";"";"";"";"";"";"";"";"";"";"";"";"";"";"";"";"";"Gezondheid, Sport en Welzijn (GSW)";"Vrouw";"36";"Haarlem";"4";"0";"Anders, namelijk (vul in):";"Met mijn partner / een relatie"
"3";"4";"3";"3";"2";"2";"2";"3,8";"3,8";"4,2";"2";"2";"";"3";"4";"2";"";"1";"1";"2";"4";"3,0";"3,4";"2,33";"3,67";"1,0";"3,67";"1,0";"3,67";"2,33";"2,33";"4,2";"42";"1,0";"0";"1,0";"1,0";"3,0";"5,0";"1,0";"3,0";"1,0";"1,0";"1,0";"3,0";"3";"5";"2";"4";"4";"3";"4";"3";"4";"3";"2";"4";"2";"4";"3";"2";"4";"3";"1";"4";"1,8";"";"";"";"";"";"";"";"";"";"";"";"";"";"";"";"";"";"";"";"";"";"";"";"";"Techniek, Ontwerpen en Informatica (TOI)";"Vrouw";"17";"Haarlem";"1";"0";"Havo";"Bij mijn ouder(s)/verzorger(s)"
"2";"3";"4";"4";"4";"5";"3";"5,0";"3,4";"4,2";"4";"5";"5";"3";"5";"5";"3";"4";"5";"4";"3";"3,0";"3,4";"1,0";"1,0";"2,33";"2,33";"2,33";"2,33";"2,33";"1,0";"4,36";"42";"1,0";"0";"1,0";"1,0";"1,0";"5,0";"1,0";"1,0";"1,0";"1,0";"1,0";"1,0";"5";"5";"2";"3";"5";"4";"4";"3";"4";"4";"1";"2";"1";"2";"4";"4";"3";"2";"1";"1";"1,0";"3";"3";"4";"3";"2";"4";"5";"3";"3";"4";"2";"3";"4";"3";"3";"4";"4";"2";"2";"3";"3";"3";"3";"3";"Techniek, Ontwerpen en Informatica (TOI)";"Vrouw";"20";"Delft";"1";"1";"Havo";"Bij mijn ouder(s)/verzorger(s)"
"4";"4";"4";"3";"4";"3";"2";"4,2";"3,4";"3,8";"2";"3";"2";"4";"4";"3";"4";"2";"2";"3";"4";"3,8";"3,8";"2,33";"2,33";"2,33";"2,33";"2,33";"2,33";"2,33";"1,0";"3,8";"42";"1,0";"0";"3,0";"1,0";"1,0";"5,0";"5,0";"5,0";"3,0";"1,0";"1,0";"1,0";"4";"5";"3";"4";"4";"4";"4";"3";"4";"4";"4";"4";"3";"5";"3";"2";"4";"4";"1";"3";"";"";"";"";"";"";"";"";"";"";"";"";"";"";"";"";"";"";"";"";"";"";"";"";"";"Techniek, Ontwerpen en Informatica (TOI)";"Man";"23";"Delft";"1";"0";"Mbo";"Alleen"
"3";"4";"3";"3";"3";"3";"3";"4,2";"3,8";"3,8";"3";"3";"2";"3";"4";"4";"3";"3";"3";"2";"4";"4,2";"4,2";"2,33";"2,33";"2,33";"2,33";"1,0";"2,33";"2,33";"2,33";"3,76";"41";"1,8";"0";"1,0";"1,0";"1,0";"1,0";"1,0";"5,0";"1,0";"1,0";"1,0";"1,0";"4";"3";"1";"5";"4";"4";"4";"3";"4";"4";"4";"5";"3";"4";"3";"2";"1";"3";"1";"4";"3,0";"";"";"";"";"";"";"";"";"";"";"";"";"";"";"";"";"";"";"";"";"";"";"";"";"Gezondheid, Sport en Welzijn (GSW)";"Vrouw";"18";"Alkmaar";"1";"0";"Havo";"Bij mijn ouder(s)/verzorger(s)"
"2";"4";"3";"3";"2";"5";"4";"3,8";"4,2";"3,0";"4";"3";"3";"5";"5";"5";"3";"5";"4";"5";"4";"3,8";"3,4";"2,33";"3,67";"2,33";"2,33";"2,33";"2,33";"2,33";"2,33";"3,8";"41";"1,0";"0";"3,0";"1,0";"1,0";"1,0";"3,0";"3,0";"3,0";"3,0";"3,0";"3,0";"5";"2";"1";"4";"4";"4";"3";"4";"3";"4";"4";"3";"3";"4";"4";"2";"1";"1";"1";"1";"3,16";"";"";"";"";"";"";"";"";"";"";"";"";"";"";"";"";"";"";"";"";"";"";"";"";"Gezondheid, Sport en Welzijn (GSW)";"Vrouw";"18";"Alkmaar";"1";"0";"Havo";"Bij mijn ouder(s)/verzorger(s)"
"3";"3";"3";"4";"3";"3";"2";"3,4";"4,2";"3,4";"4";"3";"3";"3";"4";"5";"3";"3";"3";"2";"3";"3,4";"4,2";"2,33";"3,67";"5,0";"3,67";"2,33";"2,33";"2,33";"2,33";"3,76";"41";"1,0";"1";"1,0";"3,0";"3,0";"1,0";"3,0";"5,0";"1,0";"1,0";"1,0";"1,0";"4";"4";"2";"4";"3";"3";"4";"3";"3";"4";"3";"4";"4";"3";"3";"3";"1";"2";"";"2";"1,96";"";"";"";"";"";"";"";"";"";"";"";"";"";"";"";"";"";"";"";"";"";"";"";"";"Gezondheid, Sport en Welzijn (GSW)";"Vrouw";"18";"Alkmaar";"1";"0";"Havo";"Met een of enkele huisgenoten / vrienden (geen relatie)"
"2";"3";"2";"2";"2";"3";"3";"3,4";"3,0";"3,0";"3";"2";"2";"4";"4";"3";"3";"4";"4";"3";"4";"4,2";"4,2";"2,33";"2,33";"2,33";"2,33";"1,0";"2,33";"2,33";"1,0";"3,4";"41";"1,0";"0";"1,0";"1,0";"1,0";"1,0";"3,0";"3,0";"1,0";"1,0";"1,0";"1,0";"3";"3";"3";"4";"3";"3";"3";"3";"4";"4";"1";"4";"3";"4";"2";"2";"1";"1";"1";"3";"2,04";"";"";"";"";"";"";"";"";"";"";"";"";"";"";"";"";"";"";"";"";"";"";"";"";"Business, Finance and Law (BFL)";"Man";"17";"Alkmaar";"1";"0";"Havo";"Bij mijn ouder(s)/verzorger(s)"
"3";"4";"3";"2";"2";"2";"2";"4,2";"1,8";"3,8";"4";"4";"2";"1";"4";"4";"1";"1";"1";"1";"5";"3,4";"3,0";"2,33";"1,0";"2,33";"2,33";"1,0";"3,67";"2,33";"1,0";"3,64";"41";"1,0";"0";"1,0";"1,0";"1,0";"1,0";"1,0";"1,0";"1,0";"1,0";"1,0";"1,0";"3";"3";"2";"3";"4";"4";"4";"2";"4";"3";"2";"4";"2";"4";"2";"2";"1";"1";"0";"3";"1,8";"";"";"";"";"";"";"";"";"";"";"";"";"";"";"";"";"";"";"";"";"";"";"";"";"Gezondheid, Sport en Welzijn (GSW)";"Vrouw";"18";"Alkmaar";"1";"0";"Mbo";"Bij mijn ouder(s)/verzorger(s)"
"3";"4";"4";"1";"2";"3";"2";"4,6";"3,8";"4,2";"1";"2";"2";"3";"4";"3";"3";"4";"3";"3";"4";"4,6";"3,8";"1,0";"2,33";"2,33";"2,33";"1,0";"2,33";"2,33";"1,0";"3,76";"41";"1,0";"0";"1,0";"1,0";"1,0";"1,0";"1,0";"3,0";"1,0";"1,0";"1,0";"1,0";"4";"3";"2";"4";"4";"5";"3";"4";"4";"4";"3";"4";"3";"4";"3";"2";"4";"2";"1";"5";"1,48";"";"";"";"";"";"";"";"";"";"";"";"";"";"";"";"";"";"";"";"";"";"";"";"";"Gezondheid, Sport en Welzijn (GSW)";"Vrouw";"18";"Alkmaar";"1";"0";"Havo";"Bij mijn ouder(s)/verzorger(s)"
"2";"3";"3";"3";"4";"3";"4";"1,8";"3,4";"1,8";"";"3";"3";"4";"5";"5";"2";"3";"2";"4";"3";"2,6";"4,2";"2,33";"3,67";"3,67";"2,33";"1,0";"3,67";"2,33";"2,33";"3,92";"41";"2,6";"1";"3,0";"5,0";"1,0";"1,0";"3,0";"5,0";"1,0";"1,0";"3,0";"1,0";"3";"4";"3";"4";"3";"4";"4";"4";"4";"4";"3";"4";"3";"3";"3";"3";"1";"4";"0";"3";"3,08";"4";"3";"4";"4";"4";"2";"4";"3";"2";"3";"2";"3";"1";"3";"2";"3";"3";"4";"3";"3";"3";"4";"4";"4";"Gezondheid, Sport en Welzijn (GSW)";"Man";"19";"Haarlem";"1";"0";"Havo";"Bij mijn ouder(s)/verzorger(s)"
"3";"4";"4";"3";"3";"4";"4";"4,2";"4,2";"3,4";"5";"3";"";"1";"2";"2";"2";"2";"4";"4";"3";"3,4";"4,2";"2,33";"3,67";"5,0";"3,67";"2,33";"3,67";"2,33";"5,0";"4,28";"41";"1,0";"0";"1,0";"1,0";"5,0";"3,0";"1,0";"3,0";"3,0";"1,0";"1,0";"1,0";"4";"4";"3";"5";"4";"3";"3";"1";"2";"2";"3";"5";"4";"4";"5";"5";"3";"1";"1";"1";"2,12";"4";"3";"3";"4";"3";"4";"5";"4";"4";"1";"4";"5";"4";"2";"4";"4";"3";"4";"4";"4";"4";"4";"3";"3";"Creative Business (CB)";"Man";"22";"Amsterdam";"1";"0";"Vwo";"Bij mijn ouder(s)/verzorger(s)"
"2";"3";"2";"1";"1";"1";"3";"3,0";"1,0";"1,8";"1";"1";"1";"1";"1";"1";"1";"1";"1";"1";"5";"4,2";"3,0";"1,0";"1,0";"1,0";"2,33";"1,0";"2,33";"1,0";"1,0";"3,4";"41";"1,0";"0";"1,0";"1,0";"1,0";"3,0";"3,0";"3,0";"1,0";"1,0";"1,0";"1,0";"3";"3";"3";"4";"3";"4";"4";"3";"3";"3";"3";"4";"4";"3";"1";"1";"1";"4";"";"4";"1,72";"";"";"";"";"";"";"";"";"";"";"";"";"";"";"";"";"";"";"";"";"";"";"";"";"Business, Finance and Law (BFL)";"Man";"18";"Alkmaar";"1";"0";"Havo";"Bij mijn ouder(s)/verzorger(s)"
"2";"3";"2";"1";"1";"2";"4";"2,2";"1,8";"3,4";"3";"2";"1";"3";"3";"3";"1";"3";"2";"1";"4";"4,2";"3,8";"1,0";"1,0";"3,67";"2,33";"1,0";"2,33";"1,0";"2,33";"3,6";"41";"1,0";"1";"1,0";"1,0";"1,0";"3,0";"1,0";"3,0";"1,0";"1,0";"1,0";"1,0";"2";"1";"4";"2";"3";"3";"3";"2";"3";"2";"2";"4";"2";"4";"3";"4";"3";"2";"";"3";"1,4";"2";"2";"3";"2";"3";"3";"1";"2";"2";"4";"2";"2";"2";"3";"2";"3";"2";"4";"3";"3";"3";"4";"3";"3";"Gezondheid, Sport en Welzijn (GSW)";"Man";"19";"Alkmaar";"1";"0";"Vwo";"Alleen"
"2";"4";"4";"2";"3";"3";"2";"3,8";"4,2";"3,8";"2";"3";"2";"3";"3";"4";"2";"3";"3";"2";"4";"3,4";"3,8";"2,33";"2,33";"3,67";"2,33";"1,0";"3,67";"2,33";"2,33";"3,64";"41";"1,0";"0";"1,0";"1,0";"1,0";"3,0";"3,0";"3,0";"3,0";"3,0";"1,0";"1,0";"4";"4";"2";"4";"4";"5";"4";"3";"4";"4";"3";"5";"3";"3";"3";"1";"1";"1";"1";"4";"2,6";"3";"3";"3";"2";"4";"4";"4";"3";"3";"2";"4";"3";"4";"3";"4";"4";"4";"3";"4";"5";"4";"5";"4";"5";"Gezondheid, Sport en Welzijn (GSW)";"Vrouw";"19";"Alkmaar";"1";"0";"Havo";"Bij mijn ouder(s)/verzorger(s)"
"3";"4";"4";"3";"3";"3";"3";"4,2";"3,4";"4,2";"1";"2";"1";"1";"4";"4";"3";"2";"2";"2";"4";"3,4";"3,4";"1,0";"2,33";"1,0";"3,67";"1,0";"3,67";"1,0";"2,33";"3,96";"41";"1,0";"1";"3,0";"1,0";"3,0";"3,0";"3,0";"3,0";"1,0";"1,0";"1,0";"1,0";"5";"4";"3";"4";"5";"4";"4";"4";"3";"3";"5";"5";"3";"4";"3";"1";"2";"1";"1";"4";"1,64";"";"";"";"";"";"";"";"";"";"";"";"";"";"";"";"";"";"";"";"";"";"";"";"";"Gezondheid, Sport en Welzijn (GSW)";"Vrouw";"19";"Alkmaar";"1";"0";"Mbo";"Bij mijn ouder(s)/verzorger(s)"
"3";"4";"4";"3";"2";"4";"2";"3,8";"3,4";"3,8";"3";"3";"2";"5";"5";"4";"2";"3";"3";"1";"3";"3,8";"3,8";"3,67";"3,67";"2,33";"3,67";"2,33";"3,67";"2,33";"2,33";"3,8";"41";"1,0";"0";"1,0";"1,0";"1,0";"3,0";"3,0";"3,0";"3,0";"3,0";"3,0";"3,0";"4";"4";"3";"3";"4";"4";"2";"1";"2";"3";"2";"4";"1";"2";"1";"1";"1";"1";"1";"2";"3,16";"";"";"";"";"";"";"";"";"";"";"";"";"";"";"";"";"";"";"";"";"";"";"";"";"Business, Finance and Law (BFL)";"Vrouw";"19";"Alkmaar";"1";"0";"Havo";"Bij mijn ouder(s)/verzorger(s)"
"1";"3";"3";"2";"2";"3";"3";"3,0";"3,4";"3,4";"4";"3";"2";"3";"3";"2";"2";"2";"2";"2";"4";"3,0";"3,8";"3,67";"3,67";"3,67";"3,67";"2,33";"3,67";"2,33";"3,67";"3,64";"41";"1,0";"1";"1,0";"1,0";"1,0";"3,0";"3,0";"3,0";"1,0";"1,0";"1,0";"1,0";"2";"2";"3";"2";"4";"4";"4";"4";"4";"4";"2";"4";"2";"2";"2";"1";"1";"1";"";"3";"1,08";"1";"1";"1";"1";"2";"2";"5";"2";"3";"2";"3";"3";"3";"4";"3";"3";"2";"2";"3";"4";"3";"4";"4";"4";"Gezondheid, Sport en Welzijn (GSW)";"Vrouw";"17";"Alkmaar";"1";"0";"Havo";"Bij mijn ouder(s)/verzorger(s)"
"2";"3";"2";"1";"3";"2";"2";"3,8";"4,2";"3,8";"2";"2";"1";"5";"5";"5";"4";"3";"4";"4";"4";"4,2";"3,8";"1,0";"2,33";"2,33";"1,0";"1,0";"2,33";"1,0";"1,0";"3,8";"41";"1,0";"0";"1,0";"1,0";"1,0";"3,0";"1,0";"3,0";"1,0";"1,0";"1,0";"1,0";"3";"4";"2";"4";"4";"5";"4";"3";"3";"4";"2";"4";"2";"2";"1";"1";"1";"1";"1";"4";"1,96";"";"";"";"";"";"";"";"";"";"";"";"";"";"";"";"";"";"";"";"";"";"";"";"";"Gezondheid, Sport en Welzijn (GSW)";"Vrouw";"17";"Alkmaar";"1";"0";"Havo";"Bij mijn ouder(s)/verzorger(s)"
"3";"4";"3";"3";"2";"3";"3";"4,2";"4,2";"3,4";"3";"3";"2";"3";"4";"5";"3";"2";"3";"4";"4";"3,8";"4,2";"1,0";"2,33";"2,33";"2,33";"2,33";"3,67";"2,33";"2,33";"3,8";"41";"1,0";"0";"1,0";"1,0";"1,0";"3,0";"3,0";"3,0";"3,0";"1,0";"1,0";"1,0";"4";"4";"3";"4";"3";"3";"4";"3";"4";"4";"3";"4";"2";"3";"3";"3";"1";"1";"1";"5";"1,72";"";"";"";"";"";"";"";"";"";"";"";"";"";"";"";"";"";"";"";"";"";"";"";"";"Gezondheid, Sport en Welzijn (GSW)";"Vrouw";"17";"Alkmaar";"1";"0";"Havo";"Bij mijn ouder(s)/verzorger(s)"
"3";"4";"3";"2";"3";"3";"1";"4,2";"2,6";"4,2";"2";"2";"2";"3";"3";"4";"3";"1";"3";"1";"4";"4,2";"3,8";"2,33";"2,33";"2,33";"2,33";"1,0";"2,33";"1,0";"2,33";"3,8";"41";"1,0";"0";"1,0";"1,0";"1,0";"3,0";"3,0";"3,0";"3,0";"3,0";"3,0";"3,0";"4";"3";"3";"5";"5";"4";"4";"4";"5";"4";"3";"5";"3";"3";"1";"1";"1";"1";"1";"3";"1,64";"";"";"";"";"";"";"";"";"";"";"";"";"";"";"";"";"";"";"";"";"";"";"";"";"Gezondheid, Sport en Welzijn (GSW)";"Vrouw";"21";"Alkmaar";"1";"0";"Mbo";"Bij mijn ouder(s)/verzorger(s)"
"2";"3";"3";"3";"4";"3";"3";"3,4";"3,8";"2,2";"2";"3";"2";"4";"4";"5";"4";"5";"4";"3";"3";"3,8";"3,4";"2,33";"2,33";"1,0";"2,33";"2,33";"3,67";"2,33";"2,33";"3,76";"41";"2,6";"0";"1,0";"1,0";"1,0";"3,0";"3,0";"5,0";"3,0";"1,0";"1,0";"1,0";"3";"4";"2";"4";"4";"3";"3";"3";"4";"3";"4";"4";"3";"3";"3";"1";"3";"2";"1";"2";"";"";"";"";"";"";"";"";"";"";"";"";"";"";"";"";"";"";"";"";"";"";"";"";"";"Gezondheid, Sport en Welzijn (GSW)";"Man";"22";"Alkmaar";"1";"0";"Havo";"Bij mijn ouder(s)/verzorger(s)"
"3";"4";"4";"3";"3";"4";"3";"4,2";"3,8";"4,2";"2";"3";"3";"3";"5";"3";"4";"3";"5";"3";"3";"3,8";"4,2";"2,33";"3,67";"3,67";"2,33";"1,0";"1,0";"2,33";"3,67";"4,04";"41";"1,0";"0";"3,0";"1,0";"1,0";"3,0";"1,0";"5,0";"1,0";"1,0";"1,0";"1,0";"4";"5";"3";"4";"4";"4";"3";"3";"4";"4";"4";"5";"4";"5";"4";"4";"3";"2";"1";"2";"2,2";"";"";"";"";"";"";"";"";"";"";"";"";"";"";"";"";"";"";"";"";"";"";"";"";"Gezondheid, Sport en Welzijn (GSW)";"Man";"24";"Alkmaar";"1";"0";"Mbo";"Bij mijn ouder(s)/verzorger(s)"
"2";"4";"2";"4";"4";"3";"3";"3,8";"4,6";"3,4";"2";"3";"2";"4";"4";"4";"5";"4";"4";"2";"2";"3,0";"3,8";"2,33";"3,67";"2,33";"3,67";"3,67";"3,67";"2,33";"3,67";"3,88";"41";"1,8";"1";"5,0";"5,0";"3,0";"3,0";"1,0";"5,0";"1,0";"1,0";"1,0";"1,0";"4";"4";"3";"4";"4";"4";"4";"4";"4";"3";"4";"5";"3";"3";"3";"2";"2";"2";"1";"4";"1,8";"4";"4";"3";"4";"3";"2";"4";"4";"4";"2";"4";"4";"4";"2";"4";"3";"3";"4";"4";"4";"3";"4";"2";"3";"Gezondheid, Sport en Welzijn (GSW)";"Man";"23";"Alkmaar";"1";"0";"Havo";"Met mijn partner / een relatie"
"1";"2";"1";"3";"4";"4";"5";"1,8";"2,6";"2,6";"2";"2";"1";"2";"2";"5";"4";"3";"3";"1";"4";"3,4";"3,8";"2,33";"2,33";"3,67";"2,33";"1,0";"3,67";"2,33";"3,67";"3,6";"41";"1,0";"1";"1,0";"1,0";"1,0";"3,0";"3,0";"3,0";"1,0";"1,0";"1,0";"1,0";"2";"4";"2";"4";"2";"4";"4";"4";"3";"3";"3";"4";"2";"4";"1";"1";"1";"1";"0";"3";"1,64";"";"";"";"";"";"";"";"";"";"";"";"";"";"";"";"";"";"";"";"";"";"";"";"";"Gezondheid, Sport en Welzijn (GSW)";"Vrouw";"17";"Alkmaar";"1";"0";"Havo";"Bij mijn ouder(s)/verzorger(s)"
"2";"4";"4";"3";"5";"4";"4";"2,2";"3,4";"4,2";"";"";"";"3";"5";"5";"5";"3";"4";"2";"4";"4,6";"3,8";"1,0";"1,0";"3,67";"1,0";"1,0";"1,0";"1,0";"3,67";"3,64";"41";"2,6";"0";"1,0";"1,0";"1,0";"3,0";"3,0";"3,0";"3,0";"3,0";"3,0";"3,0";"3";"4";"3";"4";"4";"4";"3";"4";"4";"4";"4";"2";"4";"4";"1";"1";"1";"1";"1";"3";"2,6";"2";"3";"2";"4";"4";"2";"4";"3";"4";"5";"3";"2";"3";"5";"2";"3";"1";"2";"3";"5";"5";"5";"5";"5";"Gezondheid, Sport en Welzijn (GSW)";"Vrouw";"18";"Haarlem";"1";"0";"Havo";"Bij mijn ouder(s)/verzorger(s)"
"3";"4";"4";"3";"3";"4";"3";"3,4";"3,0";"3,8";"3";"2";"1";"3";"4";"4";"3";"3";"1";"5";"3";"3,0";"3,8";"1,0";"3,67";"1,0";"3,67";"2,33";"3,67";"2,33";"2,33";"3,8";"41";"1,0";"0";"1,0";"1,0";"1,0";"3,0";"3,0";"3,0";"1,0";"1,0";"5,0";"1,0";"4";"4";"3";"4";"4";"4";"4";"4";"4";"4";"2";"3";"3";"4";"2";"1";"1";"1";"1";"1";"1,32";"3";"2";"3";"3";"1";"3";"3";"3";"1";"3";"3";"3";"3";"3";"3";"3";"2";"2";"3";"4";"3";"4";"4";"4";"Gezondheid, Sport en Welzijn (GSW)";"Vrouw";"19";"Haarlem";"1";"0";"Havo";"Bij mijn ouder(s)/verzorger(s)"
"3";"4";"3";"3";"2";"4";"3";"3,0";"3,8";"3,8";"3";"2";"2";"2";"3";"4";"4";"2";"2";"3";"3";"4,2";"3,8";"1,0";"2,33";"2,33";"1,0";"1,0";"1,0";"2,33";"3,67";"3,56";"41";"2,6";"0";"1,0";"1,0";"1,0";"3,0";"5,0";"3,0";"1,0";"1,0";"5,0";"1,0";"3";"3";"4";"4";"5";"5";"4";"4";"4";"4";"2";"4";"2";"3";"1";"1";"1";"1";"1";"3";"2,2";"";"";"";"";"";"";"";"";"";"";"";"";"";"";"";"";"";"";"";"";"";"";"";"";"Gezondheid, Sport en Welzijn (GSW)";"Vrouw";"17";"Haarlem";"1";"0";"Havo";"Bij mijn ouder(s)/verzorger(s)"
"1";"3";"2";"4";"3";"4";"3";"3,0";"3,4";"2,2";"3";"1";"1";"3";"3";"3";"3";"2";"3";"2";"3";"3,8";"3,8";"1,0";"2,33";"1,0";"2,33";"1,0";"2,33";"1,0";"2,33";"3,84";"41";"2,6";"1";"1,0";"1,0";"1,0";"3,0";"5,0";"3,0";"1,0";"1,0";"5,0";"3,0";"3";"4";"3";"4";"3";"4";"4";"4";"4";"4";"3";"4";"2";"3";"3";"3";"2";"1";"";"3";"1,64";"3";"2";"2";"2";"1";"2";"4";"3";"3";"4";"2";"3";"3";"3";"2";"4";"3";"3";"4";"4";"4";"4";"4";"4";"Gezondheid, Sport en Welzijn (GSW)";"Vrouw";"19";"Haarlem";"1";"0";"Havo";"Bij mijn ouder(s)/verzorger(s)"
"3";"4";"3";"2";"2";"1";"3";"4,2";"3,4";"4,6";"5";"3";"3";"1";"4";"3";"2";"2";"5";"2";"5";"4,2";"4,2";"2,33";"2,33";"2,33";"2,33";"1,0";"2,33";"1,0";"2,33";"3,36";"41";"1,0";"0";"1,0";"1,0";"1,0";"3,0";"3,0";"5,0";"1,0";"1,0";"5,0";"1,0";"5";"5";"4";"4";"4";"5";"4";"5";"5";"5";"1";"3";"2";"4";"1";"3";"1";"3";"1";"3";"2,04";"";"";"";"";"";"";"";"";"";"";"";"";"";"";"";"";"";"";"";"";"";"";"";"";"Gezondheid, Sport en Welzijn (GSW)";"Man";"21";"Haarlem";"1";"0";"Mbo";"Bij mijn ouder(s)/verzorger(s)"
"3";"4";"4";"3";"2";"2";"2";"4,2";"3,4";"4,2";"2";"4";"2";"4";"4";"3";"4";"2";"2";"3";"4";"4,2";"3,8";"2,33";"1,0";"1,0";"2,33";"1,0";"2,33";"1,0";"2,33";"4,36";"41";"1,0";"0";"1,0";"1,0";"1,0";"3,0";"3,0";"3,0";"3,0";"3,0";"5,0";"3,0";"4";"5";"3";"4";"4";"4";"4";"4";"4";"4";"3";"3";"2";"3";"1";"1";"1";"1";"1";"4";"1,8";"4";"2";"1";"1";"2";"1";"4";"3";"3";"4";"3";"2";"3";"3";"2";"4";"2";"3";"2";"3";"4";"4";"4";"4";"Gezondheid, Sport en Welzijn (GSW)";"Vrouw";"18";"Haarlem";"1";"0";"Havo";"Bij mijn ouder(s)/verzorger(s)"
"4";"5";"4";"3";"2";"3";"1";"4,6";"3,8";"4,2";"2";"2";"";"2";"4";"1";"2";"1";"3";"2";"4";"3,8";"4,2";"1,0";"1,0";"1,0";"1,0";"1,0";"1,0";"1,0";"2,33";"3,8";"41";"1,0";"0";"1,0";"1,0";"3,0";"3,0";"3,0";"5,0";"1,0";"1,0";"1,0";"1,0";"4";"5";"2";"5";"5";"5";"5";"5";"4";"3";"4";"5";"4";"5";"1";"1";"2";"3";"1";"5";"1,0";"2";"1";"3";"1";"1";"1";"4";"3";"1";"4";"3";"4";"3";"3";"2";"4";"5";"4";"4";"5";"5";"4";"3";"3";"Techniek, Ontwerpen en Informatica (TOI)";"Vrouw";"20";"Haarlem";"1";"0";"Havo";"Bij mijn ouder(s)/verzorger(s)"
"2";"3";"2";"2";"1";"3";"3";"2,6";"2,6";"3,4";"";"2";"2";"3";"4";"2";"3";"2";"1";"1";"4";"3,8";"3,4";"1,0";"1,0";"2,33";"2,33";"1,0";"2,33";"2,33";"2,33";"3,72";"41";"2,6";"0";"3,0";"1,0";"1,0";"3,0";"1,0";"3,0";"1,0";"1,0";"5,0";"1,0";"3";"3";"4";"4";"3";"4";"4";"4";"3";"3";"2";"4";"1";"2";"3";"1";"1";"1";"";"3";"1,88";"";"";"";"";"";"";"";"";"";"";"";"";"";"";"";"";"";"";"";"";"";"";"";"";"Gezondheid, Sport en Welzijn (GSW)";"Vrouw";"17";"Haarlem";"1";"0";"Havo";"Bij mijn ouder(s)/verzorger(s)"
"3";"4";"3";"4";"5";"4";"2";"2,6";"3,8";"3,8";"3";"4";"4";"5";"5";"3";"4";"3";"2";"1";"3";"3,4";"4,2";"3,67";"3,67";"5,0";"3,67";"1,0";"3,67";"3,67";"5,0";"3,8";"41";"1,0";"0";"3,0";"3,0";"1,0";"3,0";"3,0";"5,0";"1,0";"1,0";"3,0";"1,0";"3";"5";"4";"5";"4";"4";"4";"3";"4";"4";"3";"2";"2";"3";"3";"1";"1";"1";"1";"3";"2,6";"4";"2";"3";"1";"1";"1";"3";"3";"3";"3";"3";"3";"3";"3";"3";"3";"3";"3";"3";"3";"3";"3";"3";"3";"Gezondheid, Sport en Welzijn (GSW)";"Vrouw";"22";"Haarlem";"1";"0";"Mbo";"Bij mijn ouder(s)/verzorger(s)"
"2";"4";"3";"4";"4";"5";"5";"2,2";"4,2";"2,6";"";"5";"3";"3";"4";"5";"5";"3";"3";"2";"3";"3,8";"4,2";"3,67";"3,67";"3,67";"2,33";"3,67";"3,67";"2,33";"2,33";"3,32";"41";"2,6";"1";"1,0";"1,0";"1,0";"3,0";"5,0";"3,0";"1,0";"1,0";"5,0";"1,0";"4";"4";"4";"3";"4";"4";"4";"4";"4";"4";"1";"4";"3";"3";"3";"3";"3";"1";"";"1";"1,8";"";"";"";"";"";"";"";"";"";"";"";"";"";"";"";"";"";"";"";"";"";"";"";"";"Gezondheid, Sport en Welzijn (GSW)";"Vrouw";"21";"Haarlem";"1";"0";"Havo";"Bij mijn ouder(s)/verzorger(s)"
"1";"2";"1";"4";"4";"5";"4";"2,6";"4,2";"2,2";"1";"2";"1";"4";"4";"4";"5";"3";"3";"4";"2";"4,2";"3,4";"1,0";"2,33";"1,0";"2,33";"1,0";"2,33";"1,0";"2,33";"4,0";"41";"2,6";"1";"1,0";"1,0";"1,0";"3,0";"1,0";"1,0";"1,0";"1,0";"3,0";"1,0";"4";"4";"4";"4";"2";"4";"3";"5";"5";"3";"3";"4";"2";"3";"1";"1";"1";"1";"1";"5";"2,76";"";"";"";"";"";"";"";"";"";"";"";"";"";"";"";"";"";"";"";"";"";"";"";"";"Gezondheid, Sport en Welzijn (GSW)";"Vrouw";"20";"Haarlem";"1";"0";"Havo";"Bij mijn ouder(s)/verzorger(s)"
"3";"4";"4";"2";"3";"3";"3";"4,2";"2,2";"4,2";"";"";"1";"2";"3";"";"3";"1";"2";"";"4";"4,2";"3,8";"1,0";"1,0";"1,0";"2,33";"1,0";"1,0";"1,0";"1,0";"3,96";"41";"1,0";"0";"1,0";"1,0";"1,0";"3,0";"3,0";"3,0";"1,0";"1,0";"5,0";"1,0";"4";"4";"2";"5";"5";"5";"5";"4";"5";"5";"2";"4";"4";"4";"1";"1";"1";"1";"1";"2";"1,8";"2";"1";"1";"1";"1";"1";"4";"1";"2";"4";"4";"3";"2";"2";"2";"3";"2";"5";"5";"5";"5";"3";"4";"4";"Gezondheid, Sport en Welzijn (GSW)";"Man";"18";"Haarlem";"1";"0";"Havo";"Bij mijn ouder(s)/verzorger(s)"
"4";"4";"4";"3";"2";"3";"3";"4,2";"3,4";"4,2";"2";"1";"1";"2";"3";"";"2";"3";"2";"2";"4";"3,8";"3,8";"2,33";"2,33";"1,0";"2,33";"1,0";"2,33";"2,33";"1,0";"3,96";"41";"1,0";"0";"1,0";"1,0";"1,0";"3,0";"3,0";"3,0";"1,0";"1,0";"5,0";"1,0";"4";"5";"2";"4";"5";"4";"4";"4";"5";"4";"2";"4";"1";"3";"2";"1";"1";"3";"1";"2";"2,36";"2";"2";"2";"2";"3";"2";"4";"3";"3";"";"";"";"";"";"";"";"";"";"";"";"";"";"";"";"Gezondheid, Sport en Welzijn (GSW)";"Vrouw";"17";"Haarlem";"1";"0";"Havo";"Bij mijn ouder(s)/verzorger(s)"
"4";"4";"4";"2";"2";"3";"3";"4,2";"3,8";"3,8";"3";"4";"3";"5";"4";"5";"5";"3";"5";"5";"4";"3,8";"3,8";"2,33";"2,33";"2,33";"2,33";"1,0";"2,33";"2,33";"2,33";"4,0";"41";"1,0";"0";"1,0";"1,0";"1,0";"3,0";"5,0";"5,0";"3,0";"3,0";"3,0";"5,0";"5";"4";"3";"4";"4";"4";"3";"3";"4";"3";"2";"3";"2";"4";"2";"1";"1";"1";"0";"5";"2,2";"";"";"";"";"";"";"";"";"";"";"";"";"";"";"";"";"";"";"";"";"";"";"";"";"Gezondheid, Sport en Welzijn (GSW)";"Vrouw";"21";"Haarlem";"1";"0";"Havo";"Bij mijn ouder(s)/verzorger(s)"
"3";"4";"4";"3";"2";"1";"2";"4,2";"3,8";"3,8";"1";"1";"1";"1";"1";"2";"1";"1";"2";"1";"4";"4,2";"4,2";"1,0";"2,33";"2,33";"2,33";"1,0";"2,33";"2,33";"2,33";"4,36";"41";"1,0";"0";"1,0";"1,0";"1,0";"3,0";"3,0";"3,0";"1,0";"1,0";"1,0";"1,0";"4";"5";"2";"5";"5";"5";"4";"4";"4";"4";"3";"5";"3";"5";"3";"1";"1";"3";"1";"2";"1,24";"";"";"";"";"";"";"";"";"";"";"";"";"";"";"";"";"";"";"";"";"";"";"";"";"Techniek, Ontwerpen en Informatica (TOI)";"Man";"21";"Haarlem";"1";"0";"Mbo";"Bij mijn ouder(s)/verzorger(s)"
"3";"3";"3";"3";"1";"1";"2";"3,8";"2,2";"3,8";"2";"2";"";"2";"5";"3";"1";"";"";"2";"4";"3,4";"3,4";"2,33";"2,33";"1,0";"3,67";"1,0";"3,67";"1,0";"1,0";"3,72";"41";"1,0";"0";"1,0";"1,0";"1,0";"3,0";"1,0";"3,0";"1,0";"1,0";"1,0";"1,0";"4";"5";"4";"4";"4";"4";"5";"5";"4";"4";"1";"4";"1";"4";"3";"1";"1";"1";"1";"3";"2,6";"";"";"";"";"";"";"";"";"";"";"";"";"";"";"";"";"";"";"";"";"";"";"";"";"Techniek, Ontwerpen en Informatica (TOI)";"Vrouw";"17";"Haarlem";"1";"0";"Havo";"Bij mijn ouder(s)/verzorger(s)"
"3";"4";"4";"2";"2";"2";"4";"3,4";"1,8";"4,6";"2";"1";"1";"3";"2";"2";"4";"3";"3";"1";"3";"3,8";"3,4";"1,0";"2,33";"5,0";"2,33";"1,0";"2,33";"2,33";"2,33";"3,96";"41";"1,8";"0";"1,0";"1,0";"3,0";"3,0";"3,0";"5,0";"3,0";"3,0";"1,0";"1,0";"3";"5";"3";"5";"5";"5";"4";"1";"3";"4";"4";"4";"4";"4";"2";"2";"4";"4";"1";"4";"1,88";"";"";"";"";"";"";"";"";"";"";"";"";"";"";"";"";"";"";"";"";"";"";"";"";"Business, Finance and Law (BFL)";"Vrouw";"19";"Rotterdam";"1";"0";"Havo";"Bij mijn ouder(s)/verzorger(s)"
"3";"4";"3";"4";"2";"3";"2";"4,6";"3,8";"3,8";"3";"4";"4";"4";"";"4";"1";"1";"4";"1";"3";"3,8";"4,2";"1,0";"1,0";"1,0";"2,33";"1,0";"3,67";"1,0";"2,33";"4,24";"41";"1,0";"0";"1,0";"1,0";"1,0";"3,0";"1,0";"3,0";"1,0";"1,0";"1,0";"1,0";"5";"5";"2";"3";"4";"4";"3";"5";"5";"5";"3";"4";"1";"4";"1";"1";"1";"1";"1";"3";"1,8";"2";"3";"3";"2";"4";"3";"5";"4";"4";"2";"4";"3";"5";"2";"3";"4";"4";"4";"4";"5";"5";"5";"3";"4";"Agri, Food and Life Sciences (AFL)";"Man";"20";"Delft";"1";"0";"Havo";"Bij mijn ouder(s)/verzorger(s)"
"4";"4";"4";"2";"1";"1";"3";"3,8";"2,6";"4,6";"";"3";"2";"3";"4";"2";"2";"3";"4";"1";"3";"4,2";"3,8";"2,33";"2,33";"2,33";"2,33";"2,33";"1,0";"2,33";"2,33";"3,96";"41";"1,0";"0";"1,0";"1,0";"1,0";"3,0";"3,0";"3,0";"3,0";"3,0";"3,0";"3,0";"4";"4";"2";"4";"5";"5";"4";"4";"4";"4";"5";"4";"4";"5";"4";"5";"2";"1";"1";"5";"2,6";"2";"3";"2";"4";"1";"2";"4";"3";"4";"4";"2";"2";"2";"4";"2";"4";"2";"4";"3";"4";"4";"5";"4";"4";"Gezondheid, Sport en Welzijn (GSW)";"Vrouw";"20";"Alkmaar";"2";"0";"Mbo";"Bij mijn ouder(s)/verzorger(s)"
"3";"4";"4";"3";"4";"4";"3";"4,2";"5,0";"3,8";"5";"4";"3";"3";"4";"4";"5";"1";"2";"3";"4";"4,6";"5,0";"1,0";"2,33";"2,33";"2,33";"1,0";"2,33";"2,33";"1,0";"3,96";"41";"1,0";"0";"5,0";"1,0";"1,0";"3,0";"1,0";"1,0";"3,0";"1,0";"1,0";"1,0";"5";"4";"3";"5";"3";"4";"5";"3";"4";"4";"2";"5";"2";"3";"5";"5";"4";"4";"1";"4";"2,28";"5";"4";"5";"5";"5";"5";"4";"5";"1";"3";"2";"1";"2";"3";"2";"3";"2";"4";"2";"3";"2";"4";"1";"3";"Techniek, Ontwerpen en Informatica (TOI)";"Man";"29";"Haarlem";"2";"0";"Anders, namelijk (vul in):";"Met mijn partner / een relatie"
"1";"3";"2";"4";"2";"5";"5";"1,8";"1,4";"2,6";"3";"1";"5";"2";"4";"4";"5";"4";"2";"1";"4";"4,2";"4,6";"2,33";"2,33";"1,0";"2,33";"1,0";"3,67";"2,33";"3,67";"3,84";"41";"1,0";"1";"1,0";"1,0";"1,0";"3,0";"1,0";"3,0";"3,0";"3,0";"1,0";"1,0";"3";"5";"3";"4";"3";"4";"3";"5";"3";"3";"1";"2";"1";"2";"4";"4";"3";"1";"1";"3";"2,04";"4";"1";"4";"4";"5";"3";"5";"3";"4";"4";"4";"2";"2";"4";"4";"3";"4";"3";"4";"4";"4";"5";"4";"4";"Business, Finance and Law (BFL)";"Vrouw";"20";"Rotterdam";"2";"0";"Vwo";"Bij mijn ouder(s)/verzorger(s)"
"2";"4";"4";"4";"4";"5";"3";"3,4";"3,8";"3,4";"2";"4";"";"";"5";"3";"";"3";"4";"4";"3";"3,8";"3,8";"2,33";"3,67";"2,33";"3,67";"2,33";"3,67";"2,33";"3,67";"4,2";"41";"1,0";"0";"1,0";"1,0";"1,0";"3,0";"3,0";"3,0";"3,0";"1,0";"3,0";"1,0";"4";"4";"4";"4";"4";"3";"4";"4";"4";"4";"2";"4";"3";"3";"3";"1";"2";"1";"1";"3";"1,72";"2";"3";"3";"1";"1";"3";"4";"2";"2";"3";"4";"4";"2";"3";"3";"3";"4";"4";"3";"3";"4";"4";"2";"2";"Agri, Food and Life Sciences (AFL)";"Vrouw";"19";"Delft";"3";"0";"Havo";"Bij mijn ouder(s)/verzorger(s)"
"3";"3";"3";"3";"3";"4";"3";"4,2";"4,2";"3,8";"2";"3";"4";"3";"5";"5";"1";"3";"4";"3";"4";"3,8";"4,2";"2,33";"3,67";"1,0";"2,33";"2,33";"2,33";"2,33";"2,33";"4,32";"41";"1,0";"0";"1,0";"1,0";"1,0";"3,0";"3,0";"3,0";"3,0";"1,0";"5,0";"1,0";"4";"4";"3";"3";"5";"5";"4";"4";"4";"4";"3";"5";"3";"3";"3";"1";"2";"2";"1";"4";"";"1";"3";"3";"3";"1";"3";"5";"3";"3";"4";"3";"3";"3";"3";"3";"4";"4";"4";"3";"4";"4";"5";"4";"4";"Agri, Food and Life Sciences (AFL)";"Vrouw";"19";"Delft";"3";"0";"Havo";"Bij mijn ouder(s)/verzorger(s)"
"3";"4";"4";"2";"1";"1";"1";"4,2";"2,2";"3,8";"3";"3";"3";"4";"4";"4";"2";"1";"2";"2";"4";"4,6";"3,8";"1,0";"1,0";"1,0";"2,33";"1,0";"2,33";"2,33";"1,0";"3,88";"41";"1,0";"0";"3,0";"1,0";"1,0";"5,0";"3,0";"3,0";"1,0";"3,0";"3,0";"3,0";"4";"4";"2";"4";"4";"4";"4";"4";"5";"4";"3";"4";"4";"4";"3";"1";"2";"3";"1";"5";"1,64";"";"";"";"";"";"";"";"";"";"";"";"";"";"";"";"";"";"";"";"";"";"";"";"";"Business, Finance and Law (BFL)";"Man";"18";"Alkmaar";"1";"0";"Havo";"Bij mijn ouder(s)/verzorger(s)"
"2";"4";"4";"1";"1";"4";"3";"4,2";"1,4";"3,4";"4";"4";"3";"4";"5";"5";"2";"4";"5";"3";"5";"4,2";"5,0";"2,33";"1,0";"1,0";"1,0";"3,67";"2,33";"2,33";"2,33";"3,96";"40";"1,0";"1";"1,0";"1,0";"1,0";"1,0";"1,0";"5,0";"1,0";"1,0";"1,0";"1,0";"2";"4";"2";"4";"3";"2";"2";"2";"1";"3";"3";"3";"3";"3";"1";"1";"1";"1";"1";"3";"1,4";"";"";"";"";"";"";"";"";"";"";"";"";"";"";"";"";"";"";"";"";"";"";"";"";"Creative Business (CB)";"Vrouw";"18";"Amsterdam";"1";"0";"Havo";"Bij mijn ouder(s)/verzorger(s)"
"3";"4";"4";"4";"4";"4";"4";"4,2";"4,2";"3,0";"4";"4";"3";"3";"4";"4";"3";"4";"4";"4";"3";"3,0";"3,8";"3,67";"3,67";"2,33";"3,67";"5,0";"3,67";"3,67";"3,67";"3,8";"40";"1,0";"0";"1,0";"3,0";"1,0";"1,0";"1,0";"3,0";"3,0";"1,0";"1,0";"3,0";"4";"4";"3";"4";"4";"3";"4";"3";"3";"3";"4";"4";"3";"3";"3";"5";"4";"1";"1";"3";"1,88";"";"";"";"";"";"";"";"";"";"";"";"";"";"";"";"";"";"";"";"";"";"";"";"";"Gezondheid, Sport en Welzijn (GSW)";"Vrouw";"18";"Amsterdam";"1";"0";"Havo";"Bij mijn ouder(s)/verzorger(s)"
"3";"4";"4";"3";"2";"3";"3";"3,8";"3,8";"3,8";"3";"3";"4";"2";"3";"3";"5";"3";"2";"2";"3";"3,8";"3,4";"2,33";"2,33";"2,33";"2,33";"2,33";"2,33";"2,33";"2,33";"3,64";"40";"2,6";"1";"5,0";"1,0";"1,0";"1,0";"1,0";"3,0";"1,0";"1,0";"1,0";"1,0";"3";"5";"2";"4";"4";"5";"4";"3";"4";"3";"3";"4";"3";"4";"2";"1";"1";"1";"1";"4";"1,64";"";"";"";"";"";"";"";"";"";"";"";"";"";"";"";"";"";"";"";"";"";"";"";"";"Business, Finance and Law (BFL)";"Man";"21";"Alkmaar";"1";"0";"Havo";"Bij mijn ouder(s)/verzorger(s)"
"3";"4";"4";"3";"2";"4";"4";"3,4";"3,0";"3,4";"1";"1";"1";"3";"3";"2";"2";"2";"2";"3";"4";"3,8";"3,4";"2,33";"2,33";"1,0";"3,67";"1,0";"3,67";"2,33";"2,33";"4,32";"40";"1,0";"0";"1,0";"1,0";"1,0";"1,0";"1,0";"3,0";"1,0";"1,0";"1,0";"1,0";"4";"5";"3";"5";"3";"4";"3";"5";"4";"4";"1";"1";"1";"2";"1";"1";"1";"1";"1";"3";"3,88";"";"";"";"";"";"";"";"";"";"";"";"";"";"";"";"";"";"";"";"";"";"";"";"";"Gezondheid, Sport en Welzijn (GSW)";"Vrouw";"20";"Haarlem";"1";"0";"Anders, namelijk (vul in):";"Alleen"
"2";"3";"3";"4";"3";"2";"1";"3,4";"4,2";"3,4";"4";"3";"5";"3";"3";"3";"1";"1";"1";"5";"3";"3,0";"3,8";"1,0";"2,33";"2,33";"2,33";"1,0";"2,33";"2,33";"1,0";"3,8";"40";"2,6";"0";"1,0";"1,0";"1,0";"1,0";"1,0";"1,0";"1,0";"1,0";"1,0";"1,0";"3";"2";"4";"2";"3";"3";"2";"4";"3";"3";"1";"5";"4";"4";"3";"3";"4";"3";"1";"1";"2,2";"";"";"";"";"";"";"";"";"";"";"";"";"";"";"";"";"";"";"";"";"";"";"";"";"Techniek, Ontwerpen en Informatica (TOI)";"Man";"24";"Haarlem";"1";"0";"Havo";"Bij mijn ouder(s)/verzorger(s)"
"4";"4";"4";"2";"2";"3";"3";"4,6";"3,0";"4,2";"2";"3";"3";"2";"2";"3";"3";"2";"3";"3";"3";"3,8";"4,2";"2,33";"1,0";"2,33";"2,33";"2,33";"2,33";"2,33";"2,33";"4,12";"40";"1,0";"0";"1,0";"1,0";"1,0";"1,0";"1,0";"1,0";"1,0";"1,0";"1,0";"1,0";"3";"4";"2";"4";"5";"5";"4";"4";"4";"3";"4";"5";"4";"5";"3";"2";"3";"3";"1";"3";"2,2";"";"";"";"";"";"";"";"";"";"";"";"";"";"";"";"";"";"";"";"";"";"";"";"";"Creative Business (CB)";"Man";"24";"Haarlem";"1";"0";"Mbo";"Met een of enkele huisgenoten / vrienden (geen relatie)"
"1";"4";"4";"3";"4";"4";"5";"4,6";"3,8";"3,0";"4";"4";"3";"5";"4";"3";"3";"3";"3";"3";"4";"3,8";"3,4";"2,33";"2,33";"3,67";"3,67";"1,0";"2,33";"2,33";"2,33";"3,84";"40";"2,6";"0";"1,0";"1,0";"1,0";"1,0";"1,0";"5,0";"1,0";"1,0";"1,0";"1,0";"5";"4";"3";"4";"4";"4";"4";"3";"4";"4";"3";"5";"4";"4";"3";"3";"4";"1";"1";"4";"1,96";"";"";"";"";"";"";"";"";"";"";"";"";"";"";"";"";"";"";"";"";"";"";"";"";"Business, Finance and Law (BFL)";"Vrouw";"21";"Rotterdam";"1";"0";"Vwo";"Bij mijn ouder(s)/verzorger(s)"
"3";"5";"4";"3";"2";"2";"2";"3,8";"5,0";"5,0";"4";"4";"4";"4";"4";"4";"5";"3";"4";"4";"4";"3,0";"3,4";"2,33";"2,33";"2,33";"2,33";"1,0";"3,67";"2,33";"2,33";"3,44";"40";"2,6";"0";"1,0";"1,0";"3,0";"1,0";"1,0";"5,0";"1,0";"1,0";"1,0";"1,0";"4";"5";"2";"4";"4";"4";"3";"2";"4";"4";"4";"4";"3";"4";"3";"2";"3";"3";"";"5";"1,8";"";"";"";"";"";"";"";"";"";"";"";"";"";"";"";"";"";"";"";"";"";"";"";"";"Business, Finance and Law (BFL)";"Vrouw";"19";"Rotterdam";"1";"0";"Havo";"Bij mijn ouder(s)/verzorger(s)"
"3";"4";"4";"3";"2";"3";"3";"3,8";"2,2";"2,6";"5";"5";"4";"5";"5";"5";"4";"5";"5";"3";"3";"4,2";"3,4";"2,33";"2,33";"2,33";"2,33";"2,33";"2,33";"2,33";"2,33";"3,2";"40";"1,0";"1";"1,0";"1,0";"3,0";"1,0";"1,0";"1,0";"1,0";"1,0";"1,0";"1,0";"4";"3";"2";"4";"5";"4";"4";"3";"3";"4";"3";"5";"3";"3";"4";"1";"3";"3";"1";"5";"2,28";"";"";"";"";"";"";"";"";"";"";"";"";"";"";"";"";"";"";"";"";"";"";"";"";"Verloskunde Academie";"Vrouw";"19";"Groningen (Verloskunde Academie)";"1";"0";"Vwo";"Alleen"
"3";"4";"3";"2";"2";"3";"2";"2,2";"2,6";"3,4";"2";"2";"2";"2";"2";"2";"3";"2";"2";"2";"4";"4,2";"3,4";"2,33";"2,33";"2,33";"2,33";"1,0";"1,0";"2,33";"3,67";"4,04";"40";"1,0";"0";"1,0";"1,0";"1,0";"1,0";"1,0";"1,0";"1,0";"1,0";"1,0";"1,0";"3";"4";"3";"4";"4";"4";"4";"4";"3";"1";"4";"4";"4";"4";"1";"1";"1";"1";"1";"4";"3,56";"2";"2";"1";"1";"1";"1";"4";"2";"2";"4";"2";"1";"2";"4";"4";"4";"1";"4";"4";"4";"4";"4";"4";"5";"Gezondheid, Sport en Welzijn (GSW)";"Man";"29";"Amsterdam";"2";"0";"Anders, namelijk (vul in):";"Met mijn partner / een relatie"
"5";"5";"4";"1";"2";"3";"1";"4,6";"3,4";"3,8";"4";"3";"5";"4";"4";"1";"1";"2";"2";"1";"5";"4,6";"4,2";"1,0";"1,0";"1,0";"1,0";"1,0";"1,0";"1,0";"1,0";"3,8";"40";"2,6";"0";"3,0";"1,0";"1,0";"1,0";"3,0";"5,0";"1,0";"3,0";"1,0";"1,0";"4";"5";"1";"5";"5";"5";"5";"5";"5";"5";"5";"3";"1";"3";"4";"3";"3";"2";"1";"5";"";"1";"1";"3";"1";"1";"1";"4";"4";"1";"5";"1";"1";"2";"5";"1";"5";"1";"3";"3";"4";"4";"4";"4";"4";"Gezondheid, Sport en Welzijn (GSW)";"Vrouw";"21";"Amsterdam";"2";"0";"Anders, namelijk (vul in):";"Bij mijn ouder(s)/verzorger(s)"
"5";"5";"5";"3";"4";"2";"1";"3,8";"4,6";"4,2";"";"";"";"4";"";"4";"";"5";"1";"2";"5";"3,4";"3,8";"1,0";"2,33";"3,67";"2,33";"1,0";"1,0";"1,0";"2,33";"3,92";"40";"1,8";"0";"1,0";"1,0";"1,0";"1,0";"1,0";"3,0";"1,0";"1,0";"1,0";"1,0";"4";"5";"4";"5";"5";"5";"4";"4";"4";"1";"3";"4";"3";"4";"1";"1";"1";"1";"1";"";"2,92";"4";"3";"3";"3";"1";"3";"5";"4";"1";"5";"3";"4";"5";"3";"4";"3";"4";"4";"4";"4";"4";"3";"3";"3";"Onderwijs en Innovatie (ONI)";"Vrouw";"57";"Haarlem";"2";"0";"Anders, namelijk (vul in):";"Anders"
"3";"3";"3";"4";"2";"4";"5";"3,4";"4,2";"3,0";"4";"3";"3";"5";"5";"4";"4";"3";"5";"3";"3";"4,2";"4,2";"1,0";"2,33";"3,67";"2,33";"1,0";"2,33";"1,0";"3,67";"3,88";"40";"1,0";"0";"1,0";"1,0";"1,0";"1,0";"1,0";"1,0";"1,0";"1,0";"1,0";"1,0";"3";"3";"4";"3";"3";"3";"4";"4";"4";"3";"1";"1";"3";"1";"3";"3";"2";"1";"1";"5";"1,0";"";"";"";"";"";"";"";"";"";"";"";"";"";"";"";"";"";"";"";"";"";"";"";"";"Business, Finance and Law (BFL)";"Vrouw";"19";"Rotterdam";"2";"0";"Mbo";"Bij mijn ouder(s)/verzorger(s)"
"3";"4";"3";"5";"5";"4";"4";"4,6";"4,6";"3,8";"4";"";"3";"5";"5";"";"5";"5";"4";"5";"5";"3,4";"3,8";"3,67";"5,0";"2,33";"2,33";"2,33";"3,67";"2,33";"3,67";"4,0";"40";"1,0";"0";"3,0";"5,0";"5,0";"1,0";"1,0";"3,0";"3,0";"1,0";"1,0";"1,0";"4";"4";"2";"5";"2";"3";"4";"5";"4";"5";"4";"4";"3";"2";"3";"5";"3";"1";"1";"4";"3,4";"3";"4";"4";"5";"2";"2";"3";"5";"2";"3";"2";"4";"3";"3";"2";"5";"2";"4";"3";"4";"3";"3";"3";"3";"Verloskunde Academie";"Vrouw";"31";"Amsterdam";"3";"0";"Anders, namelijk (vul in):";"Met mijn partner / een relatie"
"3";"3";"3";"4";"4";"5";"4";"1,8";"3,8";"3,0";"2";"4";"2";"4";"5";"5";"1";"2";"4";"";"4";"3,8";"3,4";"3,67";"3,67";"5,0";"2,33";"1,0";"2,33";"1,0";"5,0";"3,8";"40";"1,0";"0";"1,0";"1,0";"1,0";"1,0";"1,0";"1,0";"1,0";"1,0";"1,0";"1,0";"4";"5";"3";"4";"4";"5";"4";"4";"3";"2";"3";"5";"4";"3";"4";"1";"1";"1";"1";"3";"4,2";"";"";"";"";"";"";"";"";"";"";"";"";"";"";"";"";"";"";"";"";"";"";"";"";"Techniek, Ontwerpen en Informatica (TOI)";"Man";"25";"Alkmaar";"3";"0";"Mbo";"Met mijn partner / een relatie"
"3";"5";"4";"4";"1";"3";"1";"4,6";"3,4";"4,2";"4";"1";"1";"1";"1";"2";"1";"3";"1";"3";"4";"5,0";"3,8";"1,0";"2,33";"1,0";"1,0";"1,0";"1,0";"2,33";"1,0";"3,88";"40";"1,0";"0";"1,0";"1,0";"1,0";"1,0";"1,0";"3,0";"1,0";"1,0";"1,0";"1,0";"5";"4";"2";"4";"5";"4";"5";"5";"5";"5";"1";"5";"4";"4";"1";"3";"5";"5";"1";"2";"1,8";"1";"1";"1";"3";"4";"1";"5";"4";"2";"5";"1";"1";"2";"5";"1";"5";"2";"2";"3";"4";"3";"4";"4";"4";"Verloskunde Academie";"Vrouw";"22";"Groningen (Verloskunde Academie)";"3";"0";"Vwo";"In een studentenhuis / met meerdere studenten samen"
"3";"4";"3";"3";"4";"4";"5";"3,8";"3,4";"4,2";"4";"4";"4";"3";"5";"4";"3";"3";"3";"4";"3";"4,2";"3,4";"2,33";"3,67";"5,0";"3,67";"3,67";"3,67";"2,33";"3,67";"4,2";"40";"1,0";"0";"1,0";"1,0";"1,0";"3,0";"1,0";"5,0";"1,0";"1,0";"1,0";"1,0";"4";"4";"2";"4";"4";"4";"3";"3";"4";"3";"3";"5";"3";"4";"3";"2";"4";"5";"1";"2";"1,32";"2";"4";"3";"3";"4";"4";"5";"4";"3";"3";"4";"4";"4";"2";"3";"3";"4";"4";"4";"4";"3";"5";"4";"3";"Agri, Food and Life Sciences (AFL)";"Vrouw";"19";"Amsterdam";"1";"0";"Havo";"Bij mijn ouder(s)/verzorger(s)"
"3";"3";"4";"2";"2";"2";"4";"4,2";"2,2";"3,8";"2";"";"";"2";"3";"3";"2";"2";"2";"3";"3";"3,4";"3,4";"2,33";"3,67";"2,33";"2,33";"3,67";"2,33";"2,33";"2,33";"4,36";"40";"1,0";"1";"5,0";"1,0";"1,0";"3,0";"1,0";"3,0";"1,0";"1,0";"1,0";"1,0";"3";"4";"2";"4";"3";"3";"3";"3";"5";"3";"2";"4";"2";"3";"3";"3";"4";"4";"1";"2";"2,28";"1";"3";"2";"1";"2";"3";"4";"3";"1";"4";"2";"3";"3";"2";"4";"4";"3";"3";"4";"4";"4";"5";"3";"2";"Agri, Food and Life Sciences (AFL)";"Vrouw";"21";"Amsterdam";"1";"0";"Havo";"Bij mijn ouder(s)/verzorger(s)"
"3";"4";"3";"3";"4";"3";"1";"3,4";"2,6";"3,0";"4";"2";"";"2";"4";"3";"3";"4";"4";"2";"3";"4,6";"4,2";"1,0";"1,0";"2,33";"1,0";"1,0";"1,0";"1,0";"1,0";"3,8";"40";"2,6";"0";"1,0";"1,0";"1,0";"3,0";"3,0";"3,0";"1,0";"1,0";"1,0";"1,0";"3";"4";"3";"3";"4";"4";"4";"4";"5";"4";"3";"4";"3";"4";"4";"4";"3";"5";"1";"4";"1,0";"2";"2";"3";"2";"1";"3";"3";"3";"2";"4";"2";"2";"2";"4";"2";"4";"2";"4";"3";"4";"4";"4";"3";"2";"Agri, Food and Life Sciences (AFL)";"Man";"21";"Amsterdam";"1";"0";"Havo";"Bij mijn ouder(s)/verzorger(s)"
"2";"3";"3";"4";"4";"5";"3";"3,4";"3,8";"3,4";"1";"4";"4";"4";"5";"5";"5";"4";"4";"5";"3";"3,8";"4,2";"3,67";"3,67";"1,0";"2,33";"3,67";"2,33";"3,67";"5,0";"3,8";"40";"1,8";"1";"3,0";"1,0";"3,0";"3,0";"5,0";"5,0";"1,0";"1,0";"1,0";"1,0";"5";"4";"3";"3";"4";"4";"4";"3";"4";"3";"4";"4";"3";"4";"3";"1";"2";"1";"0";"5";"3,4";"4";"3";"2";"3";"3";"4";"5";"4";"4";"2";"4";"5";"3";"2";"4";"4";"4";"4";"4";"4";"4";"5";"5";"4";"Agri, Food and Life Sciences (AFL)";"Vrouw";"19";"Amsterdam";"1";"0";"Havo";"Bij mijn ouder(s)/verzorger(s)"
"2";"3";"1";"2";"3";"5";"4";"2,2";"4,2";"2,2";"3";"4";"";"5";"5";"5";"3";"2";"3";"";"4";"3,8";"4,6";"3,67";"3,67";"3,67";"3,67";"3,67";"3,67";"2,33";"3,67";"4,28";"40";"1,0";"1";"1,0";"1,0";"5,0";"3,0";"1,0";"3,0";"1,0";"3,0";"1,0";"1,0";"2";"3";"2";"4";"2";"2";"4";"3";"4";"4";"3";"5";"2";"3";"2";"1";"2";"1";"0";"4";"1,64";"4";"3";"2";"1";"2";"3";"4";"3";"3";"2";"4";"4";"4";"3";"3";"4";"3";"2";"2";"2";"2";"4";"3";"3";"Agri, Food and Life Sciences (AFL)";"Vrouw";"20";"Amsterdam";"1";"0";"Havo";"Bij mijn ouder(s)/verzorger(s)"
"5";"5";"5";"1";"3";"1";"1";"5,0";"4,6";"5,0";"";"1";"";"";"";"2";"1";"2";"";"";"3";"2,6";"4,2";"3,67";"3,67";"5,0";"3,67";"2,33";"3,67";"5,0";"2,33";"4,4";"40";"1,0";"0";"1,0";"5,0";"5,0";"3,0";"1,0";"5,0";"1,0";"3,0";"1,0";"1,0";"5";"5";"1";"5";"5";"5";"5";"5";"3";"5";"3";"5";"3";"5";"3";"5";"3";"3";"1";"5";"3,24";"1";"1";"1";"5";"5";"1";"5";"5";"5";"5";"1";"1";"1";"5";"1";"5";"5";"3";"5";"5";"3";"5";"3";"5";"Gezondheid, Sport en Welzijn (GSW)";"Vrouw";"45";"Amsterdam";"1";"0";"Mbo";"Anders"
"4";"4";"4";"3";"4";"4";"3";"4,6";"3,8";"4,6";"4";"4";"4";"5";"5";"5";"5";"3";"2";"5";"4";"4,2";"3,8";"1,0";"2,33";"3,67";"2,33";"3,67";"2,33";"2,33";"3,67";"4,28";"40";"1,0";"0";"1,0";"1,0";"1,0";"3,0";"3,0";"3,0";"3,0";"3,0";"3,0";"3,0";"1";"2";"4";"4";"3";"2";"4";"2";"4";"2";"3";"3";"3";"2";"3";"1";"1";"1";"1";"5";"4,6";"3";"5";"4";"4";"5";"3";"3";"3";"3";"";"";"";"";"";"";"";"";"";"";"";"";"";"";"";"Gezondheid, Sport en Welzijn (GSW)";"Vrouw";"23";"Amsterdam";"1";"1";"Havo";"Anders"
"3";"4";"3";"2";"3";"3";"4";"3,4";"2,6";"3,8";"3";"2";"1";"3";"3";"2";"2";"1";"2";"2";"3";"3,8";"3,4";"1,0";"3,67";"2,33";"2,33";"1,0";"1,0";"2,33";"3,67";"3,84";"40";"1,0";"0";"3,0";"3,0";"1,0";"3,0";"1,0";"3,0";"3,0";"3,0";"1,0";"1,0";"3";"3";"3";"4";"5";"5";"4";"4";"4";"4";"3";"5";"5";"4";"3";"4";"3";"4";"1";"5";"2,28";"3";"1";"3";"4";"3";"3";"4";"3";"2";"";"";"";"";"";"";"";"";"";"";"";"";"";"";"";"Business, Finance and Law (BFL)";"Vrouw";"20";"Amsterdam";"1";"0";"Mbo";"Bij mijn ouder(s)/verzorger(s)"
"4";"5";"3";"3";"3";"5";"3";"3,8";"2,6";"3,8";"4";"3";"2";"3";"5";"4";"1";"2";"3";"2";"4";"4,2";"3,4";"2,33";"5,0";"5,0";"2,33";"1,0";"3,67";"1,0";"2,33";"4,08";"40";"1,8";"0";"1,0";"3,0";"3,0";"3,0";"1,0";"5,0";"5,0";"1,0";"1,0";"1,0";"4";"4";"3";"5";"5";"4";"5";"4";"4";"5";"3";"5";"4";"4";"4";"5";"2";"1";"1";"4";"1,0";"2";"2";"4";"4";"5";"5";"4";"2";"2";"3";"1";"1";"1";"5";"2";"3";"3";"2";"2";"4";"2";"2";"2";"2";"Techniek, Ontwerpen en Informatica (TOI)";"Vrouw";"22";"Alkmaar";"1";"0";"Anders, namelijk (vul in):";"Bij mijn ouder(s)/verzorger(s)"
"3";"4";"4";"2";"3";"3";"3";"4,2";"2,6";"4,2";"1";"1";"2";"3";"3";"2";"2";"1";"2";"1";"4";"4,6";"3,4";"1,0";"2,33";"2,33";"1,0";"1,0";"1,0";"1,0";"2,33";"4,6";"40";"2,6";"0";"3,0";"1,0";"1,0";"3,0";"5,0";"5,0";"1,0";"3,0";"3,0";"3,0";"3";"4";"3";"4";"5";"5";"4";"4";"4";"4";"4";"4";"4";"4";"3";"2";"3";"3";"1";"4";"1,8";"";"";"";"";"";"";"";"";"";"";"";"";"";"";"";"";"";"";"";"";"";"";"";"";"Gezondheid, Sport en Welzijn (GSW)";"Man";"23";"Alkmaar";"1";"0";"Havo";"Bij mijn ouder(s)/verzorger(s)"
"2";"4";"3";"3";"2";"2";"4";"3,4";"3,4";"3,4";"3";"3";"";"3";"5";"5";"4";"5";"4";"";"4";"4,6";"3,8";"2,33";"2,33";"1,0";"2,33";"2,33";"2,33";"1,0";"2,33";"3,8";"40";"1,0";"0";"1,0";"1,0";"1,0";"3,0";"3,0";"3,0";"1,0";"1,0";"1,0";"1,0";"4";"4";"2";"4";"4";"4";"3";"2";"3";"4";"3";"5";"2";"4";"2";"3";"1";"1";"1";"5";"2,6";"";"";"";"";"";"";"";"";"";"";"";"";"";"";"";"";"";"";"";"";"";"";"";"";"Gezondheid, Sport en Welzijn (GSW)";"Vrouw";"17";"Alkmaar";"1";"0";"Havo";"Bij mijn ouder(s)/verzorger(s)"
"3";"4";"4";"5";"5";"5";"5";"3,8";"5,0";"3,4";"3";"3";"3";"4";"5";"5";"5";"3";"5";"4";"3";"3,4";"3,8";"3,67";"5,0";"5,0";"3,67";"3,67";"5,0";"3,67";"5,0";"4,6";"40";"1,0";"1";"3,0";"1,0";"3,0";"3,0";"3,0";"5,0";"1,0";"1,0";"1,0";"1,0";"5";"3";"5";"4";"4";"3";"4";"3";"4";"3";"2";"3";"2";"4";"3";"1";"1";"1";"";"5";"2,2";"";"";"";"";"";"";"";"";"";"";"";"";"";"";"";"";"";"";"";"";"";"";"";"";"Gezondheid, Sport en Welzijn (GSW)";"Vrouw";"24";"Alkmaar";"1";"0";"Havo";"Met mijn partner / een relatie"
"3";"4";"4";"2";"3";"3";"3";"3,8";"3,0";"3,8";"2";"2";"3";"2";"3";"2";"3";"2";"4";"2";"3";"3,8";"3,8";"2,33";"2,33";"3,67";"2,33";"1,0";"2,33";"1,0";"2,33";"3,88";"40";"2,6";"0";"1,0";"1,0";"1,0";"3,0";"3,0";"3,0";"3,0";"3,0";"1,0";"1,0";"4";"4";"3";"5";"4";"4";"3";"3";"4";"4";"3";"5";"3";"4";"2";"3";"2";"3";"1";"4";"2,6";"";"";"";"";"";"";"";"";"";"";"";"";"";"";"";"";"";"";"";"";"";"";"";"";"Business, Finance and Law (BFL)";"Vrouw";"21";"Alkmaar";"1";"0";"Havo";"Met mijn partner / een relatie"
"4";"4";"3";"3";"4";"1";"1";"3,8";"4,6";"4,6";"";"3";"";"1";"";"";"3";"1";"5";"1";"5";"5,0";"4,2";"2,33";"1,0";"2,33";"2,33";"1,0";"2,33";"1,0";"1,0";"4,2";"40";"1,8";"1";"1,0";"1,0";"1,0";"3,0";"1,0";"3,0";"3,0";"3,0";"3,0";"3,0";"5";"4";"3";"5";"4";"3";"4";"4";"4";"4";"2";"4";"1";"1";"1";"1";"1";"1";"1";"";"3,0";"4";"1";"3";"1";"1";"3";"4";"3";"2";"5";"2";"2";"2";"4";"3";"2";"5";"3";"4";"4";"2";"3";"3";"2";"Gezondheid, Sport en Welzijn (GSW)";"Vrouw";"34";"Haarlem";"1";"0";"Mbo";"Met mijn partner / een relatie"
"3";"4";"5";"4";"4";"4";"3";"3,8";"4,2";"3,4";"2";"2";"2";"3";"4";"4";"4";"3";"2";"4";"4";"3,8";"3,8";"1,0";"3,67";"2,33";"2,33";"1,0";"3,67";"1,0";"3,67";"4,0";"40";"1,0";"1";"1,0";"1,0";"1,0";"3,0";"1,0";"1,0";"1,0";"1,0";"3,0";"1,0";"4";"4";"4";"5";"3";"3";"3";"2";"4";"4";"4";"5";"2";"4";"1";"1";"1";"2";"1";"5";"";"3";"4";"3";"4";"2";"4";"5";"4";"3";"4";"2";"2";"4";"3";"2";"4";"3";"3";"3";"3";"3";"3";"2";"2";"Creative Business (CB)";"Vrouw";"21";"Haarlem";"1";"0";"Mbo";"Bij mijn ouder(s)/verzorger(s)"
"2";"3";"4";"3";"3";"2";"4";"2,6";"2,6";"3,0";"3";"2";"4";"4";"3";"5";"4";"4";"3";"1";"4";"3,4";"3,8";"1,0";"2,33";"3,67";"3,67";"3,67";"3,67";"2,33";"2,33";"3,8";"40";"1,0";"0";"5,0";"1,0";"1,0";"3,0";"1,0";"3,0";"3,0";"1,0";"1,0";"1,0";"3";"2";"4";"5";"3";"4";"3";"4";"4";"2";"1";"4";"2";"4";"4";"1";"4";"2";"";"4";"";"";"";"";"";"";"";"";"";"";"";"";"";"";"";"";"";"";"";"";"";"";"";"";"";"Creative Business (CB)";"Man";"17";"Haarlem";"1";"0";"Havo";"Bij mijn ouder(s)/verzorger(s)"
"2";"4";"3";"3";"4";"3";"3";"1,8";"3,0";"3,4";"1";"4";"3";"3";"4";"4";"3";"3";"3";"5";"3";"3,4";"3,8";"2,33";"3,67";"2,33";"2,33";"3,67";"2,33";"3,67";"3,67";"3,6";"40";"2,6";"0";"1,0";"1,0";"1,0";"3,0";"3,0";"3,0";"3,0";"3,0";"3,0";"3,0";"4";"4";"4";"4";"3";"4";"4";"4";"4";"4";"2";"3";"3";"3";"3";"1";"1";"1";"1";"4";"3,56";"4";"3";"3";"3";"3";"3";"4";"4";"4";"2";"4";"4";"5";"3";"4";"3";"3";"2";"3";"5";"3";"3";"3";"3";"Gezondheid, Sport en Welzijn (GSW)";"Vrouw";"19";"Haarlem";"1";"0";"Mbo";"Bij mijn ouder(s)/verzorger(s)"
"4";"5";"4";"1";"1";"3";"1";"5,0";"4,6";"5,0";"5";"5";"3";"2";"3";"5";"5";"1";"3";"5";"5";"4,2";"4,2";"2,33";"2,33";"1,0";"2,33";"1,0";"3,67";"2,33";"1,0";"3,84";"40";"3,4";"0";"5,0";"5,0";"5,0";"3,0";"5,0";"3,0";"3,0";"1,0";"3,0";"1,0";"4";"4";"3";"5";"4";"4";"5";"3";"3";"4";"2";"5";"3";"4";"4";"2";"3";"2";"1";"";"1,96";"5";"4";"5";"3";"4";"4";"5";"5";"4";"4";"3";"4";"4";"5";"4";"3";"3";"4";"3";"3";"5";"3";"3";"3";"Techniek, Ontwerpen en Informatica (TOI)";"Man";"30";"Haarlem";"1";"0";"Ik heb een buitenlandse vooropleiding afgerond (bv. A-levels)";"Met mijn partner / een relatie"
"3";"5";"4";"3";"3";"3";"3";"4,6";"4,6";"5,0";"4";"3";"2";"3";"4";"3";"2";"2";"3";"3";"3";"4,2";"4,2";"3,67";"2,33";"2,33";"2,33";"1,0";"3,67";"2,33";"1,0";"4,28";"40";"1,0";"0";"3,0";"3,0";"5,0";"3,0";"3,0";"3,0";"3,0";"3,0";"3,0";"3,0";"2";"2";"2";"4";"2";"4";"1";"2";"2";"5";"4";"3";"3";"3";"3";"3";"3";"3";"1";"3";"";"";"";"";"";"";"";"";"";"";"";"";"";"";"";"";"";"";"";"";"";"";"";"";"";"Techniek, Ontwerpen en Informatica (TOI)";"Vrouw";"19";"Haarlem";"1";"1";"Ik heb een buitenlandse vooropleiding afgerond (bv. A-levels)";"Alleen"
"2";"4";"3";"3";"2";"1";"2";"3,8";"3,0";"3,8";"4";"3";"4";"3";"4";"2";"3";"3";"2";"5";"4";"2,2";"3,0";"5,0";"1,0";"5,0";"5,0";"3,67";"3,67";"5,0";"3,67";"3,8";"40";"1,0";"0";"1,0";"1,0";"3,0";"3,0";"3,0";"3,0";"3,0";"3,0";"3,0";"3,0";"3";"5";"3";"4";"5";"5";"5";"5";"5";"5";"3";"2";"1";"3";"2";"1";"1";"4";"1";"3";"3,56";"";"";"";"";"";"";"";"";"";"";"";"";"";"";"";"";"";"";"";"";"";"";"";"";"Gezondheid, Sport en Welzijn (GSW)";"Man";"18";"Haarlem";"1";"0";"Havo";"Bij mijn ouder(s)/verzorger(s)"
"3";"4";"3";"3";"3";"4";"3";"3,8";"3,8";"3,4";"3";"4";"3";"4";"5";"4";"4";"3";"4";"4";"4";"3,8";"3,8";"2,33";"2,33";"2,33";"3,67";"2,33";"3,67";"2,33";"2,33";"3,92";"40";"1,0";"0";"1,0";"1,0";"1,0";"3,0";"3,0";"3,0";"3,0";"1,0";"5,0";"1,0";"3";"4";"3";"4";"4";"4";"4";"4";"4";"4";"3";"4";"3";"3";"2";"1";"1";"2";"1";"3";"1,72";"";"";"";"";"";"";"";"";"";"";"";"";"";"";"";"";"";"";"";"";"";"";"";"";"Gezondheid, Sport en Welzijn (GSW)";"Vrouw";"25";"Haarlem";"1";"0";"Mbo";"Bij mijn ouder(s)/verzorger(s)"
"3";"4";"4";"2";"3";"3";"3";"3,8";"3,4";"4,2";"4";"4";"4";"4";"5";"4";"5";"4";"5";"4";"3";"3,8";"5,0";"3,67";"3,67";"3,67";"2,33";"2,33";"3,67";"2,33";"3,67";"4,2";"40";"1,0";"0";"3,0";"3,0";"1,0";"3,0";"1,0";"3,0";"1,0";"1,0";"1,0";"1,0";"4";"4";"3";"5";"5";"5";"4";"3";"4";"5";"5";"4";"4";"5";"2";"1";"1";"1";"1";"4";"1,4";"3";"1";"3";"3";"1";"3";"5";"3";"2";"4";"2";"2";"1";"4";"2";"3";"2";"4";"5";"5";"5";"4";"3";"2";"Gezondheid, Sport en Welzijn (GSW)";"Vrouw";"21";"Rotterdam";"1";"0";"Mbo";"Bij mijn ouder(s)/verzorger(s)"
"4";"4";"3";"2";"2";"3";"3";"4,2";"3,4";"3,8";"3";"4";"";"";"4";"4";"5";"3";"5";"5";"3";"4,2";"3,8";"2,33";"1,0";"2,33";"2,33";"2,33";"1,0";"1,0";"1,0";"3,8";"40";"2,6";"0";"1,0";"1,0";"1,0";"3,0";"3,0";"3,0";"1,0";"1,0";"1,0";"1,0";"4";"4";"3";"4";"4";"4";"4";"4";"4";"4";"3";"4";"3";"4";"4";"4";"1";"1";"1";"4";"3,0";"3";"2";"2";"4";"1";"2";"4";"4";"4";"3";"2";"2";"4";"3";"4";"4";"4";"4";"4";"4";"4";"4";"4";"4";"Business, Finance and Law (BFL)";"Man";"21";"Rotterdam";"1";"0";"Mbo";"Bij mijn ouder(s)/verzorger(s)"
"3";"3";"4";"5";"4";"4";"4";"4,2";"3,8";"3,0";"4";"5";"5";"5";"4";"5";"3";"5";"3";"4";"4";"3,4";"4,2";"3,67";"3,67";"5,0";"3,67";"3,67";"3,67";"2,33";"2,33";"4,36";"40";"1,0";"0";"1,0";"1,0";"5,0";"3,0";"1,0";"1,0";"1,0";"1,0";"1,0";"1,0";"5";"5";"1";"5";"4";"4";"2";"4";"4";"4";"1";"4";"4";"3";"1";"1";"1";"1";"1";"5";"1,0";"";"";"";"";"";"";"";"";"";"";"";"";"";"";"";"";"";"";"";"";"";"";"";"";"Creative Business (CB)";"Vrouw";"20";"Rotterdam";"1";"0";"Mbo";"Bij mijn ouder(s)/verzorger(s)"
"4";"5";"4";"3";"3";"3";"4";"4,6";"3,8";"4,2";"3";"3";"2";"2";"3";"3";"4";"3";"5";"2";"3";"3,8";"3,4";"2,33";"3,67";"2,33";"2,33";"2,33";"2,33";"2,33";"3,67";"4,36";"40";"1,0";"0";"5,0";"3,0";"3,0";"3,0";"1,0";"5,0";"1,0";"1,0";"1,0";"1,0";"5";"5";"2";"4";"3";"3";"3";"2";"1";"2";"4";"4";"3";"4";"3";"2";"3";"1";"1";"1";"1,8";"2";"2";"3";"5";"1";"1";"5";"1";"2";"3";"4";"4";"5";"3";"3";"3";"3";"4";"3";"3";"4";"4";"4";"3";"Gezondheid, Sport en Welzijn (GSW)";"Vrouw";"21";"Rotterdam";"1";"0";"Havo";"Alleen"
"1";"3";"2";"3";"4";"5";"5";"2,6";"2,2";"3,4";"3";"5";"5";"2";"3";"2";"1";"1";"1";"3";"3";"3,8";"3,8";"2,33";"3,67";"3,67";"2,33";"1,0";"2,33";"2,33";"2,33";"4,24";"40";"1,0";"0";"3,0";"3,0";"1,0";"3,0";"3,0";"5,0";"1,0";"5,0";"1,0";"1,0";"2";"4";"1";"3";"3";"4";"3";"3";"3";"4";"3";"5";"2";"2";"3";"3";"3";"3";"1";"2";"1,8";"";"";"";"";"";"";"";"";"";"";"";"";"";"";"";"";"";"";"";"";"";"";"";"";"Agri, Food and Life Sciences (AFL)";"Vrouw";"19";"Amsterdam";"2";"0";"Anders, namelijk (vul in):";"Bij mijn ouder(s)/verzorger(s)"
"2";"2";"2";"4";"4";"4";"4";"3,0";"3,4";"2,6";"1";"1";"1";"2";"1";"4";"1";"4";"2";"5";"5";"3,4";"4,2";"2,33";"2,33";"1,0";"3,67";"2,33";"3,67";"2,33";"2,33";"4,2";"40";"1,0";"1";"1,0";"1,0";"3,0";"3,0";"3,0";"5,0";"5,0";"1,0";"1,0";"1,0";"3";"2";"3";"2";"2";"2";"2";"2";"2";"2";"3";"5";"3";"3";"3";"2";"2";"1";"1";"2";"2,6";"";"";"";"";"";"";"";"";"";"";"";"";"";"";"";"";"";"";"";"";"";"";"";"";"Creative Business (CB)";"Vrouw";"22";"Haarlem";"2";"0";"Ik heb een buitenlandse vooropleiding afgerond (bv. A-levels)";"Met een of enkele huisgenoten / vrienden (geen relatie)"
"3";"4";"4";"2";"2";"1";"1";"4,2";"2,6";"4,2";"3";"4";"2";"5";"";"5";"1";"1";"2";"1";"4";"4,2";"3,4";"1,0";"2,33";"2,33";"2,33";"2,33";"1,0";"1,0";"2,33";"4,04";"40";"2,6";"0";"1,0";"1,0";"1,0";"3,0";"3,0";"3,0";"1,0";"3,0";"1,0";"1,0";"4";"5";"2";"5";"5";"5";"4";"4";"4";"4";"4";"5";"4";"4";"3";"4";"1";"1";"1";"3";"1,0";"3";"2";"2";"2";"1";"3";"4";"3";"4";"4";"3";"3";"3";"5";"3";"4";"4";"5";"5";"5";"5";"5";"5";"5";"Techniek, Ontwerpen en Informatica (TOI)";"Man";"23";"Haarlem";"2";"0";"Havo";"Bij mijn ouder(s)/verzorger(s)"
"2";"3";"2";"3";"2";"2";"3";"4,2";"3,8";"3,8";"2";"3";"4";"4";"4";"3";"3";"3";"2";"2";"2";"3,8";"3,8";"2,33";"2,33";"2,33";"3,67";"2,33";"3,67";"2,33";"2,33";"3,84";"40";"3,4";"1";"3,0";"3,0";"3,0";"3,0";"3,0";"3,0";"3,0";"5,0";"3,0";"3,0";"2";"4";"3";"3";"2";"3";"2";"2";"3";"2";"3";"3";"2";"3";"3";"2";"2";"2";"1";"3";"1,8";"";"";"";"";"";"";"";"";"";"";"";"";"";"";"";"";"";"";"";"";"";"";"";"";"Gezondheid, Sport en Welzijn (GSW)";"Man";"18";"Haarlem";"2";"0";"Havo";"Bij mijn ouder(s)/verzorger(s)"
"2";"2";"2";"4";"3";"2";"4";"1,4";"1,8";"1,8";"2";"2";"2";"2";"2";"3";"1";"2";"2";"2";"2";"3,0";"3,8";"2,33";"2,33";"3,67";"3,67";"2,33";"3,67";"3,67";"3,67";"3,64";"40";"2,6";"1";"1,0";"1,0";"1,0";"3,0";"3,0";"3,0";"3,0";"1,0";"1,0";"1,0";"2";"4";"3";"4";"2";"4";"3";"3";"2";"2";"2";"5";"3";"3";"4";"3";"1";"1";"";"2";"3,16";"";"";"";"";"";"";"";"";"";"";"";"";"";"";"";"";"";"";"";"";"";"";"";"";"Business, Finance and Law (BFL)";"Vrouw";"22";"Rotterdam";"2";"0";"Havo";"Bij mijn ouder(s)/verzorger(s)"
"4";"4";"4";"2";"1";"1";"2";"4,2";"3,8";"4,6";"2";"3";"4";"2";"2";"3";"";"2";"3";"1";"4";"3,8";"4,2";"1,0";"1,0";"2,33";"2,33";"1,0";"2,33";"1,0";"1,0";"4,2";"40";"1,0";"0";"3,0";"1,0";"1,0";"3,0";"3,0";"5,0";"3,0";"1,0";"1,0";"1,0";"4";"5";"2";"5";"4";"4";"4";"4";"4";"4";"3";"4";"3";"4";"1";"4";"2";"2";"1";"4";"1,64";"1";"1";"2";"1";"1";"2";"4";"3";"2";"4";"3";"3";"3";"2";"4";"4";"4";"4";"3";"4";"4";"4";"4";"4";"Agri, Food and Life Sciences (AFL)";"Vrouw";"21";"Delft";"2";"0";"Vwo";"Bij mijn ouder(s)/verzorger(s)"
"3";"4";"3";"3";"3";"4";"3";"3,4";"3,8";"3,4";"4";"2";"4";"5";"3";"4";"4";"4";"4";"2";"3";"3,0";"3,8";"2,33";"3,67";"2,33";"3,67";"1,0";"3,67";"3,67";"3,67";"3,76";"40";"1,0";"0";"3,0";"1,0";"3,0";"3,0";"1,0";"5,0";"1,0";"3,0";"1,0";"1,0";"3";"4";"3";"4";"4";"4";"4";"3";"4";"4";"4";"4";"4";"4";"3";"1";"1";"1";"1";"2";"1,8";"3";"2";"3";"4";"3";"2";"3";"3";"3";"2";"4";"4";"5";"2";"5";"4";"3";"4";"4";"4";"4";"4";"3";"4";"Agri, Food and Life Sciences (AFL)";"Man";"18";"Delft";"2";"0";"Havo";"Bij mijn ouder(s)/verzorger(s)"
"3";"4";"3";"4";"4";"3";"3";"4,2";"4,2";"4,2";"2";"4";"2";"2";"3";"4";"";"3";"3";"1";"4";"3,8";"4,2";"2,33";"2,33";"5,0";"2,33";"2,33";"2,33";"2,33";"2,33";"3,88";"40";"1,0";"0";"1,0";"1,0";"1,0";"3,0";"5,0";"5,0";"3,0";"1,0";"1,0";"1,0";"4";"5";"3";"5";"5";"3";"4";"4";"4";"4";"3";"5";"2";"4";"2";"3";"3";"5";"1";"4";"1,88";"1";"3";"4";"1";"1";"3";"5";"3";"2";"2";"4";"4";"4";"2";"3";"4";"2";"5";"4";"4";"4";"5";"4";"4";"Agri, Food and Life Sciences (AFL)";"Vrouw";"19";"Delft";"2";"0";"Havo";"Bij mijn ouder(s)/verzorger(s)"
"3";"3";"4";"4";"3";"4";"4";"3,8";"4,6";"3,4";"4";"2";"2";"5";"4";"5";"";"3";"4";"3";"3";"3,4";"4,2";"2,33";"3,67";"2,33";"2,33";"1,0";"1,0";"2,33";"3,67";"4,2";"40";"1,0";"0";"5,0";"1,0";"5,0";"3,0";"3,0";"3,0";"1,0";"1,0";"1,0";"1,0";"4";"4";"4";"3";"5";"5";"5";"5";"5";"5";"4";"5";"3";"4";"4";"5";"5";"5";"1";"4";"2,84";"";"";"";"";"";"";"";"";"";"";"";"";"";"";"";"";"";"";"";"";"";"";"";"";"Agri, Food and Life Sciences (AFL)";"Vrouw";"21";"Amsterdam";"3";"0";"Havo";"Bij mijn ouder(s)/verzorger(s)"
"3";"4";"4";"5";"5";"4";"2";"4,6";"4,6";"4,2";"3";"5";"5";"5";"5";"4";"3";"3";"4";"";"2";"3,4";"4,6";"3,67";"3,67";"3,67";"5,0";"3,67";"5,0";"2,33";"2,33";"4,0";"40";"1,0";"1";"1,0";"1,0";"1,0";"3,0";"1,0";"3,0";"1,0";"1,0";"1,0";"1,0";"5";"5";"2";"5";"3";"3";"3";"2";"2";"3";"3";"5";"2";"3";"5";"5";"5";"1";"1";"3";"2,2";"2";"3";"4";"2";"2";"2";"4";"3";"3";"3";"2";"3";"4";"4";"2";"4";"4";"4";"3";"4";"3";"4";"3";"2";"Techniek, Ontwerpen en Informatica (TOI)";"Man";"20";"Alkmaar";"3";"0";"Havo";"Bij mijn ouder(s)/verzorger(s)"
"2";"3";"3";"4";"4";"1";"4";"1,8";"4,2";"2,2";"2";"3";"3";"3";"3";"4";"3";"5";"4";"2";"3";"3,4";"4,2";"2,33";"2,33";"2,33";"3,67";"3,67";"3,67";"1,0";"3,67";"3,88";"40";"5,0";"1";"5,0";"1,0";"5,0";"3,0";"1,0";"5,0";"1,0";"1,0";"1,0";"1,0";"3";"4";"5";"5";"3";"4";"3";"2";"5";"3";"2";"5";"2";"3";"1";"1";"1";"1";"1";"3";"1,0";"4";"4";"4";"2";"1";"2";"5";"4";"3";"3";"4";"4";"4";"2";"4";"4";"5";"2";"3";"3";"3";"3";"3";"3";"Onderwijs en Innovatie (ONI)";"Vrouw";"39";"Alkmaar";"3";"0";"Anders, namelijk (vul in):";"Met mijn partner / een relatie"
"3";"4";"3";"3";"3";"3";"2";"4,2";"2,2";"4,2";"4";"4";"1";"1";"3";"5";"1";"4";"5";"5";"4";"4,6";"4,2";"1,0";"2,33";"2,33";"1,0";"1,0";"2,33";"2,33";"2,33";"3,8";"40";"1,0";"0";"3,0";"1,0";"1,0";"3,0";"3,0";"5,0";"1,0";"1,0";"1,0";"1,0";"4";"4";"3";"4";"4";"4";"4";"3";"4";"4";"3";"5";"3";"3";"3";"3";"2";"2";"1";"3";"1,8";"";"";"";"";"";"";"";"";"";"";"";"";"";"";"";"";"";"";"";"";"";"";"";"";"Agri, Food and Life Sciences (AFL)";"Vrouw";"21";"Delft";"3";"0";"Vwo";"Bij mijn ouder(s)/verzorger(s)"
"2";"3";"2";"2";"2";"2";"4";"3,0";"2,2";"3,0";"3";"3";"2";"4";"3";"2";"2";"3";"3";"3";"3";"3,4";"3,4";"2,33";"2,33";"1,0";"2,33";"2,33";"3,67";"2,33";"2,33";"3,8";"40";"1,0";"0";"5,0";"1,0";"1,0";"3,0";"1,0";"5,0";"1,0";"1,0";"1,0";"1,0";"3";"4";"3";"4";"3";"3";"3";"3";"2";"2";"1";"4";"1";"2";"1";"1";"1";"1";"1";"3";"2,6";"4";"2";"4";"2";"1";"1";"2";"3";"3";"3";"2";"2";"2";"3";"2";"4";"3";"3";"4";"3";"3";"3";"4";"2";"Gezondheid, Sport en Welzijn (GSW)";"Vrouw";"22";"Alkmaar";"4";"0";"Mbo";"Bij mijn ouder(s)/verzorger(s)"
"2";"3";"2";"4";"2";"2";"3";"3,0";"3,4";"2,2";"3";"3";"3";"4";"4";"4";"3";"5";"5";"4";"3";"3,4";"3,4";"2,33";"3,67";"1,0";"2,33";"1,0";"3,67";"2,33";"3,67";"3,4";"40";"2,6";"0";"3,0";"1,0";"1,0";"3,0";"3,0";"5,0";"1,0";"1,0";"1,0";"1,0";"3";"3";"4";"3";"2";"4";"3";"3";"4";"4";"3";"3";"2";"3";"4";"1";"2";"1";"1";"3";"1,64";"3";"2";"4";"2";"4";"2";"4";"4";"3";"4";"2";"3";"2";"4";"3";"4";"4";"3";"4";"4";"3";"4";"4";"3";"Business, Finance and Law (BFL)";"Man";"20";"Haarlem";"4";"0";"Havo";"Bij mijn ouder(s)/verzorger(s)"
"2";"4";"3";"4";"4";"4";"4";"3,8";"4,2";"3,8";"4";"4";"3";"4";"4";"3";"4";"3";"4";"5";"4";"3,8";"3,4";"3,67";"3,67";"2,33";"2,33";"3,67";"3,67";"2,33";"5,0";"4,08";"40";"1,0";"0";"1,0";"1,0";"1,0";"3,0";"3,0";"3,0";"3,0";"3,0";"3,0";"3,0";"4";"4";"2";"3";"5";"5";"5";"5";"5";"5";"4";"5";"4";"4";"3";"3";"3";"2";"1";"4";"2,92";"";"";"";"";"";"";"";"";"";"";"";"";"";"";"";"";"";"";"";"";"";"";"";"";"Onderwijs en Innovatie (ONI)";"Vrouw";"22";"Rotterdam";"4";"0";"Mbo";"Bij mijn ouder(s)/verzorger(s)"
"2";"4";"3";"4";"4";"3";"3";"3,4";"4,6";"3,4";"2";"";"";"4";"3";"4";"";"3";"3";"2";"3";"3,4";"3,8";"2,33";"3,67";"3,67";"3,67";"2,33";"3,67";"2,33";"3,67";"3,8";"40";"3,4";"1";"5,0";"1,0";"5,0";"3,0";"1,0";"3,0";"1,0";"1,0";"1,0";"1,0";"4";"3";"4";"4";"3";"3";"3";"3";"3";"3";"3";"4";"3";"4";"2";"2";"2";"2";"1";"4";"1,64";"4";"3";"3";"3";"3";"2";"4";"4";"4";"3";"4";"3";"4";"3";"3";"4";"3";"3";"4";"4";"4";"4";"3";"3";"Verloskunde Academie";"Vrouw";"22";"Amsterdam";"5 of hoger";"0";"Vwo";"Bij mijn ouder(s)/verzorger(s)"
"1";"4";"4";"4";"2";"5";"3";"1,0";"5,0";"1,0";"5";"5";"2";"5";"5";"5";"3";"5";"5";"";"4";"4,2";"3,8";"3,67";"2,33";"2,33";"3,67";"1,0";"3,67";"1,0";"3,67";"3,32";"40";"1,8";"1";"1,0";"1,0";"1,0";"3,0";"3,0";"3,0";"3,0";"3,0";"3,0";"3,0";"4";"2";"2";"4";"1";"2";"1";"4";"2";"2";"2";"2";"2";"1";"3";"2";"2";"2";"1";"5";"1,48";"";"";"";"";"";"";"";"";"";"";"";"";"";"";"";"";"";"";"";"";"";"";"";"";"Business, Finance and Law (BFL)";"Man";"23";"Alkmaar";"5 of hoger";"0";"Havo";"Bij mijn ouder(s)/verzorger(s)"
"2";"2";"2";"4";"3";"2";"3";"2,2";"3,8";"2,2";"1";"5";"3";"5";"4";"4";"1";"3";"5";"1";"4";"3,8";"3,4";"2,33";"2,33";"1,0";"2,33";"1,0";"2,33";"1,0";"2,33";"3,0";"40";"1,0";"1";"5,0";"1,0";"1,0";"3,0";"3,0";"5,0";"1,0";"1,0";"1,0";"1,0";"4";"5";"3";"4";"1";"3";"4";"1";"1";"1";"2";"3";"2";"2";"5";"4";"1";"1";"1";"3";"2,92";"4";"1";"5";"4";"3";"2";"4";"5";"3";"3";"4";"4";"4";"3";"3";"2";"4";"1";"2";"2";"1";"4";"3";"3";"Business, Finance and Law (BFL)";"Man";"25";"Alkmaar";"5 of hoger";"0";"Mbo";"Bij mijn ouder(s)/verzorger(s)"
"2";"4";"4";"3";"3";"3";"2";"3,4";"2,6";"4,2";"3";"3";"4";"3";"5";"3";"3";"4";"4";"4";"3";"3,8";"4,2";"1,0";"2,33";"1,0";"2,33";"2,33";"3,67";"2,33";"1,0";"4,28";"40";"1,0";"1";"1,0";"1,0";"1,0";"5,0";"3,0";"3,0";"3,0";"3,0";"3,0";"3,0";"3";"4";"3";"3";"4";"4";"2";"3";"2";"2";"3";"4";"4";"3";"2";"2";"3";"3";"";"4";"1,64";"1";"2";"3";"4";"1";"4";"5";"3";"3";"3";"3";"3";"4";"3";"3";"2";"3";"4";"4";"4";"3";"4";"3";"3";"Agri, Food and Life Sciences (AFL)";"Vrouw";"18";"Amsterdam";"1";"0";"Havo";"Bij mijn ouder(s)/verzorger(s)"
"4";"3";"3";"4";"4";"4";"4";"2,2";"4,2";"1,8";"4";"2";"2";"4";"4";"4";"4";"2";"5";"2";"4";"2,6";"3,8";"3,67";"3,67";"3,67";"3,67";"5,0";"3,67";"5,0";"3,67";"3,8";"40";"2,6";"0";"5,0";"5,0";"5,0";"5,0";"3,0";"5,0";"5,0";"1,0";"1,0";"1,0";"3";"4";"3";"3";"2";"2";"4";"4";"4";"4";"2";"4";"4";"5";"3";"3";"2";"2";"1";"2";"2,92";"4";"4";"3";"5";"5";"3";"4";"4";"3";"2";"4";"4";"3";"2";"4";"3";"3";"3";"4";"3";"3";"4";"4";"4";"Techniek, Ontwerpen en Informatica (TOI)";"Vrouw";"20";"Delft";"1";"1";"Anders, namelijk (vul in):";"Alleen"
"3";"3";"3";"3";"3";"3";"3";"4,6";"4,2";"4,6";"4";"4";"3";"2";"4";"4";"3";"1";"3";"2";"4";"4,2";"4,6";"5,0";"2,33";"3,67";"2,33";"2,33";"3,67";"2,33";"3,67";"4,12";"40";"2,6";"0";"5,0";"1,0";"3,0";"5,0";"3,0";"3,0";"3,0";"5,0";"5,0";"1,0";"3";"3";"4";"4";"4";"3";"4";"5";"4";"5";"1";"1";"1";"2";"2";"1";"2";"2";"1";"2";"4,28";"";"";"";"";"";"";"";"";"";"";"";"";"";"";"";"";"";"";"";"";"";"";"";"";"Gezondheid, Sport en Welzijn (GSW)";"Vrouw";"20";"Alkmaar";"4";"1";"Havo";"Alleen"
"3";"5";"3";"3";"4";"4";"2";"3,4";"3,4";"3,4";"3";"2";"2";"4";"4";"5";"";"3";"4";"2";"4";"4,2";"4,6";"1,0";"2,33";"2,33";"2,33";"1,0";"2,33";"2,33";"2,33";"3,64";"40";"1,0";"0";"1,0";"1,0";"1,0";"5,0";"5,0";"5,0";"1,0";"1,0";"1,0";"1,0";"4";"4";"3";"3";"5";"5";"5";"3";"4";"3";"2";"5";"2";"4";"4";"3";"2";"1";"1";"5";"1,64";"2";"1";"3";"4";"3";"2";"4";"3";"4";"4";"2";"2";"2";"3";"3";"4";"5";"3";"4";"3";"4";"3";"3";"4";"Techniek, Ontwerpen en Informatica (TOI)";"Man";"24";"Delft";"5 of hoger";"0";"Ik heb een buitenlandse vooropleiding afgerond (bv. A-levels)";"In een studentenhuis / met meerdere studenten samen"
"3";"4";"3";"3";"2";"4";"2";"3,4";"4,2";"3,8";"5";"3";"5";"4";"5";"5";"3";"5";"4";"2";"4";"3,0";"4,2";"3,67";"5,0";"5,0";"2,33";"1,0";"3,67";"1,0";"5,0";"3,68";"39";"2,6";"0";"5,0";"1,0";"5,0";"1,0";"1,0";"5,0";"1,0";"1,0";"1,0";"1,0";"3";"3";"3";"5";"4";"4";"2";"2";"4";"3";"4";"2";"3";"4";"1";"2";"3";"1";"1";"2";"2,2";"4";"1";"2";"2";"3";"4";"4";"4";"2";"3";"2";"4";"2";"3";"3";"5";"2";"3";"4";"4";"3";"5";"5";"5";"Agri, Food and Life Sciences (AFL)";"Man";"21";"Amsterdam";"1";"0";"Havo";"Bij mijn ouder(s)/verzorger(s)"
"3";"4";"3";"3";"4";"3";"3";"3,8";"2,6";"3,4";"2";"4";"2";"4";"5";"5";"4";"4";"5";"";"4";"3,8";"4,6";"1,0";"1,0";"3,67";"2,33";"1,0";"2,33";"1,0";"2,33";"3,56";"39";"2,6";"1";"1,0";"1,0";"1,0";"1,0";"1,0";"1,0";"1,0";"1,0";"5,0";"1,0";"4";"4";"3";"4";"3";"4";"4";"4";"4";"4";"3";"3";"3";"4";"3";"1";"1";"1";"1";"4";"2,2";"";"";"";"";"";"";"";"";"";"";"";"";"";"";"";"";"";"";"";"";"";"";"";"";"Business, Finance and Law (BFL)";"Man";"18";"Alkmaar";"1";"0";"Havo";"Bij mijn ouder(s)/verzorger(s)"
"2";"3";"2";"3";"3";"2";"5";"2,2";"3,8";"2,2";"3";"4";"3";"4";"3";"3";"1";"3";"5";"2";"3";"2,2";"3,8";"2,33";"2,33";"3,67";"2,33";"2,33";"2,33";"1,0";"1,0";"3,6";"39";"2,6";"0";"1,0";"3,0";"5,0";"1,0";"1,0";"1,0";"1,0";"1,0";"5,0";"1,0";"3";"4";"2";"5";"4";"4";"4";"2";"2";"2";"1";"4";"2";"3";"1";"1";"1";"1";"";"1";"2,12";"2";"3";"3";"4";"5";"3";"4";"3";"5";"2";"4";"4";"4";"2";"4";"2";"4";"3";"4";"4";"4";"3";"2";"4";"Business, Finance and Law (BFL)";"Man";"18";"Alkmaar";"1";"0";"Havo";"Bij mijn ouder(s)/verzorger(s)"
"3";"5";"5";"4";"3";"4";"4";"5,0";"3,0";"3,8";"5";"5";"2";"4";"5";"5";"2";"3";"1";"1";"5";"4,2";"4,6";"1,0";"2,33";"3,67";"2,33";"1,0";"2,33";"1,0";"1,0";"4,0";"39";"1,0";"0";"1,0";"1,0";"1,0";"1,0";"1,0";"1,0";"1,0";"1,0";"1,0";"1,0";"5";"5";"1";"5";"3";"5";"5";"4";"5";"5";"3";"4";"3";"3";"2";"1";"3";"4";"1";"5";"3,56";"";"";"";"";"";"";"";"";"";"";"";"";"";"";"";"";"";"";"";"";"";"";"";"";"Gezondheid, Sport en Welzijn (GSW)";"Vrouw";"18";"Haarlem";"1";"0";"Havo";"Bij mijn ouder(s)/verzorger(s)"
"3";"4";"2";"3";"1";"4";"4";"3,8";"3,8";"3,8";"2";"4";"1";"5";"5";"5";"3";"5";"4";"5";"4";"4,2";"3,8";"2,33";"2,33";"2,33";"2,33";"1,0";"2,33";"1,0";"2,33";"3,72";"39";"1,0";"0";"1,0";"1,0";"1,0";"1,0";"1,0";"1,0";"1,0";"1,0";"1,0";"1,0";"4";"5";"3";"2";"4";"5";"4";"4";"4";"5";"2";"5";"1";"1";"1";"1";"1";"1";"1";"4";"3,56";"3";"2";"3";"1";"1";"3";"5";"3";"3";"4";"3";"4";"5";"3";"3";"3";"3";"2";"2";"4";"3";"4";"2";"3";"Gezondheid, Sport en Welzijn (GSW)";"Man";"19";"Haarlem";"1";"0";"Havo";"Bij mijn ouder(s)/verzorger(s)"
"2";"4";"3";"1";"1";"1";"1";"4,2";"1,0";"4,2";"1";"1";"1";"1";"2";"1";"1";"1";"2";"1";"4";"4,2";"3,4";"1,0";"1,0";"1,0";"2,33";"1,0";"2,33";"1,0";"1,0";"3,72";"39";"1,0";"0";"1,0";"1,0";"1,0";"1,0";"3,0";"3,0";"1,0";"1,0";"1,0";"1,0";"2";"4";"3";"3";"4";"4";"4";"4";"4";"3";"2";"5";"2";"3";"2";"1";"1";"2";"1";"3";"4,2";"";"";"";"";"";"";"";"";"";"";"";"";"";"";"";"";"";"";"";"";"";"";"";"";"Gezondheid, Sport en Welzijn (GSW)";"Man";"23";"Haarlem";"1";"0";"Havo";"Alleen"
"3";"4";"4";"2";"3";"3";"2";"3,8";"2,2";"3,8";"3";"3";"2";"3";"4";"3";"2";"2";"4";"1";"3";"3,0";"3,0";"2,33";"3,67";"1,0";"2,33";"3,67";"3,67";"2,33";"2,33";"3,76";"39";"2,6";"0";"1,0";"1,0";"1,0";"3,0";"3,0";"5,0";"3,0";"1,0";"1,0";"1,0";"4";"4";"1";"5";"3";"4";"3";"3";"4";"2";"3";"5";"3";"3";"3";"1";"1";"4";"1";"4";"1,64";"3";"2";"2";"1";"2";"2";"4";"2";"2";"3";"2";"3";"4";"3";"3";"3";"3";"4";"5";"4";"3";"4";"3";"3";"Agri, Food and Life Sciences (AFL)";"Vrouw";"18";"Amsterdam";"1";"0";"Havo";"Bij mijn ouder(s)/verzorger(s)"
"2";"3";"1";"3";"4";"3";"5";"2,2";"1,8";"3,4";"2";"2";"2";"2";"2";"2";"2";"2";"2";"3";"4";"4,2";"3,4";"1,0";"1,0";"2,33";"1,0";"1,0";"2,33";"2,33";"5,0";"3,4";"39";"2,6";"0";"1,0";"1,0";"1,0";"3,0";"3,0";"3,0";"1,0";"3,0";"1,0";"1,0";"2";"5";"4";"5";"3";"5";"3";"4";"4";"2";"2";"4";"1";"3";"4";"4";"3";"3";"1";"4";"1,96";"1";"2";"1";"3";"1";"2";"2";"3";"2";"4";"2";"2";"2";"4";"2";"4";"3";"4";"4";"2";"4";"5";"4";"4";"Techniek, Ontwerpen en Informatica (TOI)";"Man";"17";"Alkmaar";"1";"0";"Havo";"Bij mijn ouder(s)/verzorger(s)"
"3";"5";"5";"3";"4";"4";"2";"4,6";"3,4";"5,0";"1";"1";"1";"1";"1";"3";"3";"2";"1";"1";"3";"4,6";"4,2";"1,0";"2,33";"1,0";"1,0";"1,0";"1,0";"1,0";"2,33";"3,64";"39";"2,6";"0";"1,0";"1,0";"1,0";"3,0";"3,0";"3,0";"3,0";"3,0";"5,0";"3,0";"5";"5";"1";"4";"4";"4";"4";"5";"4";"4";"3";"4";"3";"3";"1";"1";"1";"1";"1";"3";"";"3";"1";"1";"4";"1";"1";"3";"3";"1";"3";"2";"3";"2";"4";"3";"4";"3";"4";"4";"4";"4";"4";"4";"4";"Gezondheid, Sport en Welzijn (GSW)";"Vrouw";"20";"Haarlem";"1";"0";"Mbo";"Bij mijn ouder(s)/verzorger(s)"
"3";"3";"3";"3";"2";"4";"2";"3,4";"3,8";"3,8";"2";"4";"3";"3";"2";"2";"4";"1";"4";"1";"4";"4,2";"5,0";"1,0";"1,0";"2,33";"1,0";"1,0";"2,33";"1,0";"1,0";"3,84";"39";"1,0";"0";"1,0";"1,0";"1,0";"3,0";"5,0";"5,0";"3,0";"1,0";"1,0";"1,0";"4";"4";"2";"4";"3";"3";"4";"2";"4";"4";"2";"5";"4";"4";"1";"1";"2";"1";"1";"1";"3,0";"5";"3";"4";"2";"1";"4";"4";"5";"2";"4";"1";"1";"1";"4";"1";"5";"3";"4";"2";"3";"3";"4";"2";"3";"Techniek, Ontwerpen en Informatica (TOI)";"Man";"26";"Haarlem";"1";"1";"Havo";"Met mijn partner / een relatie"
"4";"5";"4";"2";"2";"2";"2";"4,2";"4,6";"3,4";"3";"5";"2";"5";"5";"3";"4";"";"3";"5";"4";"3,0";"4,2";"2,33";"2,33";"2,33";"2,33";"5,0";"3,67";"3,67";"1,0";"3,76";"39";"2,6";"0";"5,0";"1,0";"5,0";"3,0";"5,0";"5,0";"5,0";"1,0";"1,0";"1,0";"5";"5";"2";"4";"5";"4";"4";"4";"4";"4";"2";"5";"5";"5";"4";"3";"3";"3";"0";"1";"2,2";"3";"4";"4";"3";"3";"5";"3";"3";"1";"4";"2";"1";"1";"4";"1";"3";"3";"5";"5";"4";"4";"1";"1";"1";"Techniek, Ontwerpen en Informatica (TOI)";"Vrouw";"27";"Haarlem";"1";"1";"Anders, namelijk (vul in):";"Met mijn partner / een relatie"
"3";"4";"3";"1";"2";"2";"2";"4,2";"2,2";"4,2";"2";"2";"1";"2";"3";"3";"2";"3";"2";"3";"4";"4,2";"3,8";"1,0";"2,33";"1,0";"2,33";"1,0";"2,33";"1,0";"1,0";"3,6";"39";"1,0";"0";"1,0";"1,0";"1,0";"3,0";"1,0";"5,0";"1,0";"1,0";"1,0";"1,0";"4";"5";"2";"5";"4";"4";"4";"3";"4";"3";"3";"4";"3";"3";"3";"1";"1";"1";"1";"4";"3,56";"";"";"";"";"";"";"";"";"";"";"";"";"";"";"";"";"";"";"";"";"";"";"";"";"Gezondheid, Sport en Welzijn (GSW)";"Vrouw";"22";"Haarlem";"1";"0";"Mbo";"Bij mijn ouder(s)/verzorger(s)"
"3";"4";"4";"2";"2";"3";"3";"3,8";"1,8";"3,8";"1";"";"1";"2";"3";"3";"1";"1";"2";"2";"4";"4,2";"3,8";"1,0";"2,33";"1,0";"1,0";"1,0";"1,0";"1,0";"2,33";"4,0";"39";"1,0";"0";"1,0";"1,0";"1,0";"3,0";"3,0";"3,0";"1,0";"1,0";"1,0";"1,0";"4";"5";"2";"4";"4";"4";"4";"4";"5";"3";"3";"4";"3";"4";"2";"1";"1";"1";"1";"5";"3,88";"1";"1";"2";"2";"1";"1";"3";"3";"2";"4";"2";"2";"3";"3";"2";"4";"3";"4";"3";"4";"4";"4";"3";"3";"Gezondheid, Sport en Welzijn (GSW)";"Vrouw";"24";"Haarlem";"1";"0";"Anders, namelijk (vul in):";"Bij mijn ouder(s)/verzorger(s)"
"2";"4";"3";"2";"2";"2";"3";"3,8";"3,4";"3,8";"2";"2";"2";"3";"3";"2";"4";"1";"3";"3";"4";"4,2";"4,6";"1,0";"2,33";"2,33";"2,33";"1,0";"2,33";"1,0";"2,33";"3,84";"39";"1,0";"0";"1,0";"1,0";"1,0";"3,0";"3,0";"3,0";"3,0";"3,0";"3,0";"3,0";"4";"4";"3";"4";"4";"5";"4";"4";"4";"5";"3";"4";"3";"4";"3";"2";"2";"2";"1";"4";"3,56";"";"";"";"";"";"";"";"";"";"";"";"";"";"";"";"";"";"";"";"";"";"";"";"";"Gezondheid, Sport en Welzijn (GSW)";"Vrouw";"19";"Haarlem";"1";"0";"Havo";"Bij mijn ouder(s)/verzorger(s)"
"3";"4";"4";"3";"3";"3";"4";"3,8";"1,8";"3,8";"1";"1";"1";"2";"2";"1";"1";"2";"1";"1";"3";"4,2";"3,4";"2,33";"2,33";"2,33";"2,33";"1,0";"1,0";"2,33";"2,33";"4,16";"39";"1,0";"0";"1,0";"1,0";"1,0";"3,0";"3,0";"3,0";"3,0";"3,0";"3,0";"3,0";"4";"5";"2";"3";"4";"5";"4";"4";"4";"4";"2";"4";"2";"3";"4";"1";"1";"3";"1";"3";"3,88";"";"";"";"";"";"";"";"";"";"";"";"";"";"";"";"";"";"";"";"";"";"";"";"";"Gezondheid, Sport en Welzijn (GSW)";"Man";"19";"Haarlem";"1";"0";"Havo";"Bij mijn ouder(s)/verzorger(s)"
"2";"4";"3";"3";"3";"4";"2";"3,8";"3,4";"3,0";"1";"3";"1";"2";"4";"4";"4";"4";"5";"2";"5";"4,2";"4,2";"1,0";"1,0";"1,0";"2,33";"1,0";"2,33";"1,0";"1,0";"3,8";"39";"2,6";"1";"1,0";"1,0";"1,0";"3,0";"3,0";"3,0";"1,0";"1,0";"3,0";"3,0";"4";"3";"2";"4";"2";"2";"2";"2";"4";"4";"2";"4";"3";"4";"2";"2";"2";"1";"1";"3";"1,0";"";"";"";"";"";"";"";"";"";"";"";"";"";"";"";"";"";"";"";"";"";"";"";"";"Business, Finance and Law (BFL)";"Man";"17";"Den Haag";"1";"0";"Havo";"Bij mijn ouder(s)/verzorger(s)"
"3";"4";"3";"3";"1";"4";"3";"3,4";"3,8";"4,2";"4";"2";"1";"2";"4";"3";"5";"3";"3";"1";"4";"3,8";"4,6";"3,67";"3,67";"2,33";"3,67";"3,67";"3,67";"3,67";"2,33";"3,6";"39";"1,0";"0";"1,0";"1,0";"1,0";"3,0";"3,0";"3,0";"1,0";"1,0";"1,0";"1,0";"3";"5";"3";"4";"4";"2";"1";"2";"1";"4";"2";"4";"3";"4";"1";"1";"1";"1";"1";"1";"1,64";"3";"2";"3";"2";"5";"4";"4";"3";"2";"3";"4";"4";"4";"2";"4";"4";"3";"3";"5";"5";"4";"5";"4";"3";"Gezondheid, Sport en Welzijn (GSW)";"Vrouw";"20";"Den Haag";"1";"0";"Mbo";"Bij mijn ouder(s)/verzorger(s)"
"3";"4";"3";"2";"4";"3";"3";"3,8";"2,2";"3,8";"1";"2";"2";"2";"2";"2";"2";"1";"3";"3";"4";"3,0";"4,2";"2,33";"3,67";"3,67";"3,67";"1,0";"2,33";"2,33";"3,67";"3,8";"39";"2,6";"0";"1,0";"5,0";"5,0";"3,0";"3,0";"5,0";"1,0";"1,0";"3,0";"3,0";"4";"4";"3";"5";"4";"5";"5";"3";"5";"5";"3";"5";"3";"3";"2";"1";"1";"4";"1";"3";"1,48";"";"";"";"";"";"";"";"";"";"";"";"";"";"";"";"";"";"";"";"";"";"";"";"";"Agri, Food and Life Sciences (AFL)";"Vrouw";"20";"Delft";"1";"0";"Havo";"Bij mijn ouder(s)/verzorger(s)"
"4";"5";"4";"2";"1";"2";"2";"4,2";"2,2";"3,8";"2";"3";"1";"4";"4";"3";"2";"1";"2";"1";"5";"4,2";"3,8";"1,0";"1,0";"1,0";"1,0";"1,0";"1,0";"1,0";"2,33";"4,12";"39";"1,0";"0";"1,0";"1,0";"1,0";"3,0";"1,0";"1,0";"3,0";"3,0";"1,0";"1,0";"4";"5";"1";"4";"5";"5";"4";"4";"3";"4";"3";"5";"3";"4";"2";"3";"1";"1";"1";"4";"";"1";"2";"1";"1";"3";"3";"4";"1";"1";"5";"3";"2";"3";"4";"2";"4";"2";"5";"4";"4";"4";"4";"3";"2";"Gezondheid, Sport en Welzijn (GSW)";"Vrouw";"19";"Den Haag";"2";"0";"Havo";"Bij mijn ouder(s)/verzorger(s)"
"1";"2";"2";"4";"4";"3";"5";"1,4";"5,0";"1,8";"";"";"";"";"3";"2";"4";"2";"1";"";"5";"2,2";"4,2";"3,67";"5,0";"2,33";"3,67";"2,33";"3,67";"3,67";"5,0";"3,56";"39";"3,4";"1";"3,0";"1,0";"3,0";"3,0";"1,0";"3,0";"1,0";"1,0";"1,0";"1,0";"3";"4";"5";"5";"3";"3";"3";"3";"2";"2";"5";"2";"1";"2";"1";"1";"1";"1";"1";"";"3,56";"";"";"";"";"";"";"";"";"";"";"";"";"";"";"";"";"";"";"";"";"";"";"";"";"Onderwijs en Innovatie (ONI)";"Vrouw";"27";"Den Haag";"2";"0";"Anders, namelijk (vul in):";"Met mijn partner / een relatie"
"3";"3";"4";"3";"4";"4";"3";"3,8";"3,8";"3,4";"5";"3";"4";"5";"4";"2";"1";"1";"5";"1";"2";"3,8";"4,6";"3,67";"2,33";"2,33";"2,33";"2,33";"1,0";"3,67";"2,33";"3,64";"39";"1,0";"0";"3,0";"1,0";"3,0";"3,0";"1,0";"5,0";"1,0";"1,0";"1,0";"1,0";"5";"4";"2";"5";"5";"5";"4";"5";"5";"4";"3";"5";"2";"4";"2";"2";"2";"1";"1";"3";"";"";"";"";"";"";"";"";"";"";"";"";"";"";"";"";"";"";"";"";"";"";"";"";"";"Gezondheid, Sport en Welzijn (GSW)";"Vrouw";"19";"Den Haag";"2";"0";"Havo";"Bij mijn ouder(s)/verzorger(s)"
"3";"4";"3";"3";"2";"2";"3";"3,8";"1,8";"3,8";"3";"3";"2";"4";"4";"4";"2";"2";"2";"3";"4";"4,6";"3,8";"1,0";"2,33";"2,33";"2,33";"1,0";"2,33";"2,33";"1,0";"4,0";"39";"1,0";"1";"3,0";"1,0";"3,0";"3,0";"5,0";"3,0";"1,0";"1,0";"1,0";"1,0";"3";"4";"4";"4";"5";"4";"4";"3";"4";"4";"3";"5";"3";"4";"3";"1";"2";"2";"1";"2";"1,0";"2";"3";"3";"1";"4";"3";"5";"3";"3";"4";"3";"4";"3";"2";"4";"3";"4";"4";"5";"4";"3";"5";"4";"3";"Agri, Food and Life Sciences (AFL)";"Vrouw";"18";"Delft";"2";"0";"Havo";"Bij mijn ouder(s)/verzorger(s)"
"3";"4";"4";"4";"4";"3";"2";"4,2";"4,2";"3,8";"1";"2";"2";"3";"3";"2";"3";"2";"2";"1";"4";"3,8";"4,2";"2,33";"2,33";"1,0";"2,33";"2,33";"3,67";"2,33";"1,0";"4,48";"39";"1,0";"0";"1,0";"1,0";"1,0";"3,0";"3,0";"3,0";"1,0";"1,0";"1,0";"1,0";"4";"5";"2";"4";"3";"4";"3";"2";"4";"3";"1";"4";"2";"3";"2";"1";"1";"2";"1";"5";"1,64";"";"";"";"";"";"";"";"";"";"";"";"";"";"";"";"";"";"";"";"";"";"";"";"";"Techniek, Ontwerpen en Informatica (TOI)";"Man";"22";"Delft";"2";"0";"Mbo";"Alleen"
"3";"4";"3";"2";"3";"2";"4";"3,8";"3,4";"4,2";"5";"5";"4";"4";"5";"";"3";"5";"5";"4";"3";"3,8";"3,4";"2,33";"2,33";"2,33";"2,33";"3,67";"2,33";"2,33";"5,0";"3,6";"39";"1,0";"0";"5,0";"5,0";"3,0";"3,0";"3,0";"3,0";"3,0";"3,0";"3,0";"3,0";"3";"2";"4";"3";"4";"4";"3";"3";"4";"4";"3";"3";"3";"3";"3";"3";"3";"3";"1";"4";"2,04";"";"";"";"";"";"";"";"";"";"";"";"";"";"";"";"";"";"";"";"";"";"";"";"";"Techniek, Ontwerpen en Informatica (TOI)";"Man";"19";"Delft";"2";"0";"Havo";"In een studentenhuis / met meerdere studenten samen"
"2";"3";"4";"4";"4";"4";"2";"3,4";"3,4";"3,4";"3";"2";"1";"3";"4";"3";"2";"1";"1";"5";"5";"3,8";"4,2";"3,67";"3,67";"1,0";"3,67";"2,33";"5,0";"2,33";"3,67";"4,28";"39";"2,6";"0";"1,0";"5,0";"3,0";"3,0";"1,0";"3,0";"1,0";"1,0";"1,0";"1,0";"4";"4";"2";"5";"3";"4";"4";"3";"4";"4";"3";"5";"3";"3";"3";"1";"2";"1";"1";"4";"2,28";"4";"3";"4";"1";"4";"1";"3";"1";"2";"4";"3";"3";"2";"4";"2";"4";"3";"4";"4";"5";"4";"5";"4";"4";"Gezondheid, Sport en Welzijn (GSW)";"Vrouw";"23";"Alkmaar";"4";"0";"Havo";"Bij mijn ouder(s)/verzorger(s)"
"4";"4";"3";"3";"3";"4";"4";"3,8";"4,6";"3,4";"4";"3";"5";"5";"5";"2";"5";"5";"5";"5";"4";"3,0";"4,2";"3,67";"5,0";"5,0";"2,33";"1,0";"2,33";"3,67";"2,33";"3,96";"39";"2,6";"0";"5,0";"1,0";"3,0";"5,0";"1,0";"5,0";"1,0";"1,0";"1,0";"1,0";"5";"5";"2";"5";"3";"3";"4";"3";"4";"4";"4";"4";"3";"3";"2";"2";"4";"5";"1";"4";"2,6";"4";"2";"3";"4";"5";"5";"5";"5";"3";"4";"5";"5";"5";"1";"3";"5";"3";"4";"4";"4";"3";"4";"2";"4";"Creative Business (CB)";"Vrouw";"21";"Amsterdam";"1";"0";"Anders, namelijk (vul in):";"Bij mijn ouder(s)/verzorger(s)"
"4";"4";"4";"2";"3";"4";"3";"4,6";"3,8";"4,6";"3";"2";"2";"2";"3";"3";"2";"2";"3";"2";"3";"4,6";"3,8";"2,33";"3,67";"2,33";"2,33";"1,0";"2,33";"2,33";"2,33";"4,2";"39";"2,6";"0";"1,0";"1,0";"1,0";"5,0";"1,0";"1,0";"1,0";"1,0";"1,0";"1,0";"4";"4";"2";"3";"4";"4";"4";"4";"4";"4";"2";"4";"2";"3";"4";"1";"4";"4";"1";"1";"1,4";"";"";"";"";"";"";"";"";"";"";"";"";"";"";"";"";"";"";"";"";"";"";"";"";"Techniek, Ontwerpen en Informatica (TOI)";"Vrouw";"18";"Haarlem";"1";"1";"Ik heb een buitenlandse vooropleiding afgerond (bv. A-levels)";"Met een of enkele huisgenoten / vrienden (geen relatie)"
"4";"3";"3";"2";"2";"2";"3";"3,8";"2,2";"4,2";"2";"2";"1";"1";"2";"1";"1";"1";"1";"1";"4";"3,8";"4,2";"2,33";"3,67";"2,33";"3,67";"2,33";"3,67";"3,67";"1,0";"4,4";"39";"1,0";"1";"1,0";"1,0";"1,0";"5,0";"1,0";"3,0";"3,0";"1,0";"1,0";"1,0";"3";"4";"2";"5";"3";"3";"4";"3";"3";"2";"2";"5";"4";"3";"3";"4";"4";"2";"";"3";"3,0";"2";"2";"4";"2";"3";"4";"4";"3";"3";"4";"2";"2";"2";"4";"2";"2";"3";"4";"4";"3";"4";"4";"4";"4";"Techniek, Ontwerpen en Informatica (TOI)";"Man";"22";"Delft";"2";"0";"Vwo";"Alleen"
"5";"5";"4";"2";"2";"2";"2";"4,2";"2,2";"4,2";"2";"3";"";"2";"1";"1";"1";"3";"4";"3";"3";"3,8";"4,2";"1,0";"2,33";"1,0";"2,33";"1,0";"2,33";"2,33";"1,0";"4,64";"39";"1,0";"0";"1,0";"3,0";"1,0";"5,0";"1,0";"1,0";"1,0";"1,0";"1,0";"1,0";"4";"5";"2";"5";"4";"5";"3";"4";"4";"2";"2";"5";"4";"5";"3";"4";"4";"2";"1";"3";"2,04";"1";"3";"3";"2";"1";"4";"5";"2";"2";"5";"3";"2";"4";"4";"2";"4";"5";"5";"4";"5";"4";"5";"5";"4";"Techniek, Ontwerpen en Informatica (TOI)";"Man";"20";"Delft";"2";"1";"Anders, namelijk (vul in):";"Met mijn partner / een relatie"
"3";"4";"3";"3";"4";"4";"4";"3,0";"3,4";"3,0";"4";"4";"2";"4";"5";"4";"";"3";"4";"2";"4";"3,8";"3,8";"2,33";"3,67";"2,33";"2,33";"1,0";"3,67";"2,33";"5,0";"4,4";"39";"1,0";"0";"5,0";"1,0";"1,0";"5,0";"5,0";"5,0";"3,0";"1,0";"1,0";"1,0";"4";"5";"3";"5";"4";"4";"5";"4";"4";"4";"4";"5";"3";"3";"4";"2";"2";"1";"1";"5";"1,0";"4";"3";"4";"3";"4";"4";"4";"3";"3";"3";"3";"3";"3";"3";"3";"2";"3";"3";"2";"3";"3";"4";"3";"2";"Business, Finance and Law (BFL)";"Vrouw";"24";"Rotterdam";"4";"0";"Havo";"Bij mijn ouder(s)/verzorger(s)"
"1";"3";"2";"3";"3";"4";"5";"2,2";"2,6";"2,2";"2";"1";"2";"2";"3";"2";"5";"2";"2";"4";"5";"3,8";"3,4";"1,0";"2,33";"1,0";"2,33";"1,0";"2,33";"1,0";"3,67";"3,24";"38";"1,8";"0";"3,0";"1,0";"1,0";"1,0";"1,0";"3,0";"1,0";"1,0";"1,0";"1,0";"3";"3";"3";"5";"3";"4";"4";"2";"4";"4";"2";"3";"3";"4";"3";"1";"1";"1";"1";"5";"1,4";"";"";"";"";"";"";"";"";"";"";"";"";"";"";"";"";"";"";"";"";"";"";"";"";"Business, Finance and Law (BFL)";"Man";"17";"Alkmaar";"1";"0";"Havo";"Bij mijn ouder(s)/verzorger(s)"
"3";"4";"3";"5";"4";"4";"4";"3,4";"5,0";"3,4";"5";"3";"3";"4";"4";"3";"3";"2";"2";"4";"2";"3,0";"3,0";"5,0";"2,33";"5,0";"5,0";"3,67";"5,0";"3,67";"5,0";"4,2";"38";"5,0";"1";"1,0";"1,0";"1,0";"1,0";"1,0";"1,0";"1,0";"1,0";"1,0";"1,0";"5";"3";"4";"2";"3";"3";"4";"2";"3";"3";"3";"4";"3";"3";"3";"3";"3";"3";"1";"2";"4,2";"";"";"";"";"";"";"";"";"";"";"";"";"";"";"";"";"";"";"";"";"";"";"";"";"Gezondheid, Sport en Welzijn (GSW)";"Vrouw";"23";"Haarlem";"1";"0";"Havo";"Met mijn partner / een relatie"
"4";"3";"4";"2";"2";"2";"2";"4,2";"3,4";"4,2";"5";"4";"4";"4";"5";"5";"3";"5";"4";"";"3";"4,2";"3,8";"1,0";"1,0";"1,0";"2,33";"1,0";"2,33";"1,0";"2,33";"3,88";"38";"1,0";"1";"1,0";"1,0";"1,0";"1,0";"1,0";"3,0";"3,0";"1,0";"1,0";"1,0";"4";"4";"3";"5";"3";"4";"5";"4";"4";"4";"3";"5";"3";"3";"4";"4";"3";"2";"1";"";"3,4";"2";"3";"3";"3";"3";"3";"3";"2";"2";"3";"3";"3";"4";"4";"3";"3";"3";"3";"2";"3";"3";"4";"4";"4";"Verloskunde Academie";"Vrouw";"30";"Groningen (Verloskunde Academie)";"2";"0";"Anders, namelijk (vul in):";"Met mijn partner / een relatie"
"3";"4";"3";"3";"3";"4";"2";"3,4";"4,2";"3,8";"3";"4";"";"5";"5";"3";"1";"1";"4";"";"4";"4,2";"3,8";"2,33";"2,33";"3,67";"2,33";"1,0";"2,33";"1,0";"2,33";"3,8";"38";"1,0";"0";"5,0";"1,0";"1,0";"1,0";"1,0";"1,0";"1,0";"1,0";"1,0";"1,0";"4";"5";"3";"4";"4";"5";"4";"4";"4";"4";"4";"4";"4";"4";"4";"1";"1";"1";"1";"1";"2,12";"4";"4";"4";"2";"1";"1";"5";"2";"4";"4";"2";"3";"4";"4";"3";"3";"1";"4";"4";"4";"3";"1";"3";"1";"Techniek, Ontwerpen en Informatica (TOI)";"Man";"25";"Alkmaar";"3";"0";"Mbo";"Bij mijn ouder(s)/verzorger(s)"
"4";"4";"4";"2";"2";"1";"2";"4,2";"3,0";"4,2";"1";"1";"1";"3";"3";"3";"2";"1";"3";"1";"4";"4,2";"3,8";"2,33";"2,33";"1,0";"2,33";"1,0";"1,0";"1,0";"2,33";"3,8";"38";"1,0";"0";"1,0";"1,0";"1,0";"3,0";"1,0";"5,0";"3,0";"1,0";"1,0";"1,0";"4";"4";"3";"4";"4";"4";"4";"4";"4";"4";"3";"4";"4";"4";"3";"1";"1";"1";"1";"4";"1,8";"";"";"";"";"";"";"";"";"";"";"";"";"";"";"";"";"";"";"";"";"";"";"";"";"Business, Finance and Law (BFL)";"Man";"23";"Alkmaar";"1";"0";"Mbo";"Bij mijn ouder(s)/verzorger(s)"
"3";"4";"3";"3";"2";"2";"2";"3,8";"2,2";"3,4";"2";"3";"2";"3";"3";"3";"2";"3";"2";"1";"4";"4,2";"4,2";"1,0";"1,0";"2,33";"1,0";"1,0";"1,0";"1,0";"1,0";"3,8";"38";"2,6";"0";"3,0";"3,0";"1,0";"3,0";"3,0";"3,0";"3,0";"3,0";"3,0";"3,0";"4";"4";"2";"4";"4";"4";"4";"3";"4";"3";"4";"4";"3";"4";"3";"1";"1";"4";"1";"3";"1,8";"";"";"";"";"";"";"";"";"";"";"";"";"";"";"";"";"";"";"";"";"";"";"";"";"Business, Finance and Law (BFL)";"Man";"20";"Alkmaar";"1";"0";"Mbo";"Bij mijn ouder(s)/verzorger(s)"
"2";"2";"3";"3";"4";"3";"3";"2,2";"3,8";"2,2";"3";"4";"1";"2";"2";"3";"3";"4";"5";"1";"3";"3,8";"3,8";"2,33";"2,33";"2,33";"2,33";"1,0";"2,33";"2,33";"1,0";"3,44";"38";"1,0";"1";"1,0";"1,0";"1,0";"3,0";"3,0";"3,0";"3,0";"1,0";"1,0";"1,0";"3";"3";"4";"3";"3";"4";"4";"4";"4";"3";"2";"5";"3";"2";"2";"3";"3";"1";"1";"4";"2,44";"";"";"";"";"";"";"";"";"";"";"";"";"";"";"";"";"";"";"";"";"";"";"";"";"Gezondheid, Sport en Welzijn (GSW)";"Vrouw";"19";"Alkmaar";"1";"0";"Mbo";"Bij mijn ouder(s)/verzorger(s)"
"2";"3";"3";"2";"1";"2";"3";"4,2";"3,4";"3,4";"1";"2";"2";"4";"3";"3";"3";"4";"5";"4";"4";"3,0";"4,6";"3,67";"3,67";"5,0";"3,67";"1,0";"5,0";"2,33";"2,33";"3,8";"38";"1,0";"0";"1,0";"5,0";"1,0";"3,0";"3,0";"3,0";"3,0";"1,0";"1,0";"1,0";"2";"4";"3";"4";"4";"4";"4";"3";"3";"4";"3";"5";"2";"2";"1";"1";"4";"3";"1";"3";"2,6";"3";"4";"2";"5";"1";"1";"5";"1";"2";"4";"2";"2";"2";"4";"2";"2";"1";"4";"4";"4";"3";"4";"2";"2";"Agri, Food and Life Sciences (AFL)";"Man";"21";"Delft";"2";"0";"Mbo";"Met mijn partner / een relatie"
"3";"4";"4";"4";"2";"4";"3";"3,8";"5,0";"3,4";"1";"2";"1";"1";"3";"3";"4";"2";"";"2";"3";"2,2";"3,4";"3,67";"2,33";"3,67";"3,67";"3,67";"3,67";"2,33";"3,67";"4,36";"38";"2,6";"0";"1,0";"1,0";"3,0";"3,0";"3,0";"5,0";"3,0";"3,0";"1,0";"1,0";"4";"5";"4";"4";"4";"4";"4";"2";"4";"2";"3";"5";"2";"4";"5";"5";"1";"2";"1";"3";"1,64";"4";"5";"4";"2";"4";"1";"5";"2";"2";"1";"5";"5";"5";"2";"4";"3";"4";"5";"5";"5";"4";"5";"1";"3";"Techniek, Ontwerpen en Informatica (TOI)";"Man";"21";"Alkmaar";"3";"0";"Vwo";"Bij mijn ouder(s)/verzorger(s)"
"3";"3";"3";"2";"3";"2";"3";"3,4";"3,0";"3,8";"4";"3";"3";"3";"4";"3";"2";"2";"3";"2";"4";"3,8";"4,2";"1,0";"2,33";"1,0";"2,33";"1,0";"3,67";"1,0";"1,0";"3,88";"38";"1,0";"0";"1,0";"1,0";"1,0";"3,0";"1,0";"3,0";"1,0";"1,0";"3,0";"1,0";"4";"5";"2";"4";"3";"3";"4";"3";"4";"4";"2";"4";"2";"3";"3";"2";"2";"2";"1";"4";"1,48";"3";"3";"2";"3";"4";"3";"4";"3";"4";"4";"3";"2";"4";"3";"3";"3";"3";"4";"4";"4";"4";"4";"4";"4";"Gezondheid, Sport en Welzijn (GSW)";"Vrouw";"21";"Rotterdam";"3";"0";"Havo";"Bij mijn ouder(s)/verzorger(s)"
"2";"3";"4";"4";"4";"5";"3";"2,6";"4,2";"2,6";"4";"5";"";"4";"5";"3";"3";"5";"5";"2";"4";"3,4";"3,4";"2,33";"3,67";"1,0";"3,67";"3,67";"3,67";"3,67";"3,67";"3,8";"38";"2,6";"1";"5,0";"1,0";"5,0";"5,0";"1,0";"5,0";"3,0";"3,0";"5,0";"1,0";"5";"5";"2";"4";"3";"2";"5";"2";"4";"4";"1";"2";"2";"1";"2";"1";"2";"1";"";"2";"1,0";"";"";"";"";"";"";"";"";"";"";"";"";"";"";"";"";"";"";"";"";"";"";"";"";"Business, Finance and Law (BFL)";"Vrouw";"19";"Amsterdam";"1";"0";"Havo";"Bij mijn ouder(s)/verzorger(s)"
"4";"4";"4";"3";"3";"4";"3";"4,2";"4,2";"3,8";"5";"5";"3";"5";"3";"5";"4";"4";"5";"5";"3";"3,4";"3,8";"2,33";"2,33";"3,67";"3,67";"2,33";"3,67";"3,67";"3,67";"4,24";"38";"2,6";"0";"3,0";"1,0";"5,0";"5,0";"1,0";"5,0";"1,0";"1,0";"1,0";"1,0";"5";"5";"2";"5";"4";"4";"4";"4";"4";"4";"3";"5";"4";"4";"4";"3";"4";"5";"1";"4";"2,6";"";"";"";"";"";"";"";"";"";"";"";"";"";"";"";"";"";"";"";"";"";"";"";"";"Creative Business (CB)";"Vrouw";"21";"Amsterdam";"1";"0";"Anders, namelijk (vul in):";"Bij mijn ouder(s)/verzorger(s)"
"1";"1";"1";"5";"5";"5";"5";"1,0";"5,0";"1,0";"5";"5";"5";"5";"5";"5";"5";"5";"5";"5";"5";"3,4";"2,6";"1,0";"2,33";"5,0";"1,0";"5,0";"1,0";"5,0";"5,0";"1,96";"37";"5,0";"1";"1,0";"1,0";"1,0";"1,0";"1,0";"1,0";"1,0";"1,0";"1,0";"1,0";"1";"1";"1";"1";"1";"1";"1";"1";"1";"1";"1";"1";"1";"1";"1";"3";"2";"5";"";"5";"2,44";"";"";"";"";"";"";"";"";"";"";"";"";"";"";"";"";"";"";"";"";"";"";"";"";"Business, Finance and Law (BFL)";"Man";"18";"Alkmaar";"1";"0";"Havo";"Bij mijn ouder(s)/verzorger(s)"
"2";"4";"3";"3";"2";"2";"4";"3,4";"3,8";"3,4";"4";"1";"2";"3";"4";"4";"3";"3";"4";"5";"3";"3,4";"3,8";"3,67";"3,67";"3,67";"2,33";"2,33";"2,33";"5,0";"2,33";"3,88";"37";"1,0";"0";"3,0";"3,0";"1,0";"1,0";"3,0";"5,0";"1,0";"1,0";"1,0";"1,0";"3";"4";"3";"4";"5";"5";"4";"5";"5";"4";"4";"4";"4";"4";"4";"2";"1";"1";"1";"4";"2,36";"";"";"";"";"";"";"";"";"";"";"";"";"";"";"";"";"";"";"";"";"";"";"";"";"Gezondheid, Sport en Welzijn (GSW)";"Vrouw";"17";"Alkmaar";"1";"0";"Havo";"Bij mijn ouder(s)/verzorger(s)"
"4";"4";"4";"1";"1";"2";"2";"4,2";"1,4";"4,2";"3";"4";"3";"5";"5";"4";"3";"3";"2";"3";"5";"4,6";"3,8";"1,0";"2,33";"1,0";"2,33";"1,0";"1,0";"2,33";"1,0";"3,8";"37";"1,0";"0";"1,0";"1,0";"1,0";"1,0";"3,0";"5,0";"1,0";"1,0";"1,0";"1,0";"4";"4";"2";"5";"5";"5";"4";"4";"5";"3";"4";"4";"2";"4";"2";"1";"1";"1";"1";"5";"1,64";"";"";"";"";"";"";"";"";"";"";"";"";"";"";"";"";"";"";"";"";"";"";"";"";"Gezondheid, Sport en Welzijn (GSW)";"Vrouw";"20";"Alkmaar";"1";"0";"Havo";"Bij mijn ouder(s)/verzorger(s)"
"3";"4";"4";"4";"4";"1";"1";"3,8";"2,6";"3,4";"3";"2";"2";"1";"4";"3";"1";"1";"3";"1";"5";"3,4";"3,4";"2,33";"2,33";"2,33";"2,33";"1,0";"1,0";"2,33";"2,33";"3,6";"37";"1,0";"0";"5,0";"1,0";"1,0";"1,0";"1,0";"1,0";"1,0";"1,0";"1,0";"1,0";"5";"4";"1";"4";"3";"5";"5";"4";"4";"4";"3";"5";"3";"2";"2";"2";"2";"1";"1";"5";"1,88";"";"";"";"";"";"";"";"";"";"";"";"";"";"";"";"";"";"";"";"";"";"";"";"";"Gezondheid, Sport en Welzijn (GSW)";"Vrouw";"19";"Alkmaar";"1";"0";"Mbo";"Bij mijn ouder(s)/verzorger(s)"
"3";"5";"4";"3";"2";"4";"3";"4,2";"3,4";"3,8";"2";"2";"2";"4";"5";"4";"4";"3";"3";"3";"3";"4,2";"3,8";"2,33";"2,33";"3,67";"2,33";"2,33";"2,33";"2,33";"2,33";"3,4";"37";"1,0";"0";"1,0";"1,0";"1,0";"1,0";"1,0";"1,0";"1,0";"1,0";"1,0";"1,0";"4";"4";"3";"4";"4";"3";"4";"3";"4";"3";"1";"4";"1";"3";"3";"1";"1";"1";"1";"4";"3,56";"4";"3";"2";"1";"2";"2";"4";"3";"4";"3";"4";"4";"4";"3";"4";"4";"4";"2";"3";"4";"4";"2";"3";"4";"Gezondheid, Sport en Welzijn (GSW)";"Vrouw";"18";"Haarlem";"1";"0";"Havo";"Anders"
"2";"3";"3";"4";"2";"1";"2";"3,4";"3,8";"3,4";"2";"3";"3";"4";"4";"4";"3";"3";"3";"2";"4";"3,8";"4,6";"2,33";"3,67";"1,0";"2,33";"1,0";"2,33";"2,33";"3,67";"3,68";"37";"2,6";"0";"3,0";"1,0";"1,0";"1,0";"3,0";"3,0";"3,0";"1,0";"1,0";"1,0";"4";"3";"3";"4";"4";"4";"4";"3";"4";"4";"2";"5";"2";"3";"3";"2";"2";"2";"1";"3";"2,6";"4";"2";"2";"3";"4";"2";"5";"3";"2";"4";"3";"2";"3";"4";"2";"4";"3";"4";"3";"3";"4";"3";"2";"3";"Business, Finance and Law (BFL)";"Vrouw";"18";"Rotterdam";"2";"0";"Havo";"Bij mijn ouder(s)/verzorger(s)"
"2";"3";"3";"5";"5";"4";"3";"4,2";"5,0";"1,0";"3";"5";"2";"5";"4";"5";"2";"5";"5";"1";"4";"1,4";"3,8";"3,67";"5,0";"5,0";"5,0";"3,67";"5,0";"2,33";"2,33";"4,4";"37";"3,4";"1";"5,0";"1,0";"1,0";"1,0";"1,0";"3,0";"1,0";"1,0";"1,0";"1,0";"4";"4";"5";"5";"2";"4";"4";"3";"4";"1";"3";"4";"2";"3";"4";"1";"1";"1";"1";"";"4,2";"5";"5";"5";"1";"1";"2";"5";"5";"1";"4";"4";"5";"5";"4";"3";"2";"1";"2";"2";"3";"3";"1";"1";"1";"Onderwijs en Innovatie (ONI)";"Vrouw";"38";"Dordrecht";"2";"0";"Anders, namelijk (vul in):";"Met mijn partner / een relatie"
"5";"5";"5";"2";"1";"3";"1";"5,0";"3,0";"4,6";"2";"3";"2";"1";"3";"2";"1";"2";"2";"1";"4";"3,8";"3,4";"2,33";"2,33";"3,67";"3,67";"3,67";"3,67";"2,33";"1,0";"5,0";"37";"1,0";"0";"1,0";"1,0";"1,0";"3,0";"3,0";"3,0";"3,0";"3,0";"1,0";"3,0";"5";"5";"2";"5";"5";"5";"5";"3";"3";"2";"4";"5";"4";"5";"4";"1";"3";"2";"1";"3";"3,48";"";"";"";"";"";"";"";"";"";"";"";"";"";"";"";"";"";"";"";"";"";"";"";"";"Creative Business (CB)";"Man";"26";"Amsterdam";"1";"0";"Mbo";"Met een of enkele huisgenoten / vrienden (geen relatie)"
"3";"4";"4";"4";"4";"2";"3";"3,8";"3,0";"3,8";"3";"2";"3";"3";"4";"4";"5";"5";"3";"1";"3";"2,6";"3,0";"3,67";"3,67";"2,33";"3,67";"3,67";"3,67";"2,33";"3,67";"3,72";"37";"2,6";"0";"1,0";"1,0";"3,0";"3,0";"3,0";"5,0";"1,0";"1,0";"1,0";"1,0";"3";"4";"4";"3";"4";"5";"4";"4";"4";"4";"3";"4";"3";"3";"2";"1";"1";"1";"1";"3";"1,8";"4";"4";"2";"2";"3";"3";"5";"3";"4";"2";"4";"4";"5";"3";"4";"4";"3";"4";"4";"4";"3";"4";"4";"4";"Gezondheid, Sport en Welzijn (GSW)";"Vrouw";"20";"Alkmaar";"1";"0";"Mbo";"Bij mijn ouder(s)/verzorger(s)"
"1";"3";"2";"4";"2";"4";"5";"1,4";"3,4";"2,2";"4";"2";"2";"2";"3";"4";"4";"4";"4";"2";"2";"2,6";"3,4";"2,33";"3,67";"3,67";"2,33";"1,0";"2,33";"2,33";"5,0";"3,32";"37";"1,0";"0";"1,0";"1,0";"1,0";"3,0";"3,0";"3,0";"1,0";"1,0";"1,0";"1,0";"2";"4";"4";"2";"2";"4";"3";"3";"3";"1";"1";"2";"1";"2";"2";"1";"3";"2";"1";"2";"1,8";"";"";"";"";"";"";"";"";"";"";"";"";"";"";"";"";"";"";"";"";"";"";"";"";"Gezondheid, Sport en Welzijn (GSW)";"Vrouw";"20";"Alkmaar";"1";"0";"Havo";"Bij mijn ouder(s)/verzorger(s)"
"3";"4";"3";"2";"2";"4";"2";"4,6";"3,4";"4,2";"2";"2";"3";"2";"2";"3";"3";"1";"3";"1";"4";"3,8";"3,8";"2,33";"1,0";"2,33";"2,33";"1,0";"2,33";"2,33";"2,33";"3,96";"37";"1,0";"0";"1,0";"1,0";"3,0";"3,0";"3,0";"5,0";"3,0";"3,0";"3,0";"3,0";"4";"4";"2";"4";"5";"4";"3";"3";"3";"4";"4";"4";"4";"5";"3";"4";"3";"2";"1";"4";"1,64";"3";"2";"3";"4";"4";"3";"4";"3";"4";"3";"4";"4";"3";"2";"3";"4";"3";"5";"5";"5";"5";"5";"4";"4";"Gezondheid, Sport en Welzijn (GSW)";"Vrouw";"21";"Alkmaar";"1";"0";"Mbo";"Bij mijn ouder(s)/verzorger(s)"
"2";"4";"3";"3";"2";"2";"3";"3,8";"4,2";"3,8";"4";"5";"2";"4";"5";"5";"4";"3";"4";"1";"3";"4,2";"4,6";"2,33";"2,33";"5,0";"2,33";"1,0";"2,33";"2,33";"3,67";"3,6";"37";"2,6";"1";"1,0";"1,0";"1,0";"3,0";"3,0";"3,0";"3,0";"3,0";"3,0";"3,0";"4";"5";"2";"4";"4";"5";"5";"5";"5";"4";"4";"5";"4";"4";"3";"3";"3";"3";"1";"5";"2,04";"";"";"";"";"";"";"";"";"";"";"";"";"";"";"";"";"";"";"";"";"";"";"";"";"Gezondheid, Sport en Welzijn (GSW)";"Vrouw";"16";"Alkmaar";"1";"0";"Havo";"Bij mijn ouder(s)/verzorger(s)"
"3";"3";"3";"3";"3";"3";"3";"3,4";"3,4";"3,8";"5";"3";"3";"3";"3";"3";"2";"3";"2";"3";"4";"3,4";"3,4";"2,33";"2,33";"2,33";"3,67";"2,33";"3,67";"2,33";"2,33";"3,6";"37";"2,6";"0";"1,0";"1,0";"1,0";"3,0";"3,0";"3,0";"3,0";"3,0";"3,0";"3,0";"3";"3";"3";"3";"4";"4";"4";"4";"4";"4";"1";"2";"3";"2";"2";"1";"2";"2";"1";"3";"2,2";"";"";"";"";"";"";"";"";"";"";"";"";"";"";"";"";"";"";"";"";"";"";"";"";"Gezondheid, Sport en Welzijn (GSW)";"Vrouw";"19";"Alkmaar";"1";"0";"Mbo";"Bij mijn ouder(s)/verzorger(s)"
"3";"4";"3";"2";"2";"2";"2";"3,8";"2,6";"3,8";"4";"1";"3";"3";"2";"3";"2";"2";"1";"1";"4";"4,6";"4,2";"1,0";"1,0";"2,33";"2,33";"1,0";"2,33";"1,0";"1,0";"3,4";"37";"1,8";"1";"1,0";"1,0";"1,0";"3,0";"3,0";"3,0";"3,0";"3,0";"3,0";"3,0";"4";"5";"2";"4";"5";"5";"4";"4";"4";"4";"4";"4";"4";"4";"4";"2";"2";"2";"1";"5";"2,2";"";"";"";"";"";"";"";"";"";"";"";"";"";"";"";"";"";"";"";"";"";"";"";"";"Business, Finance and Law (BFL)";"Man";"17";"Alkmaar";"1";"0";"Havo";"Bij mijn ouder(s)/verzorger(s)"
"3";"4";"3";"3";"4";"3";"2";"3,8";"2,2";"3,8";"2";"1";"1";"1";"2";"2";"3";"2";"3";"1";"4";"3,8";"3,0";"2,33";"1,0";"2,33";"2,33";"1,0";"1,0";"2,33";"3,67";"3,84";"37";"1,0";"0";"3,0";"1,0";"3,0";"3,0";"5,0";"5,0";"1,0";"1,0";"1,0";"1,0";"3";"4";"3";"2";"4";"4";"4";"4";"4";"4";"4";"4";"3";"4";"3";"2";"1";"1";"1";"5";"2,2";"";"";"";"";"";"";"";"";"";"";"";"";"";"";"";"";"";"";"";"";"";"";"";"";"Gezondheid, Sport en Welzijn (GSW)";"Vrouw";"21";"Alkmaar";"1";"0";"Mbo";"Bij mijn ouder(s)/verzorger(s)"
"2";"4";"3";"2";"2";"3";"3";"3,4";"3,0";"3,4";"4";"2";"2";"4";"3";"4";"4";"5";"4";"4";"3";"3,8";"3,8";"2,33";"2,33";"3,67";"2,33";"1,0";"1,0";"2,33";"2,33";"3,8";"37";"2,6";"0";"1,0";"1,0";"1,0";"3,0";"3,0";"3,0";"3,0";"3,0";"3,0";"3,0";"4";"3";"3";"3";"4";"4";"4";"4";"4";"3";"3";"4";"3";"4";"2";"2";"1";"1";"1";"5";"2,6";"";"";"";"";"";"";"";"";"";"";"";"";"";"";"";"";"";"";"";"";"";"";"";"";"Gezondheid, Sport en Welzijn (GSW)";"Vrouw";"18";"Alkmaar";"1";"0";"Havo";"Bij mijn ouder(s)/verzorger(s)"
"3";"4";"3";"1";"2";"3";"2";"4,2";"2,6";"3,4";"3";"3";"3";"4";"5";"4";"4";"3";"3";"1";"4";"4,2";"3,8";"2,33";"2,33";"3,67";"2,33";"1,0";"2,33";"2,33";"2,33";"3,88";"37";"1,0";"1";"3,0";"1,0";"1,0";"3,0";"3,0";"3,0";"1,0";"3,0";"1,0";"1,0";"4";"5";"2";"4";"3";"4";"2";"3";"3";"3";"2";"3";"2";"2";"3";"3";"3";"3";"1";"5";"1,96";"4";"2";"2";"3";"1";"3";"4";"2";"3";"3";"3";"2";"3";"2";"3";"3";"3";"3";"3";"3";"3";"3";"2";"4";"Gezondheid, Sport en Welzijn (GSW)";"Vrouw";"17";"Alkmaar";"1";"0";"Havo";"Bij mijn ouder(s)/verzorger(s)"
"3";"4";"3";"3";"2";"3";"3";"3,8";"3,4";"3,4";"";"3";"4";"5";"5";"5";"5";"4";"4";"3";"4";"4,2";"3,4";"2,33";"2,33";"2,33";"2,33";"1,0";"2,33";"2,33";"2,33";"3,8";"37";"1,0";"0";"1,0";"1,0";"1,0";"3,0";"3,0";"3,0";"3,0";"1,0";"1,0";"1,0";"4";"2";"2";"4";"4";"4";"4";"4";"3";"3";"4";"4";"3";"4";"3";"2";"2";"2";"";"4";"2,04";"";"";"";"";"";"";"";"";"";"";"";"";"";"";"";"";"";"";"";"";"";"";"";"";"Gezondheid, Sport en Welzijn (GSW)";"Vrouw";"22";"Alkmaar";"1";"0";"Mbo";"Bij mijn ouder(s)/verzorger(s)"
"3";"4";"4";"3";"2";"3";"2";"3,4";"3,4";"3,8";"3";"2";"";"3";"2";"2";"4";"3";"2";"1";"4";"3,8";"3,4";"2,33";"3,67";"1,0";"2,33";"2,33";"2,33";"1,0";"2,33";"3,48";"37";"2,6";"0";"5,0";"1,0";"1,0";"3,0";"1,0";"3,0";"1,0";"1,0";"1,0";"1,0";"4";"3";"3";"3";"4";"4";"4";"4";"4";"4";"3";"4";"3";"4";"2";"1";"1";"3";"1";"2";"1,64";"3";"2";"2";"2";"2";"3";"4";"3";"2";"3";"4";"4";"3";"3";"2";"4";"4";"4";"4";"4";"4";"4";"4";"3";"Techniek, Ontwerpen en Informatica (TOI)";"Vrouw";"17";"Haarlem";"1";"0";"Havo";"Bij mijn ouder(s)/verzorger(s)"
"3";"5";"3";"2";"2";"2";"2";"5,0";"1,8";"4,6";"1";"2";"2";"1";"3";"2";"1";"1";"2";"2";"4";"3,8";"3,8";"2,33";"3,67";"1,0";"3,67";"1,0";"3,67";"3,67";"2,33";"4,04";"37";"1,0";"0";"1,0";"1,0";"1,0";"3,0";"3,0";"3,0";"3,0";"1,0";"1,0";"1,0";"4";"5";"3";"5";"5";"5";"3";"3";"5";"2";"4";"5";"4";"4";"4";"3";"3";"3";"1";"1";"2,12";"";"";"";"";"";"";"";"";"";"";"";"";"";"";"";"";"";"";"";"";"";"";"";"";"Creative Business (CB)";"Vrouw";"26";"Haarlem";"1";"1";"Anders, namelijk (vul in):";"Met mijn partner / een relatie"
"3";"4";"3";"2";"3";"1";"2";"4,2";"3,0";"3,8";"3";"3";"2";"3";"4";"2";"3";"2";"2";"1";"4";"3,8";"4,6";"1,0";"2,33";"1,0";"2,33";"1,0";"2,33";"1,0";"1,0";"3,68";"37";"2,6";"0";"3,0";"1,0";"1,0";"3,0";"3,0";"3,0";"3,0";"3,0";"3,0";"3,0";"4";"4";"3";"4";"5";"5";"5";"5";"5";"4";"4";"5";"3";"4";"2";"1";"1";"1";"1";"5";"3,56";"";"";"";"";"";"";"";"";"";"";"";"";"";"";"";"";"";"";"";"";"";"";"";"";"Gezondheid, Sport en Welzijn (GSW)";"Man";"36";"Haarlem";"1";"0";"Mbo";"Met mijn partner / een relatie"
"3";"4";"4";"3";"4";"3";"3";"3,4";"3,4";"3,8";"5";"3";"4";"5";"4";"4";"2";"2";"4";"2";"4";"3,4";"4,2";"3,67";"2,33";"1,0";"5,0";"3,67";"5,0";"2,33";"2,33";"3,96";"37";"1,0";"0";"1,0";"1,0";"1,0";"3,0";"3,0";"3,0";"3,0";"3,0";"3,0";"3,0";"4";"4";"3";"4";"4";"3";"4";"2";"1";"2";"3";"5";"3";"3";"5";"5";"5";"5";"1";"1";"3,4";"";"";"";"";"";"";"";"";"";"";"";"";"";"";"";"";"";"";"";"";"";"";"";"";"Techniek, Ontwerpen en Informatica (TOI)";"Man";"24";"Alkmaar";"2";"0";"Havo";"Bij mijn ouder(s)/verzorger(s)"
"5";"5";"5";"2";"1";"3";"5";"4,2";"3,0";"3,4";"5";"4";"5";"3";"5";"3";"3";"4";"2";"";"4";"4,2";"3,4";"1,0";"1,0";"1,0";"2,33";"1,0";"1,0";"1,0";"3,67";"3,88";"37";"1,0";"0";"1,0";"1,0";"1,0";"3,0";"3,0";"3,0";"3,0";"3,0";"3,0";"3,0";"3";"2";"1";"2";"5";"5";"4";"5";"4";"4";"2";"5";"2";"4";"2";"1";"1";"1";"1";"4";"";"1";"1";"3";"1";"1";"2";"2";"2";"2";"5";"1";"2";"2";"4";"3";"3";"4";"5";"3";"3";"3";"4";"4";"4";"Techniek, Ontwerpen en Informatica (TOI)";"Man";"19";"Alkmaar";"2";"0";"Havo";"Bij mijn ouder(s)/verzorger(s)"
"4";"4";"3";"3";"3";"3";"4";"3,4";"3,4";"3,4";"3";"4";"3";"4";"4";"3";"3";"3";"4";"2";"4";"3,8";"3,4";"2,33";"2,33";"2,33";"2,33";"2,33";"2,33";"2,33";"2,33";"3,6";"37";"1,0";"0";"1,0";"1,0";"1,0";"3,0";"3,0";"3,0";"3,0";"3,0";"1,0";"1,0";"4";"4";"3";"4";"4";"4";"4";"4";"4";"4";"4";"5";"4";"3";"3";"3";"2";"2";"1";"4";"2,6";"2";"2";"3";"2";"2";"3";"4";"4";"4";"4";"3";"3";"3";"3";"3";"3";"3";"4";"4";"4";"3";"3";"4";"3";"Techniek, Ontwerpen en Informatica (TOI)";"Man";"18";"Alkmaar";"2";"0";"Havo";"Bij mijn ouder(s)/verzorger(s)"
"3";"4";"4";"3";"3";"2";"3";"3,8";"3,0";"3,8";"4";"3";"2";"3";"5";"5";"3";"2";"4";"3";"3";"3,4";"4,2";"2,33";"1,0";"1,0";"2,33";"1,0";"2,33";"2,33";"2,33";"3,44";"37";"2,6";"0";"1,0";"1,0";"1,0";"3,0";"3,0";"3,0";"3,0";"3,0";"3,0";"3,0";"4";"5";"3";"4";"4";"5";"5";"5";"5";"5";"5";"5";"4";"4";"4";"2";"3";"1";"1";"5";"2,2";"";"";"";"";"";"";"";"";"";"";"";"";"";"";"";"";"";"";"";"";"";"";"";"";"Business, Finance and Law (BFL)";"Vrouw";"19";"Rotterdam";"2";"0";"Havo";"Bij mijn ouder(s)/verzorger(s)"
"3";"4";"4";"4";"3";"3";"2";"3,4";"4,2";"3,8";"1";"1";"2";"";"2";"3";"";"1";"3";"";"4";"4,2";"3,8";"2,33";"2,33";"1,0";"2,33";"2,33";"5,0";"1,0";"2,33";"3,84";"37";"2,6";"0";"1,0";"1,0";"1,0";"3,0";"1,0";"3,0";"1,0";"1,0";"1,0";"1,0";"4";"5";"2";"5";"5";"5";"3";"4";"4";"1";"1";"3";"1";"2";"1";"1";"1";"1";"1";"1";"";"3";"1";"2";"1";"2";"3";"3";"2";"1";"4";"1";"1";"1";"3";"1";"3";"4";"3";"4";"5";"4";"4";"3";"1";"Business, Finance and Law (BFL)";"Vrouw";"20";"Rotterdam";"2";"0";"Mbo";"Bij mijn ouder(s)/verzorger(s)"
"3";"5";"5";"2";"3";"5";"2";"3,4";"2,6";"4,2";"2";"3";"4";"2";"2";"4";"5";"3";"5";"";"4";"4,2";"3,4";"2,33";"2,33";"5,0";"2,33";"2,33";"1,0";"1,0";"2,33";"3,68";"37";"2,6";"0";"1,0";"1,0";"3,0";"3,0";"1,0";"5,0";"3,0";"3,0";"1,0";"1,0";"4";"5";"3";"5";"4";"4";"4";"3";"5";"4";"4";"5";"5";"5";"5";"5";"4";"1";"1";"2";"1,4";"2";"3";"3";"4";"5";"2";"5";"3";"2";"3";"4";"3";"4";"5";"4";"4";"3";"5";"4";"4";"4";"5";"3";"4";"Agri, Food and Life Sciences (AFL)";"Anders";"24";"Delft";"2";"0";"Mbo";"Alleen"
"2";"3";"3";"3";"3";"3";"4";"4,2";"3,4";"3,8";"3";"3";"3";"4";"4";"3";"2";"2";"2";"3";"4";"3,8";"3,8";"2,33";"3,67";"1,0";"2,33";"1,0";"3,67";"1,0";"5,0";"4,2";"37";"1,0";"0";"1,0";"1,0";"1,0";"3,0";"1,0";"3,0";"3,0";"1,0";"1,0";"1,0";"4";"4";"3";"4";"4";"4";"4";"3";"3";"3";"4";"5";"5";"4";"5";"4";"2";"1";"1";"4";"1,72";"2";"2";"3";"4";"2";"3";"4";"4";"2";"4";"3";"3";"3";"3";"2";"3";"3";"5";"4";"4";"4";"5";"3";"3";"Agri, Food and Life Sciences (AFL)";"Anders";"24";"Delft";"2";"0";"Havo";"Alleen"
"3";"4";"3";"4";"3";"3";"3";"3,4";"3,8";"3,4";"2";"4";"1";"3";"4";"5";"3";"1";"3";"5";"4";"3,8";"4,2";"2,33";"3,67";"2,33";"3,67";"1,0";"3,67";"2,33";"2,33";"3,6";"37";"1,0";"1";"1,0";"1,0";"1,0";"5,0";"1,0";"3,0";"5,0";"1,0";"1,0";"1,0";"5";"5";"3";"4";"4";"3";"3";"3";"4";"4";"4";"4";"2";"3";"5";"4";"4";"2";"1";"3";"1,8";"4";"2";"3";"2";"2";"4";"5";"4";"3";"2";"3";"3";"3";"2";"4";"4";"3";"3";"3";"4";"3";"5";"3";"3";"Gezondheid, Sport en Welzijn (GSW)";"Vrouw";"19";"Haarlem";"1";"0";"Havo";"Bij mijn ouder(s)/verzorger(s)"
"2";"2";"3";"2";"3";"3";"4";"3,4";"3,8";"5,0";"5";"4";"5";"4";"5";"4";"4";"5";"5";"5";"4";"4,6";"3,8";"1,0";"1,0";"2,33";"1,0";"1,0";"2,33";"2,33";"1,0";"3,6";"37";"1,0";"0";"1,0";"1,0";"1,0";"5,0";"3,0";"3,0";"1,0";"1,0";"1,0";"1,0";"4";"5";"2";"4";"5";"5";"4";"4";"5";"5";"3";"5";"2";"4";"3";"4";"3";"4";"1";"";"2,2";"3";"4";"3";"4";"5";"3";"3";"3";"3";"4";"2";"2";"2";"2";"2";"2";"3";"4";"4";"3";"3";"4";"3";"3";"Techniek, Ontwerpen en Informatica (TOI)";"Vrouw";"19";"Delft";"1";"0";"Havo";"Alleen"
"3";"5";"5";"2";"3";"3";"2";"4,6";"4,2";"5,0";"1";"3";"1";"3";"4";"4";"5";"1";"2";"4";"4";"3,4";"4,2";"3,67";"2,33";"2,33";"3,67";"3,67";"3,67";"2,33";"2,33";"4,12";"37";"1,8";"1";"3,0";"1,0";"1,0";"5,0";"1,0";"5,0";"1,0";"1,0";"1,0";"1,0";"4";"4";"3";"4";"5";"5";"5";"2";"4";"5";"2";"5";"5";"5";"4";"5";"3";"5";"1";"4";"";"3";"1";"4";"5";"5";"5";"5";"5";"5";"5";"3";"1";"2";"5";"1";"3";"4";"5";"5";"5";"5";"4";"2";"2";"Techniek, Ontwerpen en Informatica (TOI)";"Man";"23";"Delft";"1";"0";"Vwo";"In een studentenhuis / met meerdere studenten samen"
"2";"3";"2";"3";"3";"3";"4";"2,6";"1,0";"3,0";"3";"";"";"";"4";"";"";"4";"4";"";"4";"3,8";"4,6";"3,67";"1,0";"3,67";"3,67";"1,0";"3,67";"2,33";"5,0";"3,64";"37";"1,0";"1";"1,0";"1,0";"1,0";"5,0";"5,0";"5,0";"3,0";"1,0";"1,0";"1,0";"2";"4";"3";"5";"1";"4";"4";"5";"5";"5";"1";"4";"3";"4";"4";"1";"4";"5";"";"";"1,96";"2";"4";"4";"5";"5";"2";"5";"2";"4";"4";"2";"2";"4";"4";"2";"4";"3";"4";"4";"4";"3";"4";"5";"5";"Techniek, Ontwerpen en Informatica (TOI)";"Man";"20";"Delft";"2";"1";"Ik heb een buitenlandse vooropleiding afgerond (bv. A-levels)";"Met een of enkele huisgenoten / vrienden (geen relatie)"
"3";"3";"2";"2";"2";"2";"4";"3,4";"2,2";"3,0";"1";"1";"1";"3";"2";"2";"4";"3";"2";"5";"4";"4,6";"3,4";"1,0";"2,33";"1,0";"1,0";"1,0";"1,0";"1,0";"2,33";"3,68";"36";"2,6";"1";"1,0";"1,0";"1,0";"1,0";"3,0";"3,0";"1,0";"1,0";"5,0";"1,0";"2";"2";"3";"4";"4";"5";"4";"4";"4";"4";"2";"4";"2";"4";"2";"1";"1";"1";"1";"4";"2,04";"";"";"";"";"";"";"";"";"";"";"";"";"";"";"";"";"";"";"";"";"";"";"";"";"Business, Finance and Law (BFL)";"Man";"19";"Alkmaar";"1";"0";"Havo";"Bij mijn ouder(s)/verzorger(s)"
"3";"3";"3";"2";"3";"4";"4";"2,6";"3,8";"2,6";"3";"3";"3";"3";"3";"3";"4";"4";"4";"2";"3";"3,4";"4,2";"2,33";"2,33";"3,67";"2,33";"2,33";"2,33";"2,33";"2,33";"3,72";"36";"1,8";"1";"3,0";"1,0";"1,0";"1,0";"3,0";"3,0";"1,0";"1,0";"5,0";"1,0";"3";"2";"2";"4";"3";"3";"3";"2";"3";"4";"2";"3";"3";"3";"3";"1";"1";"2";"1";"3";"2,6";"";"";"";"";"";"";"";"";"";"";"";"";"";"";"";"";"";"";"";"";"";"";"";"";"Business, Finance and Law (BFL)";"Vrouw";"19";"Alkmaar";"1";"0";"Havo";"Bij mijn ouder(s)/verzorger(s)"
"3";"4";"3";"2";"2";"2";"3";"4,2";"2,6";"3,4";"5";"3";"2";"4";"5";"5";"3";"3";"2";"5";"2";"3,8";"4,2";"2,33";"2,33";"1,0";"2,33";"2,33";"3,67";"2,33";"3,67";"3,56";"36";"1,0";"1";"3,0";"1,0";"1,0";"1,0";"5,0";"5,0";"1,0";"1,0";"1,0";"1,0";"3";"5";"1";"4";"4";"3";"5";"5";"4";"4";"3";"5";"4";"5";"4";"4";"4";"4";"1";"4";"2,2";"";"";"";"";"";"";"";"";"";"";"";"";"";"";"";"";"";"";"";"";"";"";"";"";"Gezondheid, Sport en Welzijn (GSW)";"Vrouw";"19";"Alkmaar";"1";"1";"Havo";"Bij mijn ouder(s)/verzorger(s)"
"1";"2";"1";"4";"3";"5";"4";"2,2";"5,0";"1,4";"5";"3";"3";"5";"5";"5";"5";"5";"5";"4";"4";"3,8";"5,0";"2,33";"5,0";"3,67";"2,33";"1,0";"2,33";"2,33";"5,0";"3,8";"36";"1,0";"0";"5,0";"1,0";"1,0";"1,0";"1,0";"1,0";"1,0";"1,0";"1,0";"1,0";"5";"2";"5";"3";"2";"3";"4";"4";"4";"3";"2";"4";"1";"1";"1";"1";"1";"1";"";"5";"2,04";"";"";"";"";"";"";"";"";"";"";"";"";"";"";"";"";"";"";"";"";"";"";"";"";"Gezondheid, Sport en Welzijn (GSW)";"Vrouw";"18";"Haarlem";"1";"0";"Havo";"Bij mijn ouder(s)/verzorger(s)"
"1";"3";"2";"4";"5";"4";"4";"3,4";"1,0";"3,4";"3";"1";"1";"2";"3";"3";"1";"3";"2";"3";"2";"3,8";"3,4";"1,0";"3,67";"2,33";"3,67";"1,0";"3,67";"1,0";"5,0";"4,12";"36";"1,0";"0";"5,0";"5,0";"1,0";"1,0";"1,0";"1,0";"1,0";"1,0";"1,0";"1,0";"3";"3";"4";"4";"4";"5";"4";"3";"2";"3";"1";"4";"1";"2";"1";"3";"3";"3";"1";"1";"2,28";"";"";"";"";"";"";"";"";"";"";"";"";"";"";"";"";"";"";"";"";"";"";"";"";"Techniek, Ontwerpen en Informatica (TOI)";"Man";"27";"Delft";"2";"1";"Ik heb een buitenlandse vooropleiding afgerond (bv. A-levels)";"Met een of enkele huisgenoten / vrienden (geen relatie)"
"3";"3";"3";"2";"1";"2";"2";"3,4";"1,8";"3,8";"3";"1";"3";"2";"3";"2";"1";"2";"3";"2";"4";"3,8";"3,8";"1,0";"2,33";"3,67";"2,33";"1,0";"2,33";"1,0";"1,0";"3,8";"36";"1,0";"0";"1,0";"1,0";"1,0";"1,0";"1,0";"3,0";"1,0";"1,0";"1,0";"1,0";"3";"4";"2";"5";"4";"5";"5";"4";"4";"4";"3";"5";"5";"5";"5";"3";"4";"2";"1";"1";"1,64";"1";"2";"2";"3";"4";"3";"4";"3";"3";"3";"3";"3";"3";"3";"3";"2";"3";"5";"4";"4";"4";"5";"5";"5";"Creative Business (CB)";"Man";"22";"Haarlem";"3";"0";"Havo";"Met mijn partner / een relatie"
"3";"3";"4";"2";"5";"2";"2";"4,6";"2,6";"4,6";"1";"2";"1";"1";"2";"1";"1";"1";"1";"1";"4";"4,2";"3,4";"1,0";"2,33";"1,0";"2,33";"1,0";"1,0";"1,0";"2,33";"3,76";"36";"2,6";"0";"1,0";"1,0";"1,0";"3,0";"3,0";"5,0";"1,0";"1,0";"1,0";"1,0";"4";"5";"2";"4";"5";"5";"5";"4";"4";"4";"4";"4";"4";"5";"4";"4";"3";"3";"1";"5";"1,72";"1";"2";"2";"1";"1";"2";"3";"2";"1";"4";"4";"1";"3";"3";"1";"4";"5";"5";"4";"5";"3";"4";"4";"4";"Techniek, Ontwerpen en Informatica (TOI)";"Vrouw";"20";"Amsterdam";"1";"0";"Mbo";"Bij mijn ouder(s)/verzorger(s)"
"1";"3";"3";"4";"5";"3";"4";"1,8";"4,2";"1,8";"3";"4";"2";"4";"5";"4";"2";"4";"4";"2";"4";"2,2";"3,8";"3,67";"3,67";"3,67";"3,67";"1,0";"3,67";"3,67";"3,67";"3,64";"36";"2,6";"1";"3,0";"1,0";"3,0";"3,0";"3,0";"3,0";"1,0";"1,0";"1,0";"1,0";"4";"5";"3";"2";"1";"3";"4";"2";"2";"1";"1";"4";"2";"2";"2";"1";"1";"1";"0";"4";"1,8";"";"";"";"";"";"";"";"";"";"";"";"";"";"";"";"";"";"";"";"";"";"";"";"";"Techniek, Ontwerpen en Informatica (TOI)";"Man";"19";"Alkmaar";"1";"0";"Havo";"Bij mijn ouder(s)/verzorger(s)"
"3";"4";"4";"2";"1";"1";"3";"3,8";"4,2";"3,4";"4";"4";"4";"5";"5";"5";"4";"3";"4";"2";"4";"3,8";"3,8";"2,33";"1,0";"2,33";"1,0";"1,0";"1,0";"2,33";"2,33";"3,56";"36";"1,0";"0";"1,0";"1,0";"1,0";"3,0";"1,0";"3,0";"1,0";"3,0";"1,0";"1,0";"4";"4";"3";"4";"4";"4";"4";"4";"5";"5";"3";"5";"3";"3";"2";"2";"2";"2";"1";"3";"1,96";"3";"3";"4";"3";"2";"2";"4";"3";"3";"3";"4";"4";"4";"2";"4";"3";"3";"4";"2";"4";"4";"4";"3";"3";"Gezondheid, Sport en Welzijn (GSW)";"Vrouw";"18";"Alkmaar";"1";"0";"Havo";"Bij mijn ouder(s)/verzorger(s)"
"4";"4";"3";"3";"2";"3";"2";"4,2";"3,8";"3,8";"2";"3";"2";"4";"4";"4";"5";"4";"4";"2";"4";"3,4";"3,4";"2,33";"2,33";"1,0";"2,33";"2,33";"2,33";"2,33";"2,33";"3,68";"36";"1,0";"0";"5,0";"3,0";"1,0";"3,0";"1,0";"5,0";"1,0";"1,0";"1,0";"1,0";"4";"4";"3";"4";"4";"4";"4";"4";"4";"4";"4";"3";"3";"4";"2";"4";"2";"2";"1";"4";"2,36";"";"";"";"";"";"";"";"";"";"";"";"";"";"";"";"";"";"";"";"";"";"";"";"";"Business, Finance and Law (BFL)";"Vrouw";"22";"Alkmaar";"1";"0";"Mbo";"Bij mijn ouder(s)/verzorger(s)"
"3";"4";"4";"1";"1";"1";"1";"4,6";"1,8";"4,6";"2";"2";"1";"2";"2";"3";"2";"3";"3";"1";"3";"5,0";"4,2";"2,33";"2,33";"1,0";"1,0";"1,0";"1,0";"1,0";"2,33";"3,52";"36";"1,0";"0";"1,0";"1,0";"1,0";"3,0";"3,0";"3,0";"3,0";"1,0";"1,0";"3,0";"3";"4";"2";"3";"5";"5";"4";"5";"5";"5";"4";"5";"4";"4";"3";"2";"1";"4";"1";"3";"1,4";"2";"1";"2";"3";"1";"1";"2";"2";"2";"5";"1";"2";"2";"4";"1";"4";"4";"5";"5";"4";"5";"4";"4";"4";"Gezondheid, Sport en Welzijn (GSW)";"Man";"20";"Alkmaar";"1";"0";"Havo";"Bij mijn ouder(s)/verzorger(s)"
"3";"4";"4";"3";"4";"4";"3";"3,4";"3,8";"3,8";"2";"2";"2";"4";"5";"3";"2";"4";"4";"2";"5";"4,2";"4,2";"2,33";"3,67";"3,67";"2,33";"2,33";"2,33";"2,33";"1,0";"3,68";"36";"1,0";"0";"5,0";"1,0";"3,0";"3,0";"1,0";"3,0";"1,0";"1,0";"1,0";"1,0";"5";"4";"2";"5";"4";"5";"3";"4";"4";"3";"4";"5";"3";"3";"4";"3";"1";"1";"1";"5";"1,4";"3";"4";"3";"2";"4";"4";"4";"3";"2";"4";"3";"3";"4";"3";"3";"4";"2";"4";"4";"4";"4";"4";"2";"2";"Gezondheid, Sport en Welzijn (GSW)";"Vrouw";"17";"Haarlem";"1";"0";"Havo";"Bij mijn ouder(s)/verzorger(s)"
"4";"4";"4";"2";"3";"2";"2";"4,6";"2,2";"4,6";"1";"2";"2";"1";"2";"2";"2";"1";"2";"2";"3";"4,2";"3,8";"1,0";"3,67";"1,0";"1,0";"2,33";"2,33";"2,33";"1,0";"4,04";"36";"1,8";"0";"1,0";"1,0";"1,0";"3,0";"5,0";"1,0";"1,0";"1,0";"1,0";"1,0";"5";"5";"2";"5";"5";"5";"5";"4";"5";"4";"5";"5";"3";"4";"3";"5";"4";"4";"1";"3";"3,0";"";"";"";"";"";"";"";"";"";"";"";"";"";"";"";"";"";"";"";"";"";"";"";"";"Techniek, Ontwerpen en Informatica (TOI)";"Man";"21";"Haarlem";"1";"0";"Havo";"Bij mijn ouder(s)/verzorger(s)"
"3";"4";"3";"4";"2";"3";"2";"3,8";"1,8";"3,4";"2";"2";"2";"2";"4";"3";"2";"2";"2";"3";"4";"3,8";"3,4";"2,33";"1,0";"2,33";"2,33";"2,33";"2,33";"2,33";"2,33";"4,52";"36";"1,0";"0";"1,0";"1,0";"1,0";"3,0";"3,0";"3,0";"3,0";"3,0";"3,0";"3,0";"4";"5";"1";"4";"3";"4";"4";"3";"2";"3";"2";"5";"3";"3";"1";"1";"1";"1";"";"4";"3,08";"1";"1";"4";"2";"2";"2";"4";"2";"3";"3";"3";"3";"3";"3";"3";"";"";"";"";"";"";"";"";"";"Techniek, Ontwerpen en Informatica (TOI)";"Man";"19";"Haarlem";"1";"0";"Vwo";"Bij mijn ouder(s)/verzorger(s)"
"3";"4";"4";"3";"3";"3";"4";"4,6";"3,4";"4,2";"2";"2";"3";"4";"4";"2";"4";"2";"5";"4";"3";"2,6";"3,8";"3,67";"3,67";"5,0";"3,67";"2,33";"3,67";"1,0";"2,33";"3,64";"36";"1,0";"0";"1,0";"1,0";"5,0";"3,0";"1,0";"3,0";"1,0";"1,0";"5,0";"1,0";"4";"4";"3";"4";"4";"4";"3";"1";"1";"2";"2";"4";"1";"2";"3";"1";"3";"2";"1";"2";"2,6";"2";"3";"1";"4";"4";"2";"4";"2";"5";"2";"4";"4";"4";"2";"4";"4";"4";"3";"3";"3";"4";"4";"2";"2";"Business, Finance and Law (BFL)";"Vrouw";"19";"Rotterdam";"1";"0";"Havo";"Bij mijn ouder(s)/verzorger(s)"
"3";"3";"2";"1";"1";"2";"3";"3,0";"1,0";"3,0";"1";"1";"1";"";"1";"";"1";"1";"1";"1";"4";"4,2";"3,0";"1,0";"2,33";"2,33";"2,33";"1,0";"3,67";"1,0";"3,67";"4,2";"36";"1,0";"0";"1,0";"1,0";"1,0";"3,0";"1,0";"3,0";"3,0";"3,0";"1,0";"1,0";"3";"5";"1";"5";"4";"4";"5";"2";"3";"2";"1";"4";"1";"3";"1";"1";"1";"4";"1";"3";"1,0";"1";"3";"4";"1";"1";"3";"4";"3";"4";"5";"1";"1";"1";"5";"2";"3";"2";"4";"3";"4";"4";"3";"3";"3";"Techniek, Ontwerpen en Informatica (TOI)";"Man";"19";"Delft";"1";"1";"Ik heb een buitenlandse vooropleiding afgerond (bv. A-levels)";"Met een of enkele huisgenoten / vrienden (geen relatie)"
"2";"3";"3";"5";"4";"4";"3";"1,8";"4,6";"1,8";"4";"4";"1";"5";"5";"4";"";"5";"5";"1";"4";"3,4";"4,2";"3,67";"5,0";"3,67";"3,67";"2,33";"3,67";"2,33";"3,67";"4,2";"36";"2,6";"1";"1,0";"1,0";"3,0";"3,0";"3,0";"5,0";"1,0";"1,0";"1,0";"1,0";"5";"5";"3";"4";"2";"4";"4";"3";"4";"4";"4";"5";"4";"3";"4";"4";"2";"3";"";"3";"3,4";"3";"3";"5";"2";"3";"4";"5";"4";"3";"2";"5";"4";"4";"1";"4";"4";"3";"5";"4";"4";"4";"4";"3";"3";"Techniek, Ontwerpen en Informatica (TOI)";"Man";"20";"Alkmaar";"2";"0";"Vwo";"Bij mijn ouder(s)/verzorger(s)"
"3";"4";"4";"3";"2";"4";"4";"3,8";"3,4";"3,4";"2";"3";"2";"4";"4";"3";"5";"3";"3";"2";"3";"3,0";"4,2";"2,33";"2,33";"3,67";"2,33";"1,0";"2,33";"2,33";"3,67";"3,4";"36";"1,0";"0";"5,0";"1,0";"1,0";"3,0";"3,0";"3,0";"3,0";"3,0";"5,0";"3,0";"4";"4";"3";"3";"4";"4";"3";"2";"2";"4";"2";"4";"2";"2";"1";"1";"1";"3";"1";"4";"1,96";"4";"2";"2";"2";"2";"4";"4";"4";"2";"2";"2";"4";"3";"3";"3";"4";"4";"4";"4";"4";"4";"4";"4";"4";"Gezondheid, Sport en Welzijn (GSW)";"Vrouw";"19";"Haarlem";"2";"0";"Havo";"Bij mijn ouder(s)/verzorger(s)"
"4";"4";"3";"2";"3";"1";"3";"4,2";"2,2";"4,2";"3";"2";"1";"3";"3";"3";"4";"3";"1";"";"3";"4,6";"3,8";"1,0";"1,0";"2,33";"2,33";"1,0";"1,0";"1,0";"2,33";"3,88";"36";"1,8";"0";"1,0";"1,0";"1,0";"3,0";"5,0";"5,0";"1,0";"1,0";"1,0";"1,0";"4";"4";"3";"4";"5";"5";"4";"4";"4";"3";"4";"5";"3";"4";"3";"5";"5";"5";"1";"4";"2,6";"3";"2";"3";"3";"1";"3";"4";"2";"3";"4";"2";"3";"2";"3";"1";"2";"4";"5";"4";"4";"4";"4";"3";"3";"Gezondheid, Sport en Welzijn (GSW)";"Man";"20";"Haarlem";"2";"0";"Havo";"In een studentenhuis / met meerdere studenten samen"
"4";"4";"4";"2";"2";"3";"2";"4,2";"3,4";"3,8";"4";"3";"3";"3";"4";"3";"2";"3";"4";"4";"4";"3,8";"4,2";"1,0";"1,0";"2,33";"2,33";"1,0";"2,33";"1,0";"1,0";"4,04";"36";"1,0";"0";"1,0";"1,0";"1,0";"3,0";"3,0";"3,0";"3,0";"3,0";"3,0";"3,0";"4";"4";"2";"4";"4";"4";"4";"4";"4";"4";"3";"4";"4";"4";"3";"2";"2";"2";"1";"5";"1,8";"";"";"";"";"";"";"";"";"";"";"";"";"";"";"";"";"";"";"";"";"";"";"";"";"Gezondheid, Sport en Welzijn (GSW)";"Vrouw";"22";"Amsterdam";"3";"0";"Vwo";"Bij mijn ouder(s)/verzorger(s)"
"3";"4";"3";"1";"2";"4";"2";"2,6";"2,2";"3,8";"2";"3";"3";"4";"4";"3";"1";"2";"4";"4";"5";"3,4";"3,8";"2,33";"1,0";"2,33";"2,33";"2,33";"2,33";"1,0";"2,33";"3,72";"36";"2,6";"0";"1,0";"1,0";"1,0";"5,0";"3,0";"3,0";"1,0";"1,0";"1,0";"1,0";"2";"4";"4";"3";"4";"5";"4";"4";"4";"4";"3";"5";"4";"4";"2";"1";"1";"1";"1";"5";"1,64";"1";"1";"3";"3";"2";"2";"4";"1";"5";"4";"2";"2";"2";"4";"2";"3";"2";"5";"4";"5";"4";"3";"3";"2";"Business, Finance and Law (BFL)";"Man";"20";"Alkmaar";"1";"0";"Havo";"Bij mijn ouder(s)/verzorger(s)"
"4";"5";"3";"1";"1";"1";"2";"5,0";"1,0";"5,0";"5";"2";"5";"3";"5";"4";"1";"5";"5";"3";"4";"4,2";"3,8";"1,0";"2,33";"1,0";"1,0";"1,0";"2,33";"1,0";"1,0";"3,84";"36";"1,0";"0";"1,0";"1,0";"1,0";"5,0";"3,0";"3,0";"3,0";"1,0";"1,0";"1,0";"3";"5";"2";"4";"5";"5";"5";"4";"4";"5";"3";"5";"4";"5";"5";"5";"4";"5";"1";"5";"1,08";"2";"2";"3";"1";"1";"3";"5";"3";"3";"3";"3";"2";"1";"4";"2";"3";"3";"5";"4";"4";"3";"4";"3";"3";"Techniek, Ontwerpen en Informatica (TOI)";"Man";"15";"Delft";"1";"1";"Ik heb een buitenlandse vooropleiding afgerond (bv. A-levels)";"Bij mijn ouder(s)/verzorger(s)"
"5";"5";"5";"5";"5";"5";"5";"5,0";"5,0";"5,0";"";"";"";"";"";"";"";"";"";"";"5";"5,0";"5,0";"1,0";"1,0";"1,0";"5,0";"1,0";"5,0";"1,0";"1,0";"4,4";"36";"1,0";"0";"1,0";"1,0";"1,0";"5,0";"5,0";"5,0";"5,0";"5,0";"5,0";"5,0";"5";"5";"5";"5";"5";"5";"5";"5";"5";"5";"5";"5";"5";"5";"5";"5";"5";"5";"";"1";"5,0";"";"";"";"";"";"";"";"";"";"";"";"";"";"";"";"";"";"";"";"";"";"";"";"";"Techniek, Ontwerpen en Informatica (TOI)";"Anders";"23";"Delft";"1";"1";"Anders, namelijk (vul in):";"Alleen"
"3";"4";"3";"5";"3";"5";"3";"3,4";"5,0";"3,4";"4";"3";"2";"2";"3";"3";"";"5";"5";"5";"4";"3,4";"4,2";"2,33";"3,67";"2,33";"3,67";"1,0";"3,67";"3,67";"5,0";"3,88";"36";"2,6";"0";"1,0";"1,0";"1,0";"5,0";"1,0";"3,0";"1,0";"1,0";"5,0";"5,0";"3";"4";"4";"4";"4";"4";"3";"3";"3";"3";"3";"5";"4";"4";"2";"1";"4";"3";"1";"2";"1,64";"3";"3";"2";"4";"4";"2";"5";"4";"3";"4";"2";"3";"3";"3";"4";"5";"4";"4";"4";"4";"4";"4";"3";"4";"Gezondheid, Sport en Welzijn (GSW)";"Vrouw";"33";"Haarlem";"2";"0";"Havo";"Alleen"
"3";"4";"4";"4";"3";"4";"4";"4,2";"4,6";"4,2";"3";"3";"3";"3";"5";"3";"4";"4";"4";"";"3";"4,2";"4,2";"2,33";"2,33";"5,0";"2,33";"2,33";"2,33";"2,33";"2,33";"4,12";"36";"1,0";"0";"5,0";"1,0";"1,0";"5,0";"1,0";"5,0";"3,0";"1,0";"1,0";"1,0";"4";"4";"3";"3";"2";"4";"4";"4";"4";"4";"3";"5";"3";"4";"5";"5";"4";"2";"1";"4";"3,24";"5";"3";"4";"4";"3";"5";"5";"5";"5";"2";"2";"3";"2";"3";"2";"4";"4";"5";"3";"4";"3";"4";"4";"4";"Techniek, Ontwerpen en Informatica (TOI)";"Man";"21";"Delft";"2";"0";"Havo";"Bij mijn ouder(s)/verzorger(s)"
"3";"4";"3";"3";"3";"2";"2";"4,2";"2,6";"3,8";"1";"2";"1";"3";"3";"2";"1";"1";"2";"2";"4";"3,4";"4,2";"1,0";"1,0";"2,33";"2,33";"2,33";"2,33";"2,33";"1,0";"3,88";"36";"2,6";"0";"1,0";"1,0";"1,0";"5,0";"5,0";"5,0";"5,0";"3,0";"1,0";"1,0";"4";"5";"2";"5";"4";"5";"4";"4";"4";"3";"2";"5";"3";"4";"3";"2";"3";"2";"1";"3";"";"";"";"";"";"";"";"";"";"";"";"";"";"";"";"";"";"";"";"";"";"";"";"";"";"Techniek, Ontwerpen en Informatica (TOI)";"Man";"19";"Haarlem";"3";"1";"Anders, namelijk (vul in):";"Bij mijn ouder(s)/verzorger(s)"
"2";"4";"3";"3";"3";"3";"4";"3,4";"3,8";"3,4";"2";"3";"2";"2";"2";"2";"5";"2";"2";"4";"3";"3,4";"4,2";"2,33";"3,67";"2,33";"3,67";"2,33";"3,67";"2,33";"5,0";"3,6";"35";"2,6";"0";"1,0";"1,0";"3,0";"1,0";"3,0";"5,0";"1,0";"1,0";"1,0";"1,0";"4";"4";"3";"3";"4";"4";"4";"3";"4";"3";"3";"4";"3";"3";"3";"1";"1";"1";"";"3";"1,96";"";"";"";"";"";"";"";"";"";"";"";"";"";"";"";"";"";"";"";"";"";"";"";"";"Agri, Food and Life Sciences (AFL)";"Vrouw";"20";"Amsterdam";"1";"0";"Havo";"Bij mijn ouder(s)/verzorger(s)"
"3";"3";"3";"2";"2";"2";"4";"3,4";"2,2";"3,4";"";"2";"";"";"";"2";"2";"3";"";"3";"3";"4,2";"3,8";"1,0";"2,33";"3,67";"1,0";"1,0";"1,0";"1,0";"2,33";"3,4";"35";"1,0";"0";"1,0";"1,0";"1,0";"1,0";"1,0";"3,0";"1,0";"1,0";"1,0";"1,0";"3";"3";"3";"5";"4";"4";"4";"4";"4";"4";"3";"3";"3";"3";"4";"1";"1";"1";"1";"5";"1,4";"";"";"";"";"";"";"";"";"";"";"";"";"";"";"";"";"";"";"";"";"";"";"";"";"Gezondheid, Sport en Welzijn (GSW)";"Vrouw";"19";"Amsterdam";"1";"0";"Vwo";"Bij mijn ouder(s)/verzorger(s)"
"3";"4";"4";"3";"3";"3";"3";"3,8";"3,8";"3,8";"3";"4";"3";"5";"5";"3";"5";"2";"3";"3";"3";"3,4";"3,4";"2,33";"2,33";"3,67";"3,67";"2,33";"3,67";"2,33";"1,0";"3,24";"35";"2,6";"0";"3,0";"1,0";"3,0";"1,0";"5,0";"5,0";"1,0";"1,0";"1,0";"1,0";"4";"4";"2";"5";"3";"4";"3";"2";"4";"3";"1";"3";"1";"3";"4";"1";"1";"2";"1";"3";"1,4";"";"";"";"";"";"";"";"";"";"";"";"";"";"";"";"";"";"";"";"";"";"";"";"";"Gezondheid, Sport en Welzijn (GSW)";"Vrouw";"21";"Amsterdam";"1";"0";"Anders, namelijk (vul in):";"Alleen"
"3";"3";"2";"2";"1";"2";"4";"2,6";"3,4";"3,0";"2";"3";"2";"2";"1";"3";"2";"3";"3";"2";"3";"3,8";"3,4";"1,0";"2,33";"1,0";"2,33";"1,0";"2,33";"1,0";"2,33";"3,24";"35";"2,6";"1";"1,0";"1,0";"1,0";"1,0";"3,0";"3,0";"1,0";"1,0";"1,0";"1,0";"3";"2";"3";"4";"3";"4";"4";"4";"3";"4";"2";"3";"2";"3";"1";"1";"1";"1";"1";"1";"1,64";"";"";"";"";"";"";"";"";"";"";"";"";"";"";"";"";"";"";"";"";"";"";"";"";"Business, Finance and Law (BFL)";"Man";"18";"Alkmaar";"1";"0";"Havo";"Bij mijn ouder(s)/verzorger(s)"
"2";"4";"3";"2";"2";"3";"1";"2,2";"1,0";"3,8";"1";"1";"1";"2";"1";"1";"1";"1";"1";"1";"4";"4,2";"3,4";"1,0";"1,0";"1,0";"2,33";"1,0";"1,0";"1,0";"2,33";"3,4";"35";"2,6";"0";"1,0";"1,0";"1,0";"1,0";"3,0";"5,0";"1,0";"1,0";"1,0";"1,0";"2";"5";"3";"4";"4";"4";"4";"3";"4";"4";"3";"5";"2";"4";"3";"1";"2";"2";"1";"3";"1,4";"";"";"";"";"";"";"";"";"";"";"";"";"";"";"";"";"";"";"";"";"";"";"";"";"Techniek, Ontwerpen en Informatica (TOI)";"Man";"18";"Alkmaar";"1";"0";"Havo";"Bij mijn ouder(s)/verzorger(s)"
"3";"2";"2";"4";"3";"4";"4";"1,8";"4,2";"1,8";"3";"4";"3";"4";"3";"4";"5";"4";"4";"2";"4";"3,8";"4,6";"2,33";"2,33";"2,33";"2,33";"2,33";"2,33";"2,33";"2,33";"3,72";"35";"2,6";"1";"5,0";"1,0";"5,0";"1,0";"1,0";"3,0";"1,0";"1,0";"5,0";"1,0";"3";"3";"3";"4";"2";"2";"3";"4";"4";"3";"2";"4";"3";"2";"3";"1";"1";"1";"0";"3";"1,8";"4";"4";"4";"3";"4";"4";"4";"4";"4";"3";"3";"3";"4";"3";"3";"2";"3";"2";"2";"2";"1";"3";"2";"3";"Business, Finance and Law (BFL)";"Vrouw";"19";"Rotterdam";"1";"0";"Havo";"Bij mijn ouder(s)/verzorger(s)"
"3";"2";"2";"2";"2";"2";"3";"3,8";"3,0";"2,6";"3";"3";"4";"5";"4";"4";"4";"3";"5";"4";"4";"3,4";"4,2";"2,33";"2,33";"2,33";"3,67";"2,33";"3,67";"2,33";"1,0";"3,6";"35";"1,0";"0";"1,0";"1,0";"1,0";"1,0";"1,0";"5,0";"5,0";"1,0";"1,0";"1,0";"3";"3";"3";"3";"3";"3";"3";"3";"3";"3";"2";"2";"2";"3";"2";"1";"2";"1";"1";"2";"2,44";"";"";"";"";"";"";"";"";"";"";"";"";"";"";"";"";"";"";"";"";"";"";"";"";"Business, Finance and Law (BFL)";"Vrouw";"19";"Rotterdam";"1";"0";"Havo";"Bij mijn ouder(s)/verzorger(s)"
"3";"3";"3";"3";"2";"3";"1";"3,8";"3,4";"3,0";"3";"4";"3";"5";"4";"4";"2";"2";"3";"3";"4";"4,2";"3,8";"1,0";"2,33";"2,33";"2,33";"2,33";"2,33";"2,33";"2,33";"4,0";"35";"1,0";"0";"1,0";"1,0";"1,0";"1,0";"3,0";"1,0";"1,0";"1,0";"1,0";"1,0";"4";"4";"3";"3";"4";"4";"4";"4";"4";"3";"3";"5";"3";"3";"3";"1";"1";"3";"1";"";"3,88";"4";"3";"3";"1";"1";"3";"4";"3";"4";"4";"2";"2";"3";"3";"2";"4";"3";"4";"3";"4";"4";"4";"4";"4";"Gezondheid, Sport en Welzijn (GSW)";"Man";"31";"Amsterdam";"2";"0";"Anders, namelijk (vul in):";"Met mijn partner / een relatie"
"2";"4";"4";"3";"2";"3";"3";"2,6";"1,8";"2,6";"2";"3";"2";"3";"5";"3";"1";"2";"2";"2";"3";"3,4";"4,2";"2,33";"2,33";"2,33";"3,67";"2,33";"3,67";"1,0";"2,33";"4,52";"35";"1,0";"0";"1,0";"1,0";"1,0";"1,0";"3,0";"3,0";"1,0";"1,0";"1,0";"1,0";"4";"3";"4";"5";"4";"4";"4";"3";"4";"3";"4";"5";"4";"4";"4";"5";"3";"2";"1";"1";"2,6";"";"";"";"";"";"";"";"";"";"";"";"";"";"";"";"";"";"";"";"";"";"";"";"";"Gezondheid, Sport en Welzijn (GSW)";"Man";"22";"Amsterdam";"2";"0";"Vwo";"Bij mijn ouder(s)/verzorger(s)"
"4";"4";"4";"3";"2";"2";"2";"4,2";"3,4";"3,8";"1";"2";"2";"2";"2";"2";"2";"2";"2";"3";"3";"3,0";"3,8";"2,33";"1,0";"3,67";"3,67";"2,33";"2,33";"1,0";"1,0";"3,6";"35";"1,0";"0";"1,0";"3,0";"1,0";"1,0";"1,0";"3,0";"1,0";"1,0";"1,0";"1,0";"4";"4";"2";"4";"4";"3";"4";"4";"5";"4";"3";"5";"3";"3";"2";"2";"2";"3";"1";"3";"1,72";"";"";"";"";"";"";"";"";"";"";"";"";"";"";"";"";"";"";"";"";"";"";"";"";"Gezondheid, Sport en Welzijn (GSW)";"Man";"21";"Haarlem";"2";"0";"Havo";"Bij mijn ouder(s)/verzorger(s)"
"3";"4";"3";"4";"2";"2";"1";"3,8";"4,2";"4,2";"5";"4";"2";"4";"4";"3";"";"3";"2";"";"3";"4,2";"3,4";"2,33";"1,0";"1,0";"2,33";"1,0";"2,33";"2,33";"2,33";"3,6";"35";"1,0";"0";"5,0";"1,0";"3,0";"1,0";"1,0";"5,0";"1,0";"1,0";"1,0";"1,0";"4";"5";"1";"5";"5";"5";"3";"1";"2";"2";"3";"5";"1";"3";"3";"1";"1";"1";"1";"4";"2,04";"";"";"";"";"";"";"";"";"";"";"";"";"";"";"";"";"";"";"";"";"";"";"";"";"Gezondheid, Sport en Welzijn (GSW)";"Man";"26";"Den Haag";"3";"0";"Mbo";"Alleen"
"2";"4";"3";"4";"3";"3";"3";"4,2";"5,0";"3,4";"";"";"";"4";"3";"2";"";"3";"2";"";"5";"3,8";"3,8";"3,67";"5,0";"2,33";"3,67";"3,67";"3,67";"3,67";"2,33";"3,68";"35";"3,4";"0";"1,0";"1,0";"3,0";"1,0";"1,0";"3,0";"1,0";"1,0";"1,0";"1,0";"4";"5";"2";"5";"5";"5";"4";"4";"4";"3";"3";"4";"3";"3";"4";"3";"3";"1";"1";"5";"";"";"";"";"";"";"";"";"";"";"";"";"";"";"";"";"";"";"";"";"";"";"";"";"";"Verloskunde Academie";"Vrouw";"28";"Amsterdam";"4";"0";"Havo";"Alleen"
"3";"2";"2";"2";"2";"3";"3";"5,0";"3,4";"2,6";"4";"4";"";"4";"4";"4";"";"";"4";"2";"4";"3,8";"3,8";"2,33";"1,0";"2,33";"2,33";"2,33";"2,33";"2,33";"1,0";"4,08";"35";"1,0";"0";"1,0";"3,0";"1,0";"1,0";"1,0";"1,0";"1,0";"1,0";"1,0";"1,0";"5";"5";"1";"5";"4";"4";"4";"2";"2";"4";"4";"3";"3";"4";"3";"2";"2";"1";"1";"4";"1,64";"4";"2";"4";"4";"2";"2";"4";"4";"2";"3";"2";"2";"3";"2";"4";"4";"4";"5";"4";"4";"3";"4";"3";"4";"Gezondheid, Sport en Welzijn (GSW)";"Vrouw";"27";"Amsterdam";"4";"0";"Havo";"Met een of enkele huisgenoten / vrienden (geen relatie)"
"3";"4";"3";"3";"2";"4";"2";"2,6";"4,2";"3,0";"1";"4";"2";"3";"2";"3";"2";"4";"4";"2";"4";"3,4";"4,2";"2,33";"2,33";"3,67";"3,67";"2,33";"3,67";"2,33";"2,33";"3,6";"35";"1,8";"1";"5,0";"5,0";"5,0";"1,0";"1,0";"3,0";"1,0";"1,0";"1,0";"1,0";"4";"3";"3";"4";"3";"4";"3";"2";"3";"2";"3";"3";"3";"3";"1";"1";"1";"1";"1";"3";"3,88";"";"";"";"";"";"";"";"";"";"";"";"";"";"";"";"";"";"";"";"";"";"";"";"";"Gezondheid, Sport en Welzijn (GSW)";"Vrouw";"37";"Alkmaar";"4";"0";"Havo";"Met mijn partner / een relatie"
"3";"4";"4";"2";"2";"3";"3";"3,8";"2,6";"4,2";"3";"3";"3";"4";"4";"3";"2";"3";"4";"1";"4";"3,8";"4,2";"1,0";"2,33";"1,0";"2,33";"1,0";"2,33";"1,0";"2,33";"4,28";"35";"1,0";"0";"1,0";"1,0";"1,0";"1,0";"1,0";"3,0";"1,0";"1,0";"1,0";"1,0";"4";"5";"1";"4";"5";"5";"4";"4";"4";"4";"4";"5";"4";"3";"2";"1";"1";"1";"1";"2";"1,96";"3";"2";"3";"2";"3";"3";"4";"3";"3";"4";"3";"3";"4";"3";"3";"4";"4";"5";"4";"4";"5";"4";"3";"4";"Gezondheid, Sport en Welzijn (GSW)";"Vrouw";"21";"Haarlem";"4";"0";"Havo";"Bij mijn ouder(s)/verzorger(s)"
"3";"4";"3";"3";"2";"2";"2";"3,8";"3,4";"3,8";"";"2";"";"";"";"4";"";"4";"2";"";"5";"4,2";"4,6";"1,0";"2,33";"3,67";"2,33";"1,0";"2,33";"2,33";"2,33";"4,2";"35";"4,2";"0";"1,0";"1,0";"1,0";"1,0";"1,0";"1,0";"1,0";"1,0";"1,0";"1,0";"4";"2";"2";"5";"4";"4";"2";"2";"2";"1";"4";"3";"1";"3";"1";"1";"1";"1";"1";"2";"2,92";"3";"1";"2";"3";"1";"1";"3";"2";"2";"4";"2";"3";"3";"3";"2";"5";"5";"2";"3";"4";"3";"3";"3";"3";"Gezondheid, Sport en Welzijn (GSW)";"Vrouw";"27";"Alkmaar";"5 of hoger";"0";"Mbo";"Met mijn partner / een relatie"
"1";"2";"2";"4";"4";"4";"4";"1,4";"4,6";"1,4";"4";"4";"4";"4";"4";"5";"3";"4";"5";"3";"3";"3,0";"3,4";"2,33";"3,67";"2,33";"5,0";"2,33";"5,0";"2,33";"3,67";"3,4";"35";"4,2";"1";"1,0";"1,0";"1,0";"1,0";"1,0";"1,0";"1,0";"1,0";"1,0";"1,0";"2";"2";"4";"2";"2";"1";"1";"1";"2";"1";"3";"5";"2";"2";"2";"1";"1";"1";"1";"1";"";"4";"4";"4";"5";"3";"4";"5";"4";"4";"2";"4";"4";"4";"3";"4";"2";"2";"4";"2";"3";"2";"3";"1";"2";"Techniek, Ontwerpen en Informatica (TOI)";"Vrouw";"24";"Haarlem";"5 of hoger";"0";"Havo";"Met mijn partner / een relatie"
"2";"2";"1";"3";"4";"4";"5";"2,2";"4,2";"2,6";"2";"2";"1";"2";"3";"3";"2";"2";"3";"3";"3";"2,6";"3,4";"3,67";"3,67";"5,0";"3,67";"2,33";"3,67";"3,67";"3,67";"4,0";"35";"1,0";"0";"1,0";"1,0";"5,0";"1,0";"1,0";"3,0";"1,0";"1,0";"1,0";"1,0";"3";"4";"3";"3";"2";"2";"1";"1";"4";"5";"1";"5";"1";"4";"1";"1";"1";"2";"1";"1";"1,8";"2";"1";"2";"3";"3";"4";"4";"2";"2";"5";"2";"2";"3";"4";"2";"3";"2";"1";"2";"4";"3";"3";"2";"3";"Techniek, Ontwerpen en Informatica (TOI)";"Man";"26";"Delft";"5 of hoger";"0";"Havo";"In een studentenhuis / met meerdere studenten samen"
"2";"3";"2";"3";"3";"5";"5";"3,0";"2,6";"3,0";"5";"5";"5";"5";"5";"5";"4";"4";"5";"5";"4";"2,6";"4,2";"1,0";"2,33";"2,33";"2,33";"2,33";"3,67";"2,33";"1,0";"3,8";"35";"1,0";"1";"1,0";"5,0";"5,0";"3,0";"3,0";"1,0";"3,0";"1,0";"1,0";"1,0";"4";"5";"2";"5";"1";"2";"3";"3";"3";"4";"1";"5";"4";"4";"2";"2";"2";"2";"";"5";"1,0";"4";"3";"5";"3";"5";"5";"3";"4";"3";"3";"3";"3";"4";"2";"3";"3";"4";"4";"5";"4";"5";"4";"4";"3";"Creative Business (CB)";"Man";"19";"Amsterdam";"1";"1";"Anders, namelijk (vul in):";"Met een of enkele huisgenoten / vrienden (geen relatie)"
"2";"4";"4";"3";"3";"3";"3";"3,4";"3,8";"3,8";"2";"3";"2";"2";"3";"3";"3";"3";"2";"3";"3";"3,0";"3,8";"2,33";"2,33";"2,33";"3,67";"2,33";"3,67";"2,33";"3,67";"3,84";"35";"1,0";"1";"3,0";"1,0";"1,0";"3,0";"5,0";"5,0";"1,0";"1,0";"1,0";"1,0";"3";"4";"3";"4";"4";"4";"4";"3";"3";"4";"3";"4";"3";"3";"2";"2";"3";"1";"1";"2";"1,8";"4";"3";"2";"3";"3";"2";"3";"3";"4";"2";"4";"4";"4";"2";"4";"4";"3";"3";"3";"3";"3";"3";"2";"3";"Gezondheid, Sport en Welzijn (GSW)";"Vrouw";"20";"Alkmaar";"1";"0";"Mbo";"Bij mijn ouder(s)/verzorger(s)"
"3";"4";"3";"3";"2";"2";"3";"3,8";"4,2";"3,4";"2";"5";"3";"1";"4";"4";"5";"3";"4";"3";"3";"3,8";"3,8";"2,33";"2,33";"3,67";"2,33";"2,33";"2,33";"2,33";"2,33";"3,64";"35";"2,6";"1";"3,0";"1,0";"1,0";"3,0";"5,0";"3,0";"1,0";"1,0";"1,0";"1,0";"2";"4";"2";"4";"4";"4";"4";"4";"4";"4";"4";"5";"4";"5";"4";"4";"4";"4";"1";"3";"1,64";"";"";"";"";"";"";"";"";"";"";"";"";"";"";"";"";"";"";"";"";"";"";"";"";"Gezondheid, Sport en Welzijn (GSW)";"Man";"20";"Alkmaar";"1";"0";"Havo";"Bij mijn ouder(s)/verzorger(s)"
"2";"3";"3";"2";"5";"5";"5";"3,8";"3,0";"3,4";"4";"4";"";"4";"5";"";"4";"2";"5";"4";"4";"3,4";"4,2";"2,33";"5,0";"5,0";"3,67";"3,67";"3,67";"2,33";"3,67";"3,84";"35";"1,0";"1";"1,0";"3,0";"3,0";"3,0";"1,0";"1,0";"3,0";"1,0";"3,0";"1,0";"5";"3";"1";"5";"4";"3";"2";"1";"3";"3";"4";"5";"5";"4";"5";"5";"5";"3";"1";"1";"1,8";"3";"4";"4";"4";"4";"2";"4";"4";"2";"5";"2";"3";"2";"3";"2";"3";"4";"4";"4";"3";"3";"4";"4";"4";"Creative Business (CB)";"Vrouw";"21";"Haarlem";"1";"0";"Mbo";"Alleen"
"2";"3";"3";"2";"3";"3";"4";"3,0";"3,8";"3,8";"2";"3";"1";"2";"";"3";"3";"2";"2";"2";"3";"3,8";"3,8";"2,33";"1,0";"2,33";"3,67";"2,33";"2,33";"2,33";"3,67";"3,72";"35";"2,6";"0";"1,0";"1,0";"1,0";"3,0";"1,0";"5,0";"1,0";"1,0";"5,0";"1,0";"4";"4";"3";"4";"5";"5";"4";"4";"5";"5";"3";"3";"2";"2";"1";"4";"1";"2";"1";"5";"1,8";"3";"3";"2";"2";"2";"2";"2";"2";"2";"4";"4";"3";"3";"3";"2";"3";"3";"2";"3";"4";"2";"2";"3";"3";"Gezondheid, Sport en Welzijn (GSW)";"Vrouw";"18";"Haarlem";"1";"0";"Havo";"Bij mijn ouder(s)/verzorger(s)"
"3";"3";"4";"3";"3";"1";"1";"5,0";"4,2";"3,8";"1";"3";"4";"4";"3";"4";"3";"5";"2";"1";"4";"4,2";"3,8";"2,33";"3,67";"1,0";"2,33";"1,0";"2,33";"2,33";"2,33";"4,2";"35";"1,0";"0";"5,0";"1,0";"1,0";"3,0";"1,0";"1,0";"1,0";"1,0";"1,0";"1,0";"5";"5";"3";"5";"3";"3";"4";"4";"4";"3";"2";"4";"2";"4";"1";"1";"1";"1";"1";"3";"3,56";"4";"1";"4";"3";"1";"2";"5";"4";"3";"4";"2";"2";"4";"4";"2";"5";"2";"3";"2";"4";"2";"2";"2";"2";"Onderwijs en Innovatie (ONI)";"Vrouw";"48";"Rotterdam";"1";"0";"Anders, namelijk (vul in):";"Anders"
"3";"4";"4";"3";"4";"2";"2";"4,2";"3,4";"4,2";"3";"4";"1";"2";"3";"3";"4";"2";"2";"1";"3";"3,8";"3,4";"2,33";"1,0";"2,33";"2,33";"1,0";"2,33";"2,33";"1,0";"3,6";"35";"1,0";"0";"1,0";"1,0";"1,0";"3,0";"3,0";"3,0";"1,0";"1,0";"1,0";"1,0";"4";"4";"2";"4";"4";"4";"4";"4";"4";"4";"4";"3";"3";"3";"5";"5";"1";"1";"1";"4";"1,4";"3";"4";"3";"4";"2";"2";"4";"3";"4";"4";"3";"2";"2";"4";"3";"5";"3";"4";"5";"4";"4";"4";"4";"4";"Gezondheid, Sport en Welzijn (GSW)";"Vrouw";"18";"Rotterdam";"1";"0";"Havo";"Bij mijn ouder(s)/verzorger(s)"
"3";"4";"3";"3";"3";"3";"3";"3,4";"4,2";"3,4";"4";"3";"2";"4";"5";"4";"5";"3";"4";"3";"3";"3,4";"3,4";"2,33";"2,33";"3,67";"3,67";"1,0";"2,33";"2,33";"2,33";"3,4";"35";"5,0";"1";"3,0";"3,0";"1,0";"3,0";"3,0";"3,0";"3,0";"3,0";"3,0";"3,0";"4";"3";"3";"3";"3";"3";"3";"3";"3";"3";"3";"3";"3";"3";"3";"3";"3";"3";"1";"5";"2,92";"";"";"";"";"";"";"";"";"";"";"";"";"";"";"";"";"";"";"";"";"";"";"";"";"Business, Finance and Law (BFL)";"Vrouw";"20";"Rotterdam";"1";"0";"Mbo";"Bij mijn ouder(s)/verzorger(s)"
"2";"3";"4";"4";"4";"3";"4";"3,0";"4,2";"2,6";"1";"2";"5";"";"4";"";"5";"2";"3";"4";"4";"3,0";"3,0";"3,67";"3,67";"2,33";"3,67";"2,33";"3,67";"1,0";"3,67";"3,6";"35";"1,8";"1";"1,0";"1,0";"1,0";"3,0";"3,0";"5,0";"1,0";"3,0";"1,0";"1,0";"5";"4";"4";"4";"3";"4";"3";"3";"2";"3";"2";"4";"3";"2";"2";"1";"2";"1";"";"5";"1,4";"3";"4";"3";"2";"2";"3";"5";"4";"2";"3";"3";"3";"4";"3";"3";"";"";"";"";"";"";"";"";"";"Creative Business (CB)";"Vrouw";"21";"Den Haag";"1";"0";"Havo";"Bij mijn ouder(s)/verzorger(s)"
"3";"3";"4";"4";"1";"1";"3";"3,8";"5,0";"1,4";"";"4";"5";"1";"4";"2";"2";"2";"5";"5";"4";"3,8";"4,2";"2,33";"2,33";"2,33";"2,33";"2,33";"5,0";"2,33";"3,67";"3,96";"35";"1,0";"1";"1,0";"1,0";"1,0";"3,0";"1,0";"3,0";"1,0";"1,0";"1,0";"1,0";"4";"5";"2";"4";"4";"3";"3";"3";"2";"1";"2";"4";"1";"2";"3";"1";"1";"1";"1";"1";"3,88";"1";"1";"4";"3";"3";"3";"5";"3";"4";"2";"4";"5";"4";"2";"5";"2";"2";"3";"1";"3";"3";"2";"3";"3";"Techniek, Ontwerpen en Informatica (TOI)";"Vrouw";"28";"Amsterdam";"2";"0";"Mbo";"Met mijn partner / een relatie"
"4";"4";"4";"3";"1";"2";"2";"4,6";"3,4";"4,2";"1";"3";"1";"2";"5";"3";"1";"2";"5";"4";"4";"4,2";"3,8";"2,33";"2,33";"1,0";"1,0";"1,0";"2,33";"1,0";"2,33";"4,64";"35";"1,0";"0";"5,0";"1,0";"1,0";"3,0";"3,0";"5,0";"1,0";"1,0";"1,0";"1,0";"5";"4";"2";"4";"4";"4";"4";"2";"1";"2";"2";"5";"5";"4";"4";"3";"3";"2";"1";"3";"3,4";"1";"1";"2";"1";"3";"3";"5";"2";"1";"4";"2";"2";"2";"3";"2";"3";"3";"3";"3";"4";"4";"5";"2";"5";"Agri, Food and Life Sciences (AFL)";"Vrouw";"22";"Amsterdam";"2";"0";"Vwo";"Bij mijn ouder(s)/verzorger(s)"
"2";"4";"3";"2";"3";"4";"3";"2,6";"3,0";"4,2";"2";"4";"2";"1";"3";"2";"1";"3";"2";"3";"2";"3,8";"2,6";"2,33";"3,67";"3,67";"3,67";"2,33";"3,67";"2,33";"3,67";"4,04";"35";"2,6";"0";"1,0";"1,0";"1,0";"3,0";"3,0";"3,0";"1,0";"1,0";"1,0";"1,0";"3";"2";"3";"4";"4";"4";"4";"5";"4";"2";"3";"4";"4";"4";"4";"2";"2";"2";"1";"3";"3,0";"3";"5";"2";"2";"4";"5";"5";"2";"2";"2";"4";"3";"2";"3";"4";"3";"2";"4";"3";"3";"3";"5";"4";"4";"Agri, Food and Life Sciences (AFL)";"Vrouw";"20";"Amsterdam";"2";"0";"Vwo";"Bij mijn ouder(s)/verzorger(s)"
"3";"4";"4";"2";"1";"2";"3";"3,8";"3,8";"3,8";"2";"1";"3";"2";"4";"4";"3";"2";"3";"2";"3";"4,6";"3,4";"2,33";"2,33";"2,33";"2,33";"2,33";"2,33";"1,0";"1,0";"4,2";"35";"2,6";"0";"5,0";"1,0";"1,0";"3,0";"3,0";"5,0";"3,0";"1,0";"1,0";"1,0";"4";"4";"3";"4";"4";"4";"4";"4";"4";"4";"2";"4";"3";"4";"3";"2";"3";"4";"1";"4";"3,4";"2";"2";"3";"3";"3";"3";"4";"1";"3";"4";"3";"2";"4";"4";"2";"4";"4";"3";"3";"4";"4";"5";"5";"5";"Agri, Food and Life Sciences (AFL)";"Vrouw";"19";"Amsterdam";"2";"0";"Havo";"Bij mijn ouder(s)/verzorger(s)"
"4";"4";"4";"2";"2";"3";"2";"3,8";"1,8";"3,8";"3";"4";"";"1";"";"";"1";"1";"";"3";"4";"3,8";"3,8";"1,0";"2,33";"2,33";"2,33";"1,0";"2,33";"2,33";"2,33";"4,44";"35";"1,0";"0";"1,0";"1,0";"1,0";"3,0";"3,0";"3,0";"1,0";"1,0";"1,0";"1,0";"3";"5";"2";"5";"5";"4";"5";"4";"4";"4";"3";"5";"4";"4";"2";"1";"1";"3";"1";"3";"1,96";"";"";"";"";"";"";"";"";"";"";"";"";"";"";"";"";"";"";"";"";"";"";"";"";"Agri, Food and Life Sciences (AFL)";"Vrouw";"21";"Amsterdam";"2";"0";"Havo";"Bij mijn ouder(s)/verzorger(s)"
"4";"4";"4";"4";"4";"3";"4";"3,8";"4,2";"3,0";"4";"3";"2";"1";"4";"4";"4";"4";"4";"4";"3";"3,0";"4,2";"2,33";"3,67";"3,67";"3,67";"2,33";"3,67";"2,33";"3,67";"3,84";"35";"1,8";"1";"1,0";"1,0";"3,0";"3,0";"3,0";"5,0";"5,0";"3,0";"3,0";"1,0";"4";"4";"3";"4";"4";"4";"4";"2";"3";"3";"4";"5";"4";"4";"4";"5";"4";"2";"1";"4";"2,6";"";"";"";"";"";"";"";"";"";"";"";"";"";"";"";"";"";"";"";"";"";"";"";"";"Techniek, Ontwerpen en Informatica (TOI)";"Man";"20";"Alkmaar";"2";"0";"Mbo";"Bij mijn ouder(s)/verzorger(s)"
"3";"4";"2";"3";"2";"3";"3";"3,4";"3,4";"3,8";"";"3";"";"";"3";"3";"4";"2";"2";"1";"4";"4,2";"3,4";"1,0";"2,33";"1,0";"2,33";"1,0";"2,33";"1,0";"2,33";"3,8";"35";"1,0";"0";"3,0";"1,0";"1,0";"3,0";"1,0";"5,0";"1,0";"1,0";"1,0";"1,0";"4";"3";"3";"4";"3";"3";"3";"3";"3";"1";"2";"5";"2";"3";"2";"1";"1";"1";"1";"3";"2,2";"";"";"";"";"";"";"";"";"";"";"";"";"";"";"";"";"";"";"";"";"";"";"";"";"Onderwijs en Innovatie (ONI)";"Vrouw";"20";"Alkmaar";"2";"0";"Havo";"Bij mijn ouder(s)/verzorger(s)"
"3";"4";"4";"4";"2";"2";"2";"4,2";"3,8";"3,8";"2";"2";"2";"2";"3";"3";"4";"2";"2";"1";"5";"4,2";"3,8";"1,0";"1,0";"2,33";"2,33";"1,0";"2,33";"1,0";"2,33";"4,0";"35";"2,6";"1";"3,0";"1,0";"3,0";"3,0";"5,0";"5,0";"1,0";"1,0";"1,0";"1,0";"4";"4";"3";"4";"4";"4";"4";"3";"4";"4";"3";"5";"3";"4";"4";"5";"4";"2";"1";"2";"1,4";"";"";"";"";"";"";"";"";"";"";"";"";"";"";"";"";"";"";"";"";"";"";"";"";"Techniek, Ontwerpen en Informatica (TOI)";"Man";"19";"Alkmaar";"2";"0";"Havo";"Bij mijn ouder(s)/verzorger(s)"
"3";"4";"4";"4";"3";"2";"5";"5,0";"4,2";"3,4";"3";"4";"3";"5";"4";"5";"2";"5";"4";"5";"3";"2,6";"3,8";"3,67";"5,0";"3,67";"2,33";"3,67";"3,67";"3,67";"5,0";"3,8";"35";"1,0";"0";"3,0";"1,0";"5,0";"3,0";"1,0";"5,0";"1,0";"1,0";"1,0";"1,0";"5";"4";"4";"4";"4";"2";"4";"2";"2";"4";"2";"5";"3";"4";"2";"2";"5";"4";"1";"2";"1,8";"4";"3";"2";"3";"4";"3";"5";"3";"4";"2";"4";"3";"5";"2";"4";"4";"5";"2";"4";"3";"2";"4";"4";"3";"Creative Business (CB)";"Vrouw";"20";"Haarlem";"2";"0";"Havo";"Bij mijn ouder(s)/verzorger(s)"
"2";"4";"3";"4";"2";"3";"5";"3,4";"3,0";"3,8";"3";"5";"";"5";"5";"4";"3";"2";"3";"3";"3";"3,8";"3,4";"2,33";"3,67";"5,0";"2,33";"1,0";"3,67";"2,33";"3,67";"3,88";"35";"1,0";"0";"1,0";"1,0";"1,0";"3,0";"1,0";"3,0";"1,0";"1,0";"1,0";"1,0";"3";"3";"3";"3";"3";"3";"3";"4";"4";"3";"2";"5";"2";"2";"2";"2";"1";"1";"1";"3";"2,04";"2";"3";"3";"3";"4";"3";"4";"3";"2";"3";"4";"3";"5";"3";"4";"4";"4";"3";"4";"4";"4";"4";"3";"2";"Gezondheid, Sport en Welzijn (GSW)";"Vrouw";"18";"Haarlem";"2";"0";"Havo";"Bij mijn ouder(s)/verzorger(s)"
"3";"4";"4";"3";"2";"3";"3";"3,8";"3,8";"4,2";"2";"3";"1";"3";"3";"3";"4";"3";"3";"4";"4";"4,2";"3,4";"3,67";"2,33";"2,33";"2,33";"2,33";"2,33";"2,33";"2,33";"3,48";"35";"1,0";"0";"1,0";"1,0";"3,0";"3,0";"3,0";"3,0";"1,0";"1,0";"3,0";"1,0";"4";"4";"3";"4";"3";"4";"4";"2";"3";"3";"2";"5";"3";"3";"3";"3";"3";"1";"1";"2";"2,2";"";"";"";"";"";"";"";"";"";"";"";"";"";"";"";"";"";"";"";"";"";"";"";"";"Gezondheid, Sport en Welzijn (GSW)";"Vrouw";"20";"Haarlem";"2";"0";"Havo";"Bij mijn ouder(s)/verzorger(s)"
"3";"3";"3";"2";"1";"2";"3";"3,8";"3,0";"3,8";"";"";"";"2";"3";"2";"";"";"";"";"4";"3,0";"3,8";"2,33";"2,33";"2,33";"2,33";"2,33";"2,33";"2,33";"2,33";"3,72";"35";"1,0";"0";"1,0";"1,0";"3,0";"3,0";"3,0";"1,0";"1,0";"1,0";"1,0";"1,0";"3";"5";"2";"5";"4";"5";"5";"4";"3";"3";"3";"5";"2";"3";"1";"1";"1";"1";"1";"3";"1,64";"";"";"";"";"";"";"";"";"";"";"";"";"";"";"";"";"";"";"";"";"";"";"";"";"Gezondheid, Sport en Welzijn (GSW)";"Vrouw";"21";"Haarlem";"2";"0";"Anders, namelijk (vul in):";"Bij mijn ouder(s)/verzorger(s)"
"3";"4";"3";"2";"2";"3";"2";"3,8";"3,0";"4,2";"3";"3";"3";"4";"4";"3";"4";"2";"4";"4";"4";"3,8";"4,2";"2,33";"2,33";"1,0";"2,33";"1,0";"2,33";"2,33";"2,33";"3,96";"35";"1,0";"0";"1,0";"1,0";"1,0";"3,0";"1,0";"3,0";"3,0";"1,0";"1,0";"1,0";"4";"3";"3";"4";"4";"4";"4";"3";"4";"3";"2";"5";"2";"3";"2";"3";"2";"5";"1";"4";"2,36";"3";"3";"3";"3";"3";"3";"3";"3";"3";"";"";"";"";"";"";"";"";"";"";"";"";"";"";"";"Gezondheid, Sport en Welzijn (GSW)";"Vrouw";"18";"Haarlem";"2";"0";"Havo";"Bij mijn ouder(s)/verzorger(s)"
"2";"4";"3";"4";"3";"4";"3";"2,2";"4,2";"3,4";"3";"3";"2";"4";"4";"5";"";"3";"4";"2";"4";"3,8";"3,4";"2,33";"5,0";"5,0";"1,0";"2,33";"2,33";"2,33";"5,0";"3,56";"35";"4,2";"1";"5,0";"1,0";"1,0";"3,0";"1,0";"5,0";"1,0";"1,0";"1,0";"1,0";"3";"4";"3";"4";"4";"4";"4";"3";"3";"3";"4";"4";"4";"4";"1";"1";"1";"1";"1";"2";"3,0";"";"";"";"";"";"";"";"";"";"";"";"";"";"";"";"";"";"";"";"";"";"";"";"";"Onderwijs en Innovatie (ONI)";"Vrouw";"22";"Rotterdam";"2";"0";"Mbo";"Met mijn partner / een relatie"
"2";"3";"3";"3";"3";"4";"4";"3,4";"2,6";"3,0";"5";"4";"3";"5";"5";"3";"2";"3";"3";"2";"3";"2,6";"3,4";"3,67";"5,0";"2,33";"5,0";"2,33";"5,0";"2,33";"2,33";"4,12";"35";"1,0";"0";"5,0";"1,0";"1,0";"3,0";"1,0";"3,0";"1,0";"1,0";"1,0";"1,0";"4";"4";"2";"5";"3";"3";"3";"3";"2";"2";"1";"4";"3";"3";"1";"1";"1";"1";"1";"1";"1,56";"2";"3";"3";"4";"5";"4";"4";"3";"1";"3";"4";"3";"4";"1";"4";"3";"3";"2";"3";"5";"3";"4";"3";"3";"Creative Business (CB)";"Man";"18";"Rotterdam";"2";"0";"Havo";"Bij mijn ouder(s)/verzorger(s)"
"3";"4";"3";"3";"2";"1";"2";"3,4";"3,4";"3,0";"5";"3";"4";"4";"2";"4";"3";"2";"4";"4";"4";"3,8";"5,0";"2,33";"3,67";"5,0";"3,67";"1,0";"2,33";"2,33";"3,67";"4,16";"35";"1,0";"0";"1,0";"1,0";"1,0";"3,0";"3,0";"3,0";"1,0";"1,0";"1,0";"1,0";"3";"4";"2";"4";"4";"4";"4";"4";"5";"3";"3";"4";"1";"4";"1";"2";"2";"2";"1";"5";"1,24";"";"";"";"";"";"";"";"";"";"";"";"";"";"";"";"";"";"";"";"";"";"";"";"";"Gezondheid, Sport en Welzijn (GSW)";"Vrouw";"18";"Den Haag";"2";"0";"Havo";"Bij mijn ouder(s)/verzorger(s)"
"3";"4";"4";"2";"2";"2";"2";"4,2";"2,6";"4,2";"2";"2";"2";"3";"3";"1";"1";"1";"2";"1";"5";"4,6";"3,8";"1,0";"1,0";"1,0";"1,0";"1,0";"1,0";"1,0";"2,33";"3,72";"35";"1,8";"0";"1,0";"1,0";"1,0";"3,0";"1,0";"1,0";"3,0";"1,0";"1,0";"1,0";"4";"4";"2";"4";"4";"4";"4";"4";"4";"4";"4";"4";"4";"4";"3";"3";"3";"1";"1";"3";"2,2";"2";"1";"3";"2";"2";"2";"3";"3";"2";"4";"2";"2";"2";"4";"2";"4";"3";"4";"4";"4";"4";"4";"4";"3";"Agri, Food and Life Sciences (AFL)";"Man";"19";"Delft";"2";"0";"Havo";"Bij mijn ouder(s)/verzorger(s)"
"2";"3";"1";"4";"4";"5";"3";"2,2";"3,4";"1,8";"5";"5";"3";"4";"3";"4";"";"5";"4";"5";"4";"3,8";"3,8";"3,67";"2,33";"1,0";"3,67";"3,67";"5,0";"3,67";"5,0";"4,0";"35";"1,8";"1";"3,0";"1,0";"1,0";"3,0";"3,0";"3,0";"5,0";"3,0";"3,0";"3,0";"3";"4";"2";"5";"2";"4";"3";"3";"2";"4";"3";"5";"2";"2";"4";"2";"2";"1";"0";"2";"2,2";"3";"2";"4";"4";"4";"4";"1";"4";"2";"2";"4";"3";"4";"4";"4";"3";"2";"4";"4";"2";"2";"1";"4";"2";"Business, Finance and Law (BFL)";"Vrouw";"23";"Haarlem";"3";"1";"Ik heb een buitenlandse vooropleiding afgerond (bv. A-levels)";"In een studentenhuis / met meerdere studenten samen"
"3";"4";"3";"4";"4";"4";"3";"3,8";"4,6";"3,8";"2";"3";"";"3";"4";"5";"";"1";"4";"";"4";"3,4";"4,2";"2,33";"2,33";"2,33";"2,33";"1,0";"2,33";"2,33";"1,0";"4,16";"35";"1,8";"0";"5,0";"1,0";"3,0";"3,0";"1,0";"5,0";"1,0";"1,0";"3,0";"3,0";"4";"4";"2";"4";"4";"3";"4";"4";"4";"4";"4";"5";"3";"3";"4";"5";"2";"1";"1";"1";"1,8";"4";"4";"3";"5";"3";"3";"5";"4";"2";"2";"4";"4";"4";"3";"3";"5";"2";"5";"4";"3";"3";"4";"3";"3";"Gezondheid, Sport en Welzijn (GSW)";"Vrouw";"25";"Haarlem";"3";"0";"Mbo";"Alleen"
"3";"4";"4";"3";"2";"2";"2";"3,8";"3,4";"4,2";"2";"3";"2";"3";"4";"4";"4";"4";"3";"2";"4";"3,8";"4,2";"3,67";"2,33";"2,33";"2,33";"1,0";"2,33";"2,33";"2,33";"3,8";"35";"2,6";"0";"1,0";"3,0";"1,0";"3,0";"3,0";"5,0";"1,0";"1,0";"1,0";"1,0";"4";"4";"3";"4";"4";"4";"4";"2";"4";"4";"4";"4";"4";"4";"4";"1";"1";"2";"1";"4";"1,8";"";"";"";"";"";"";"";"";"";"";"";"";"";"";"";"";"";"";"";"";"";"";"";"";"Gezondheid, Sport en Welzijn (GSW)";"Vrouw";"22";"Haarlem";"3";"0";"Mbo";"Bij mijn ouder(s)/verzorger(s)"
"2";"2";"1";"5";"5";"5";"5";"1,0";"5,0";"1,0";"5";"5";"5";"5";"5";"5";"";"5";"5";"5";"4";"3,8";"3,8";"5,0";"5,0";"5,0";"3,67";"5,0";"3,67";"1,0";"3,67";"3,84";"35";"1,0";"1";"5,0";"5,0";"5,0";"3,0";"1,0";"5,0";"3,0";"3,0";"3,0";"3,0";"4";"5";"3";"5";"2";"1";"3";"3";"3";"3";"3";"3";"3";"3";"3";"3";"3";"3";"1";"2";"3,4";"3";"3";"3";"3";"3";"3";"3";"3";"3";"3";"3";"3";"3";"3";"3";"3";"3";"3";"3";"3";"3";"3";"3";"3";"Business, Finance and Law (BFL)";"Man";"21";"Rotterdam";"3";"0";"Mbo";"Bij mijn ouder(s)/verzorger(s)"
"1";"1";"4";"4";"3";"3";"3";"2,2";"4,2";"2,6";"4";"3";"1";"4";"5";"3";"3";"4";"5";"5";"4";"2,2";"3,0";"2,33";"3,67";"3,67";"3,67";"2,33";"3,67";"2,33";"2,33";"3,8";"35";"1,0";"0";"1,0";"1,0";"1,0";"3,0";"3,0";"3,0";"3,0";"3,0";"5,0";"3,0";"4";"4";"2";"3";"1";"1";"3";"1";"1";"3";"1";"2";"3";"2";"1";"1";"2";"1";"1";"4";"1,8";"";"";"";"";"";"";"";"";"";"";"";"";"";"";"";"";"";"";"";"";"";"";"";"";"Techniek, Ontwerpen en Informatica (TOI)";"Man";"25";"Delft";"4";"0";"Mbo";"Anders"
"1";"2";"1";"4";"2";"4";"4";"2,2";"3,4";"1,4";"";"4";"";"5";"4";"4";"";"5";"3";"";"4";"3,0";"3,8";"2,33";"2,33";"1,0";"3,67";"2,33";"3,67";"2,33";"3,67";"3,8";"35";"1,0";"1";"1,0";"1,0";"5,0";"3,0";"1,0";"5,0";"1,0";"1,0";"3,0";"1,0";"3";"5";"3";"5";"1";"1";"1";"1";"1";"1";"1";"5";"2";"3";"1";"1";"1";"1";"1";"2";"1,64";"4";"3";"4";"4";"3";"1";"4";"2";"1";"3";"2";"2";"2";"2";"4";"3";"1";"4";"2";"3";"3";"4";"1";"1";"Techniek, Ontwerpen en Informatica (TOI)";"Man";"22";"Alkmaar";"5 of hoger";"0";"Havo";"Bij mijn ouder(s)/verzorger(s)"
"2";"4";"3";"2";"2";"3";"5";"4,2";"1,4";"4,2";"4";"3";"1";"3";"4";"3";"1";"1";"3";"1";"2";"4,2";"4,6";"1,0";"2,33";"2,33";"2,33";"1,0";"2,33";"1,0";"2,33";"3,76";"35";"2,6";"1";"1,0";"1,0";"1,0";"5,0";"5,0";"5,0";"5,0";"5,0";"5,0";"5,0";"3";"4";"2";"4";"4";"4";"4";"4";"4";"4";"4";"4";"4";"4";"4";"4";"4";"3";"";"1";"2,84";"";"";"";"";"";"";"";"";"";"";"";"";"";"";"";"";"";"";"";"";"";"";"";"";"Techniek, Ontwerpen en Informatica (TOI)";"Man";"18";"Haarlem";"1";"1";"Ik heb een buitenlandse vooropleiding afgerond (bv. A-levels)";"Alleen"
"2";"4";"4";"3";"4";"3";"2";"4,2";"3,8";"3,4";"3";"4";"3";"3";"4";"4";"4";"2";"5";"5";"4";"3,8";"4,2";"2,33";"3,67";"3,67";"2,33";"2,33";"3,67";"2,33";"2,33";"3,56";"35";"1,0";"0";"3,0";"1,0";"1,0";"5,0";"3,0";"3,0";"3,0";"3,0";"3,0";"3,0";"4";"4";"3";"5";"4";"4";"5";"4";"5";"3";"4";"4";"5";"5";"4";"4";"4";"3";"1";"4";"1,72";"";"";"";"";"";"";"";"";"";"";"";"";"";"";"";"";"";"";"";"";"";"";"";"";"Techniek, Ontwerpen en Informatica (TOI)";"Man";"20";"Delft";"1";"0";"Mbo";"Bij mijn ouder(s)/verzorger(s)"
"3";"4";"3";"3";"3";"2";"3";"3,4";"3,8";"3,4";"4";"5";"5";"4";"5";"4";"3";"4";"5";"";"4";"3,8";"3,8";"1,0";"2,33";"2,33";"2,33";"2,33";"2,33";"1,0";"2,33";"3,88";"35";"3,4";"1";"1,0";"1,0";"1,0";"5,0";"3,0";"3,0";"1,0";"3,0";"1,0";"1,0";"4";"4";"3";"4";"3";"5";"4";"4";"4";"4";"2";"4";"1";"3";"3";"3";"4";"4";"";"4";"2,92";"";"";"";"";"";"";"";"";"";"";"";"";"";"";"";"";"";"";"";"";"";"";"";"";"Techniek, Ontwerpen en Informatica (TOI)";"Man";"20";"Haarlem";"2";"0";"Havo";"Bij mijn ouder(s)/verzorger(s)"
"3";"5";"4";"2";"2";"1";"2";"4,6";"3,4";"3,8";"4";"1";"2";"1";"2";"1";"1";"1";"2";"4";"4";"4,2";"4,6";"1,0";"2,33";"2,33";"2,33";"2,33";"1,0";"2,33";"2,33";"3,8";"35";"1,0";"0";"3,0";"1,0";"3,0";"5,0";"3,0";"3,0";"1,0";"1,0";"1,0";"1,0";"4";"5";"3";"5";"4";"4";"4";"4";"4";"3";"3";"5";"3";"4";"3";"1";"1";"1";"1";"3";"2,28";"2";"2";"1";"2";"2";"2";"2";"2";"3";"2";"3";"2";"3";"4";"3";"2";"2";"3";"2";"4";"4";"3";"3";"2";"Gezondheid, Sport en Welzijn (GSW)";"Vrouw";"27";"Amsterdam";"3";"0";"Ik heb een buitenlandse vooropleiding afgerond (bv. A-levels)";"Met mijn partner / een relatie"
"4";"3";"3";"4";"2";"4";"4";"3,4";"4,6";"3,8";"1";"2";"1";"2";"2";"5";"2";"2";"1";"3";"4";"4,2";"3,8";"2,33";"3,67";"2,33";"1,0";"2,33";"1,0";"2,33";"3,67";"4,0";"35";"5,0";"1";"3,0";"1,0";"1,0";"5,0";"3,0";"3,0";"1,0";"1,0";"1,0";"1,0";"4";"2";"4";"5";"2";"2";"2";"4";"4";"4";"2";"2";"3";"4";"3";"3";"1";"1";"1";"4";"2,68";"5";"2";"3";"4";"4";"2";"4";"4";"4";"4";"4";"3";"4";"2";"3";"4";"4";"2";"4";"4";"3";"4";"4";"4";"Onderwijs en Innovatie (ONI)";"Vrouw";"21";"Alkmaar";"3";"0";"Havo";"Bij mijn ouder(s)/verzorger(s)"
"2";"5";"4";"3";"2";"3";"4";"5,0";"4,6";"4,2";"4";"3";"4";"4";"4";"5";"1";"3";"3";"1";"3";"3,4";"4,2";"3,67";"2,33";"2,33";"2,33";"2,33";"2,33";"2,33";"2,33";"3,8";"35";"1,8";"0";"3,0";"3,0";"5,0";"5,0";"3,0";"5,0";"1,0";"1,0";"1,0";"1,0";"4";"4";"4";"5";"5";"4";"4";"4";"4";"3";"4";"4";"4";"5";"3";"3";"4";"4";"1";"4";"1,88";"";"";"";"";"";"";"";"";"";"";"";"";"";"";"";"";"";"";"";"";"";"";"";"";"Gezondheid, Sport en Welzijn (GSW)";"Vrouw";"26";"Alkmaar";"3";"0";"Mbo";"Met mijn partner / een relatie"
"3";"3";"4";"3";"2";"3";"3";"4,2";"3,8";"3,4";"2";"2";"1";"3";"3";"3";"4";"2";"2";"2";"3";"3,4";"4,2";"1,0";"2,33";"2,33";"2,33";"1,0";"2,33";"1,0";"2,33";"4,0";"34";"1,0";"0";"1,0";"1,0";"1,0";"1,0";"1,0";"1,0";"1,0";"1,0";"1,0";"1,0";"4";"5";"2";"4";"3";"5";"5";"5";"5";"5";"3";"3";"4";"4";"3";"2";"1";"1";"1";"2";"1,64";"";"";"";"";"";"";"";"";"";"";"";"";"";"";"";"";"";"";"";"";"";"";"";"";"Techniek, Ontwerpen en Informatica (TOI)";"Man";"22";"Alkmaar";"1";"0";"Mbo";"Bij mijn ouder(s)/verzorger(s)"
"4";"4";"3";"2";"3";"1";"2";"4,2";"3,4";"4,6";"2";"3";"2";"1";"4";"2";"3";"1";"4";"1";"3";"2,6";"4,2";"1,0";"2,33";"2,33";"3,67";"3,67";"5,0";"2,33";"2,33";"4,24";"34";"1,0";"0";"3,0";"1,0";"3,0";"1,0";"5,0";"1,0";"3,0";"1,0";"1,0";"1,0";"4";"4";"2";"3";"3";"2";"3";"2";"3";"2";"3";"5";"3";"4";"3";"3";"3";"3";"1";"4";"4,28";"";"";"";"";"";"";"";"";"";"";"";"";"";"";"";"";"";"";"";"";"";"";"";"";"Creative Business (CB)";"Man";"20";"Haarlem";"1";"1";"Mbo";"Alleen"
"3";"4";"3";"3";"4";"2";"3";"3,8";"4,2";"4,2";"4";"4";"3";"4";"5";"5";"4";"2";"4";"2";"3";"3,0";"3,8";"5,0";"5,0";"3,67";"5,0";"3,67";"5,0";"3,67";"3,67";"4,12";"34";"2,6";"0";"1,0";"1,0";"5,0";"1,0";"1,0";"3,0";"1,0";"3,0";"1,0";"1,0";"4";"5";"3";"4";"4";"3";"4";"4";"4";"3";"2";"5";"2";"3";"2";"1";"3";"2";"1";"4";"2,28";"3";"4";"2";"3";"3";"3";"4";"3";"2";"3";"4";"4";"5";"2";"4";"4";"2";"2";"4";"4";"3";"5";"5";"4";"Gezondheid, Sport en Welzijn (GSW)";"Vrouw";"17";"Rotterdam";"1";"0";"Havo";"Bij mijn ouder(s)/verzorger(s)"
"1";"2";"2";"2";"2";"3";"4";"4,2";"1,0";"2,2";"1";"1";"1";"1";"1";"1";"1";"1";"1";"1";"4";"3,8";"3,8";"1,0";"1,0";"1,0";"3,67";"1,0";"3,67";"1,0";"2,33";"3,68";"34";"1,0";"1";"1,0";"1,0";"1,0";"1,0";"3,0";"1,0";"1,0";"1,0";"1,0";"1,0";"2";"4";"3";"4";"3";"4";"4";"1";"3";"3";"3";"4";"3";"3";"3";"1";"1";"1";"1";"3";"2,44";"2";"2";"3";"2";"3";"2";"2";"2";"2";"4";"1";"1";"1";"5";"5";"4";"4";"4";"3";"4";"4";"4";"4";"3";"Techniek, Ontwerpen en Informatica (TOI)";"Man";"27";"Amsterdam";"2";"0";"Mbo";"Bij mijn ouder(s)/verzorger(s)"
"3";"4";"3";"3";"2";"1";"2";"3,8";"3,0";"3,4";"2";"4";"2";"2";"1";"3";"5";"3";"1";"4";"2";"3,4";"4,2";"2,33";"3,67";"1,0";"3,67";"1,0";"1,0";"2,33";"5,0";"3,6";"34";"1,0";"0";"1,0";"1,0";"1,0";"1,0";"3,0";"5,0";"1,0";"1,0";"1,0";"1,0";"4";"4";"3";"4";"5";"5";"3";"2";"2";"3";"4";"5";"3";"5";"3";"2";"2";"4";"1";"4";"1,8";"3";"4";"2";"1";"5";"1";"4";"1";"2";"4";"4";"2";"3";"4";"2";"4";"4";"5";"5";"5";"5";"4";"3";"2";"Onderwijs en Innovatie (ONI)";"Man";"22";"Haarlem";"2";"0";"Mbo";"Bij mijn ouder(s)/verzorger(s)"
"3";"4";"4";"3";"3";"2";"3";"3,8";"3,4";"3,4";"3";"3";"3";"4";"5";"4";"3";"3";"3";"3";"3";"3,0";"3,0";"2,33";"2,33";"2,33";"3,67";"2,33";"3,67";"2,33";"2,33";"3,8";"34";"2,6";"0";"3,0";"3,0";"3,0";"3,0";"3,0";"3,0";"3,0";"3,0";"3,0";"3,0";"4";"3";"3";"3";"3";"3";"3";"3";"3";"3";"3";"3";"3";"3";"3";"3";"3";"3";"1";"4";"2,2";"";"";"";"";"";"";"";"";"";"";"";"";"";"";"";"";"";"";"";"";"";"";"";"";"Agri, Food and Life Sciences (AFL)";"Man";"19";"Amsterdam";"1";"0";"Havo";"Bij mijn ouder(s)/verzorger(s)"
"3";"4";"4";"2";"2";"2";"2";"3,0";"3,4";"3,8";"4";"4";"3";"5";"5";"5";"4";"4";"3";"3";"4";"3,4";"4,2";"3,67";"2,33";"5,0";"2,33";"1,0";"2,33";"5,0";"2,33";"3,64";"34";"1,0";"0";"5,0";"1,0";"3,0";"3,0";"3,0";"3,0";"1,0";"1,0";"5,0";"1,0";"3";"3";"3";"4";"5";"5";"4";"3";"4";"4";"3";"3";"3";"3";"3";"2";"1";"2";"";"5";"1,88";"4";"2";"3";"4";"4";"3";"4";"4";"3";"3";"4";"5";"5";"3";"5";"4";"3";"4";"4";"4";"4";"3";"3";"2";"Gezondheid, Sport en Welzijn (GSW)";"Vrouw";"21";"Haarlem";"1";"0";"Mbo";"Anders"
"3";"3";"2";"3";"2";"4";"3";"3,4";"3,8";"3,4";"4";"4";"4";"2";"3";"3";"1";"3";"3";"2";"3";"3,8";"3,8";"1,0";"3,67";"3,67";"3,67";"1,0";"3,67";"1,0";"3,67";"3,84";"34";"1,0";"0";"1,0";"1,0";"1,0";"3,0";"3,0";"3,0";"3,0";"1,0";"1,0";"1,0";"3";"5";"3";"4";"4";"4";"4";"3";"3";"4";"3";"5";"1";"4";"3";"1";"1";"2";"";"3";"";"3";"3";"4";"2";"2";"1";"5";"3";"1";"4";"2";"5";"5";"3";"3";"5";"3";"3";"3";"3";"4";"5";"2";"2";"Gezondheid, Sport en Welzijn (GSW)";"Vrouw";"18";"Haarlem";"1";"0";"Havo";"Bij mijn ouder(s)/verzorger(s)"
"3";"4";"3";"3";"3";"4";"3";"3,8";"3,4";"3,8";"2";"4";"2";"3";"5";"3";"2";"3";"5";"2";"5";"3,8";"4,6";"2,33";"3,67";"2,33";"2,33";"1,0";"2,33";"1,0";"2,33";"3,68";"34";"2,6";"0";"1,0";"1,0";"3,0";"3,0";"3,0";"5,0";"1,0";"3,0";"1,0";"1,0";"4";"4";"3";"3";"4";"5";"5";"3";"3";"4";"4";"4";"3";"4";"3";"3";"2";"2";"1";"2";"2,2";"";"";"";"";"";"";"";"";"";"";"";"";"";"";"";"";"";"";"";"";"";"";"";"";"Gezondheid, Sport en Welzijn (GSW)";"Man";"21";"Haarlem";"1";"0";"Havo";"Bij mijn ouder(s)/verzorger(s)"
"3";"4";"3";"2";"2";"2";"2";"3,8";"3,4";"3,8";"4";"3";"4";"4";"4";"4";"3";"4";"4";"3";"4";"3,8";"3,8";"2,33";"2,33";"2,33";"2,33";"1,0";"3,67";"2,33";"2,33";"4,0";"34";"1,0";"0";"1,0";"1,0";"1,0";"3,0";"1,0";"5,0";"3,0";"1,0";"1,0";"1,0";"4";"4";"2";"4";"4";"4";"4";"3";"4";"4";"3";"4";"3";"3";"3";"1";"1";"2";"1";"4";"1,64";"";"";"";"";"";"";"";"";"";"";"";"";"";"";"";"";"";"";"";"";"";"";"";"";"Gezondheid, Sport en Welzijn (GSW)";"Vrouw";"18";"Haarlem";"1";"0";"Havo";"Bij mijn ouder(s)/verzorger(s)"
"2";"3";"3";"3";"3";"4";"2";"3,8";"2,2";"3,0";"2";"3";"3";"2";"3";"3";"1";"1";"3";"1";"4";"3,0";"3,8";"2,33";"5,0";"2,33";"3,67";"2,33";"3,67";"2,33";"3,67";"4,12";"34";"1,0";"0";"1,0";"1,0";"1,0";"3,0";"1,0";"3,0";"1,0";"1,0";"1,0";"1,0";"3";"4";"3";"4";"3";"5";"4";"4";"4";"4";"4";"4";"3";"3";"2";"1";"1";"1";"1";"3";"2,28";"2";"1";"3";"2";"4";"3";"3";"2";"1";"2";"2";"3";"3";"2";"3";"4";"3";"4";"3";"4";"3";"4";"3";"4";"Onderwijs en Innovatie (ONI)";"Vrouw";"23";"Den Haag";"1";"0";"Vwo";"Bij mijn ouder(s)/verzorger(s)"
"3";"4";"3";"4";"3";"3";"3";"3,8";"3,4";"3,8";"4";"3";"3";"3";"3";"3";"5";"3";"3";"5";"3";"3,0";"3,4";"2,33";"3,67";"3,67";"3,67";"3,67";"2,33";"3,67";"2,33";"3,96";"34";"4,2";"0";"3,0";"3,0";"3,0";"3,0";"3,0";"3,0";"1,0";"1,0";"1,0";"1,0";"4";"3";"3";"4";"4";"3";"4";"3";"3";"3";"3";"4";"3";"3";"3";"4";"3";"3";"1";"1";"3,0";"4";"3";"4";"4";"4";"4";"4";"4";"4";"2";"3";"3";"4";"3";"3";"3";"3";"3";"3";"4";"3";"4";"4";"3";"Agri, Food and Life Sciences (AFL)";"Man";"27";"Delft";"1";"1";"Mbo";"Alleen"
"2";"3";"2";"2";"1";"1";"3";"4,6";"3,0";"3,8";"2";"1";"2";"1";"3";"2";"1";"1";"1";"2";"2";"4,6";"4,2";"1,0";"1,0";"1,0";"2,33";"1,0";"2,33";"1,0";"1,0";"4,2";"34";"1,0";"0";"3,0";"1,0";"1,0";"3,0";"1,0";"3,0";"5,0";"1,0";"1,0";"1,0";"4";"4";"1";"4";"4";"4";"2";"2";"3";"3";"3";"5";"3";"4";"2";"1";"5";"2";"1";"5";"1,0";"";"";"";"";"";"";"";"";"";"";"";"";"";"";"";"";"";"";"";"";"";"";"";"";"Techniek, Ontwerpen en Informatica (TOI)";"Vrouw";"20";"Amsterdam";"2";"1";"Havo";"Alleen"
"3";"4";"3";"3";"3";"2";"1";"1,8";"3,4";"3,8";"5";"2";"3";"3";"3";"4";"4";"3";"2";"";"3";"3,0";"4,2";"2,33";"2,33";"2,33";"2,33";"2,33";"2,33";"2,33";"3,67";"3,68";"34";"2,6";"0";"3,0";"1,0";"1,0";"3,0";"3,0";"3,0";"3,0";"3,0";"3,0";"3,0";"2";"2";"2";"2";"4";"4";"3";"4";"4";"4";"2";"3";"2";"3";"1";"1";"1";"2";"1";"3";"2,2";"3";"3";"4";"4";"4";"2";"2";"3";"1";"4";"2";"2";"2";"4";"2";"3";"4";"2";"3";"4";"3";"3";"3";"3";"Techniek, Ontwerpen en Informatica (TOI)";"Man";"20";"Alkmaar";"2";"0";"Havo";"Bij mijn ouder(s)/verzorger(s)"
"4";"4";"5";"2";"1";"1";"2";"4,6";"2,2";"5,0";"3";"3";"2";"4";"4";"3";"2";"2";"2";"3";"4";"3,8";"4,6";"1,0";"1,0";"2,33";"2,33";"1,0";"1,0";"1,0";"2,33";"3,4";"34";"2,6";"0";"1,0";"1,0";"1,0";"3,0";"3,0";"3,0";"1,0";"1,0";"1,0";"1,0";"4";"4";"2";"5";"5";"5";"5";"5";"5";"5";"3";"5";"4";"4";"3";"2";"2";"1";"1";"3";"1,8";"3";"2";"1";"4";"4";"2";"4";"4";"5";"4";"3";"2";"2";"3";"2";"5";"2";"4";"5";"5";"5";"5";"4";"5";"Techniek, Ontwerpen en Informatica (TOI)";"Man";"21";"Haarlem";"2";"0";"Mbo";"Bij mijn ouder(s)/verzorger(s)"
"3";"4";"4";"2";"5";"3";"2";"4,2";"3,0";"4,2";"";"";"2";"";"3";"2";"3";"2";"3";"5";"4";"4,2";"4,2";"1,0";"2,33";"1,0";"2,33";"1,0";"1,0";"1,0";"2,33";"3,92";"34";"2,6";"0";"3,0";"1,0";"1,0";"3,0";"1,0";"3,0";"5,0";"1,0";"3,0";"1,0";"3";"5";"3";"5";"5";"5";"4";"5";"4";"4";"5";"5";"4";"4";"4";"3";"4";"3";"1";"4";"1,96";"3";"3";"2";"4";"4";"3";"4";"3";"3";"4";"3";"2";"3";"3";"2";"4";"3";"4";"4";"4";"4";"4";"4";"3";"Techniek, Ontwerpen en Informatica (TOI)";"Vrouw";"24";"Haarlem";"2";"0";"Mbo";"Bij mijn ouder(s)/verzorger(s)"
"3";"3";"3";"2";"1";"1";"3";"3,4";"2,6";"3,0";"4";"4";"4";"3";"5";"3";"2";"2";"4";"5";"5";"4,2";"3,8";"1,0";"1,0";"1,0";"2,33";"1,0";"1,0";"1,0";"3,67";"3,68";"34";"2,6";"1";"1,0";"1,0";"1,0";"3,0";"3,0";"5,0";"1,0";"1,0";"1,0";"1,0";"3";"3";"3";"5";"4";"4";"3";"4";"3";"3";"3";"5";"2";"4";"3";"1";"3";"1";"";"3";"2,2";"";"";"";"";"";"";"";"";"";"";"";"";"";"";"";"";"";"";"";"";"";"";"";"";"Agri, Food and Life Sciences (AFL)";"Man";"19";"Delft";"2";"0";"Vwo";"Bij mijn ouder(s)/verzorger(s)"
"2";"3";"3";"4";"3";"4";"3";"3,4";"3,4";"3,8";"3";"4";"4";"5";"5";"3";"3";"4";"5";"4";"3";"3,8";"3,4";"2,33";"3,67";"2,33";"3,67";"1,0";"3,67";"2,33";"3,67";"3,8";"34";"1,0";"0";"3,0";"1,0";"1,0";"3,0";"1,0";"5,0";"1,0";"1,0";"1,0";"1,0";"3";"4";"4";"3";"4";"4";"3";"3";"4";"4";"3";"5";"3";"4";"3";"3";"1";"1";"1";"3";"2,04";"4";"3";"3";"3";"4";"3";"4";"3";"2";"2";"4";"4";"4";"3";"3";"4";"3";"4";"4";"4";"4";"4";"4";"4";"Techniek, Ontwerpen en Informatica (TOI)";"Vrouw";"19";"Alkmaar";"3";"0";"Havo";"Bij mijn ouder(s)/verzorger(s)"
"3";"3";"4";"5";"5";"5";"4";"1,4";"4,6";"2,6";"";"5";"";"5";"";"";"4";"4";"";"5";"2";"2,6";"2,6";"5,0";"3,67";"3,67";"3,67";"2,33";"3,67";"2,33";"2,33";"3,76";"34";"1,8";"1";"5,0";"5,0";"5,0";"5,0";"3,0";"1,0";"1,0";"1,0";"1,0";"1,0";"5";"5";"2";"3";"3";"3";"3";"3";"3";"3";"2";"4";"1";"2";"3";"3";"3";"2";"";"1";"2,2";"";"";"";"";"";"";"";"";"";"";"";"";"";"";"";"";"";"";"";"";"";"";"";"";"Techniek, Ontwerpen en Informatica (TOI)";"Vrouw";"22";"Haarlem";"1";"1";"Mbo";"Anders"
"3";"4";"2";"3";"3";"3";"2";"2,6";"2,2";"3,8";"2";"3";"1";"2";"5";"4";"1";"4";"5";"4";"4";"3,8";"3,4";"2,33";"3,67";"5,0";"2,33";"2,33";"1,0";"2,33";"3,67";"3,64";"34";"2,6";"1";"5,0";"1,0";"3,0";"5,0";"1,0";"5,0";"3,0";"1,0";"1,0";"1,0";"2";"5";"4";"5";"4";"5";"5";"3";"3";"4";"2";"3";"2";"3";"2";"1";"3";"3";"1";"3";"1,64";"4";"1";"3";"2";"3";"1";"3";"2";"3";"4";"2";"2";"2";"4";"3";"4";"3";"3";"3";"4";"3";"3";"2";"2";"Techniek, Ontwerpen en Informatica (TOI)";"Vrouw";"19";"Delft";"2";"0";"Havo";"Bij mijn ouder(s)/verzorger(s)"
"2";"3";"3";"4";"3";"4";"4";"3,0";"3,8";"3,0";"4";"5";"4";"4";"5";"4";"4";"3";"4";"2";"5";"3,0";"4,2";"2,33";"5,0";"5,0";"2,33";"1,0";"2,33";"2,33";"5,0";"3,8";"34";"4,2";"0";"5,0";"5,0";"3,0";"5,0";"1,0";"5,0";"1,0";"1,0";"1,0";"3,0";"4";"4";"4";"5";"3";"3";"3";"2";"3";"3";"1";"4";"2";"2";"3";"3";"3";"3";"1";"1";"3,0";"5";"2";"4";"3";"2";"2";"5";"5";"5";"2";"4";"4";"3";"2";"4";"4";"3";"4";"2";"2";"2";"3";"2";"2";"Onderwijs en Innovatie (ONI)";"Vrouw";"21";"Alkmaar";"4";"0";"Havo";"Anders"
"2";"3";"3";"4";"4";"4";"4";"3,8";"2,6";"3,4";"2";"3";"2";"4";"4";"5";"4";"2";"5";"4";"4";"4,2";"3,8";"2,33";"3,67";"2,33";"2,33";"1,0";"2,33";"1,0";"2,33";"3,48";"33";"1,0";"1";"5,0";"1,0";"1,0";"1,0";"1,0";"3,0";"1,0";"1,0";"1,0";"1,0";"4";"4";"2";"4";"3";"3";"4";"2";"4";"4";"2";"5";"3";"3";"2";"1";"3";"5";"";"3";"1,8";"4";"2";"3";"2";"4";"3";"4";"4";"2";"4";"2";"2";"3";"4";"2";"4";"4";"5";"2";"5";"4";"4";"4";"3";"Business, Finance and Law (BFL)";"Man";"18";"Alkmaar";"1";"0";"Havo";"Bij mijn ouder(s)/verzorger(s)"
"3";"4";"3";"2";"2";"4";"4";"4,2";"3,4";"4,2";"2";"3";"3";"3";"5";"4";"5";"5";"3";"5";"4";"4,2";"3,8";"2,33";"2,33";"3,67";"3,67";"1,0";"2,33";"1,0";"3,67";"3,4";"33";"1,8";"1";"1,0";"1,0";"1,0";"1,0";"3,0";"3,0";"3,0";"3,0";"3,0";"3,0";"2";"4";"4";"4";"3";"5";"2";"3";"2";"3";"1";"1";"1";"2";"3";"1";"1";"1";"1";"3";"1,4";"";"";"";"";"";"";"";"";"";"";"";"";"";"";"";"";"";"";"";"";"";"";"";"";"Gezondheid, Sport en Welzijn (GSW)";"Vrouw";"19";"Haarlem";"1";"0";"Havo";"Bij mijn ouder(s)/verzorger(s)"
"1";"2";"2";"5";"5";"5";"5";"1,4";"5,0";"1,0";"1";"1";"1";"1";"1";"1";"1";"1";"4";"5";"2";"3,4";"4,2";"1,0";"1,0";"1,0";"1,0";"1,0";"3,67";"1,0";"1,0";"4,2";"33";"1,8";"0";"1,0";"1,0";"1,0";"1,0";"1,0";"1,0";"1,0";"1,0";"1,0";"1,0";"1";"4";"5";"2";"1";"2";"3";"3";"4";"3";"1";"5";"2";"3";"1";"1";"1";"1";"1";"2";"";"1";"1";"4";"2";"2";"2";"5";"5";"5";"3";"3";"3";"3";"3";"3";"1";"2";"2";"3";"4";"3";"4";"4";"4";"Techniek, Ontwerpen en Informatica (TOI)";"Man";"22";"Haarlem";"3";"0";"Havo";"Bij mijn ouder(s)/verzorger(s)"
"2";"3";"4";"4";"5";"5";"5";"2,6";"4,2";"3,4";"2";"2";"1";"1";"3";"3";"4";"3";"3";"5";"3";"2,6";"3,4";"2,33";"3,67";"3,67";"2,33";"1,0";"3,67";"2,33";"2,33";"4,2";"33";"1,0";"0";"1,0";"1,0";"1,0";"1,0";"1,0";"1,0";"1,0";"1,0";"1,0";"1,0";"3";"4";"1";"2";"4";"4";"3";"3";"4";"4";"1";"4";"1";"2";"3";"3";"1";"1";"1";"1";"";"4";"1";"4";"3";"3";"5";"5";"2";"2";"2";"5";"5";"5";"3";"4";"2";"2";"4";"4";"2";"4";"5";"4";"5";"Techniek, Ontwerpen en Informatica (TOI)";"Man";"22";"Haarlem";"3";"0";"Havo";"Bij mijn ouder(s)/verzorger(s)"
"3";"4";"3";"3";"2";"3";"2";"4,6";"3,4";"3,8";"";"2";"2";"2";"2";"2";"2";"3";"2";"3";"4";"4,2";"4,2";"1,0";"2,33";"2,33";"2,33";"1,0";"2,33";"1,0";"1,0";"3,8";"33";"2,6";"0";"1,0";"1,0";"3,0";"1,0";"1,0";"3,0";"1,0";"1,0";"1,0";"1,0";"5";"4";"2";"4";"4";"4";"4";"4";"5";"3";"2";"5";"2";"3";"2";"1";"2";"2";"1";"5";"";"2";"2";"1";"2";"1";"3";"4";"4";"2";"4";"3";"3";"3";"4";"3";"4";"3";"3";"4";"4";"3";"4";"3";"3";"Verloskunde Academie";"Vrouw";"34";"Groningen (Verloskunde Academie)";"3";"0";"Mbo";"Met mijn partner / een relatie"
"1";"3";"4";"2";"2";"3";"2";"4,2";"2,6";"3,4";"3";"1";"1";"3";"3";"5";"2";"3";"1";"1";"3";"3,8";"4,2";"3,67";"1,0";"3,67";"2,33";"1,0";"2,33";"2,33";"2,33";"3,92";"33";"2,6";"1";"5,0";"1,0";"5,0";"3,0";"3,0";"3,0";"3,0";"3,0";"3,0";"3,0";"3";"5";"3";"5";"4";"4";"4";"2";"4";"4";"4";"4";"4";"5";"5";"3";"2";"4";"";"3";"1,96";"";"";"";"";"";"";"";"";"";"";"";"";"";"";"";"";"";"";"";"";"";"";"";"";"Gezondheid, Sport en Welzijn (GSW)";"Man";"19";"Alkmaar";"1";"0";"Havo";"Bij mijn ouder(s)/verzorger(s)"
"3";"3";"3";"2";"3";"3";"4";"3,4";"2,2";"3,8";"2";"";"1";"2";"";"3";"1";"2";"2";"4";"4";"4,6";"4,2";"1,0";"2,33";"2,33";"1,0";"2,33";"3,67";"1,0";"2,33";"4,48";"33";"1,0";"0";"1,0";"1,0";"1,0";"3,0";"3,0";"3,0";"3,0";"1,0";"1,0";"1,0";"4";"4";"2";"4";"4";"4";"4";"4";"5";"3";"3";"4";"3";"4";"1";"1";"1";"1";"1";"2";"1,96";"1";"3";"3";"3";"3";"3";"4";"1";"1";"3";"4";"4";"4";"2";"3";"3";"3";"5";"4";"4";"4";"4";"3";"3";"Techniek, Ontwerpen en Informatica (TOI)";"Man";"21";"Haarlem";"1";"0";"Vwo";"Bij mijn ouder(s)/verzorger(s)"
"4";"4";"4";"3";"1";"3";"3";"3,8";"3,4";"4,2";"3";"2";"2";"2";"3";"2";"2";"";"3";"3";"2";"3,8";"4,2";"2,33";"3,67";"3,67";"2,33";"1,0";"2,33";"1,0";"2,33";"3,8";"33";"1,0";"0";"1,0";"1,0";"1,0";"3,0";"3,0";"3,0";"1,0";"3,0";"1,0";"1,0";"3";"4";"4";"5";"3";"4";"3";"3";"4";"2";"4";"4";"4";"4";"4";"1";"3";"2";"1";"3";"2,28";"";"";"";"";"";"";"";"";"";"";"";"";"";"";"";"";"";"";"";"";"";"";"";"";"Creative Business (CB)";"Man";"25";"Haarlem";"1";"0";"Havo";"Alleen"
"2";"2";"3";"4";"2";"1";"3";"1,4";"1,8";"2,2";"2";"3";"2";"3";"4";"3";"3";"4";"2";"4";"4";"2,2";"3,8";"5,0";"3,67";"2,33";"2,33";"1,0";"2,33";"2,33";"1,0";"3,64";"33";"2,6";"1";"1,0";"1,0";"1,0";"3,0";"5,0";"3,0";"1,0";"1,0";"1,0";"1,0";"3";"4";"3";"4";"4";"5";"4";"4";"1";"4";"3";"5";"3";"4";"1";"1";"2";"3";"0";"4";"";"1";"1";"4";"2";"4";"5";"4";"3";"4";"5";"2";"3";"1";"4";"1";"2";"3";"4";"3";"4";"3";"3";"3";"3";"Techniek, Ontwerpen en Informatica (TOI)";"Man";"19";"Delft";"1";"0";"Vwo";"Bij mijn ouder(s)/verzorger(s)"
"3";"4";"4";"2";"4";"2";"3";"3,8";"4,2";"3,8";"3";"3";"3";"4";"5";"5";"3";"3";"4";"2";"4";"4,2";"4,6";"2,33";"2,33";"3,67";"2,33";"1,0";"2,33";"2,33";"2,33";"3,8";"33";"1,0";"0";"1,0";"1,0";"1,0";"3,0";"3,0";"5,0";"1,0";"1,0";"1,0";"1,0";"4";"4";"3";"5";"4";"4";"4";"3";"4";"4";"3";"5";"4";"3";"3";"1";"3";"1";"1";"5";"1,8";"2";"2";"2";"4";"4";"4";"3";"3";"2";"2";"4";"4";"5";"1";"4";"4";"3";"4";"5";"5";"3";"4";"2";"3";"Gezondheid, Sport en Welzijn (GSW)";"Vrouw";"20";"Amsterdam";"2";"0";"Mbo";"Bij mijn ouder(s)/verzorger(s)"
"3";"3";"3";"3";"2";"3";"5";"3,4";"2,6";"3,4";"5";"3";"3";"2";"3";"2";"4";"3";"2";"";"5";"3,8";"3,4";"1,0";"1,0";"3,67";"1,0";"1,0";"1,0";"1,0";"3,67";"3,84";"33";"2,6";"0";"1,0";"1,0";"1,0";"3,0";"3,0";"3,0";"1,0";"1,0";"1,0";"1,0";"3";"2";"2";"2";"4";"4";"4";"4";"3";"3";"3";"5";"2";"3";"2";"2";"2";"2";"1";"4";"1,8";"3";"1";"3";"1";"1";"2";"3";"3";"3";"4";"2";"2";"2";"4";"2";"3";"4";"4";"3";"3";"3";"4";"2";"3";"Techniek, Ontwerpen en Informatica (TOI)";"Man";"22";"Alkmaar";"2";"0";"Havo";"Bij mijn ouder(s)/verzorger(s)"
"1";"5";"3";"3";"2";"4";"4";"3,8";"3,0";"3,4";"2";"2";"";"2";"2";"";"2";"3";"";"3";"5";"4,2";"4,2";"2,33";"1,0";"2,33";"2,33";"2,33";"2,33";"1,0";"1,0";"4,52";"33";"1,0";"0";"1,0";"1,0";"1,0";"3,0";"1,0";"3,0";"5,0";"1,0";"3,0";"1,0";"5";"4";"2";"4";"3";"4";"4";"3";"5";"5";"3";"3";"3";"2";"3";"4";"4";"4";"1";"5";"3,56";"1";"2";"3";"1";"3";"1";"5";"4";"4";"4";"3";"3";"4";"2";"4";"5";"2";"3";"3";"4";"4";"4";"3";"3";"Gezondheid, Sport en Welzijn (GSW)";"Vrouw";"20";"Haarlem";"2";"0";"Vwo";"Bij mijn ouder(s)/verzorger(s)"
"2";"4";"3";"2";"4";"3";"4";"4,2";"3,8";"3,4";"";"3";"3";"2";"3";"1";"4";"3";"4";"4";"5";"4,2";"4,2";"2,33";"3,67";"5,0";"2,33";"2,33";"2,33";"2,33";"3,67";"3,64";"33";"2,6";"0";"1,0";"1,0";"1,0";"3,0";"1,0";"5,0";"1,0";"3,0";"1,0";"1,0";"4";"4";"3";"4";"4";"3";"4";"2";"3";"4";"3";"4";"3";"4";"1";"1";"3";"2";"1";"5";"1,8";"";"";"";"";"";"";"";"";"";"";"";"";"";"";"";"";"";"";"";"";"";"";"";"";"Gezondheid, Sport en Welzijn (GSW)";"Vrouw";"19";"Haarlem";"2";"0";"Havo";"Bij mijn ouder(s)/verzorger(s)"
"3";"4";"4";"3";"3";"4";"3";"4,2";"2,6";"4,2";"4";"4";"";"4";"4";"1";"";"1";"4";"";"3";"4,2";"3,8";"1,0";"1,0";"2,33";"2,33";"1,0";"2,33";"1,0";"3,67";"3,64";"33";"1,0";"0";"1,0";"1,0";"1,0";"3,0";"1,0";"3,0";"1,0";"1,0";"1,0";"1,0";"4";"5";"3";"4";"5";"5";"3";"2";"4";"4";"2";"5";"3";"4";"3";"2";"2";"1";"1";"3";"1,96";"2";"1";"3";"2";"1";"1";"2";"1";"2";"3";"4";"2";"4";"3";"2";"4";"5";"4";"2";"3";"4";"3";"2";"1";"Techniek, Ontwerpen en Informatica (TOI)";"Man";"19";"Alkmaar";"3";"0";"Havo";"Bij mijn ouder(s)/verzorger(s)"
"1";"4";"3";"2";"2";"3";"3";"3,0";"1,8";"3,4";"3";"2";"2";"2";"2";"1";"1";"3";"3";"4";"4";"3,4";"4,2";"2,33";"2,33";"2,33";"2,33";"2,33";"2,33";"2,33";"2,33";"3,52";"33";"1,0";"0";"1,0";"1,0";"1,0";"3,0";"3,0";"3,0";"3,0";"1,0";"1,0";"1,0";"3";"4";"3";"4";"5";"5";"3";"4";"4";"4";"3";"4";"3";"3";"3";"2";"4";"3";"1";"3";"1,0";"2";"3";"2";"2";"3";"1";"4";"2";"3";"4";"2";"2";"2";"4";"2";"2";"4";"5";"4";"4";"4";"4";"4";"4";"Techniek, Ontwerpen en Informatica (TOI)";"Vrouw";"19";"Haarlem";"3";"0";"Havo";"Bij mijn ouder(s)/verzorger(s)"
"4";"3";"5";"2";"2";"3";"2";"3,8";"3,0";"3,4";"5";"4";"1";"4";"5";"2";"1";"2";"5";"3";"4";"3,8";"4,6";"1,0";"1,0";"1,0";"2,33";"1,0";"2,33";"1,0";"1,0";"3,68";"33";"1,0";"0";"1,0";"1,0";"1,0";"3,0";"3,0";"3,0";"3,0";"3,0";"1,0";"1,0";"3";"4";"3";"3";"5";"5";"4";"4";"4";"3";"2";"5";"3";"4";"3";"1";"2";"3";"1";"1";"1,0";"";"";"";"";"";"";"";"";"";"";"";"";"";"";"";"";"";"";"";"";"";"";"";"";"Techniek, Ontwerpen en Informatica (TOI)";"Man";"20";"Haarlem";"3";"0";"Havo";"Bij mijn ouder(s)/verzorger(s)"
"3";"4";"3";"2";"2";"2";"2";"3,8";"2,6";"3,8";"2";"2";"2";"2";"3";"3";"";"2";"2";"2";"4";"3,8";"3,8";"1,0";"1,0";"2,33";"2,33";"1,0";"2,33";"1,0";"2,33";"3,96";"33";"1,0";"0";"1,0";"1,0";"1,0";"3,0";"3,0";"3,0";"1,0";"1,0";"1,0";"1,0";"4";"4";"2";"4";"4";"4";"4";"4";"4";"4";"3";"4";"4";"4";"4";"4";"4";"4";"1";"4";"1,64";"2";"2";"2";"4";"4";"3";"4";"3";"3";"4";"3";"3";"4";"4";"4";"4";"4";"4";"4";"4";"4";"4";"4";"4";"Verloskunde Academie";"Vrouw";"24";"Groningen (Verloskunde Academie)";"3";"0";"Havo";"Bij mijn ouder(s)/verzorger(s)"
"3";"3";"3";"4";"3";"2";"3";"3,4";"3,8";"3,0";"2";"4";"2";"1";"1";"1";"1";"2";"2";"1";"4";"3,0";"3,8";"2,33";"2,33";"2,33";"3,67";"1,0";"3,67";"1,0";"2,33";"3,88";"33";"1,0";"0";"1,0";"1,0";"1,0";"3,0";"1,0";"1,0";"1,0";"1,0";"3,0";"5,0";"4";"5";"2";"4";"4";"5";"2";"1";"2";"1";"1";"5";"2";"2";"1";"1";"1";"1";"1";"5";"1,0";"2";"3";"3";"1";"4";"1";"2";"2";"3";"4";"3";"3";"2";"3";"2";"4";"4";"3";"3";"4";"2";"4";"3";"3";"Techniek, Ontwerpen en Informatica (TOI)";"Man";"24";"Alkmaar";"5 of hoger";"0";"Mbo";"Bij mijn ouder(s)/verzorger(s)"
"3";"4";"4";"3";"3";"2";"3";"4,2";"3,8";"3,8";"";"2";"";"";"";"";"";"";"3";"";"2";"5,0";"3,4";"2,33";"2,33";"1,0";"1,0";"1,0";"1,0";"1,0";"2,33";"3,8";"33";"1,0";"0";"1,0";"1,0";"1,0";"3,0";"5,0";"3,0";"1,0";"1,0";"1,0";"1,0";"5";"5";"3";"4";"4";"5";"3";"2";"3";"2";"2";"4";"2";"4";"2";"1";"1";"2";"1";"4";"2,44";"2";"2";"2";"4";"1";"1";"5";"4";"3";"5";"4";"1";"1";"2";"2";"4";"4";"4";"4";"4";"4";"4";"4";"5";"Techniek, Ontwerpen en Informatica (TOI)";"Man";"22";"Alkmaar";"5 of hoger";"0";"Havo";"Bij mijn ouder(s)/verzorger(s)"
"3";"4";"2";"2";"2";"3";"3";"3,4";"3,0";"3,0";"1";"3";"1";"3";"2";"1";"3";"1";"3";"1";"4";"3,4";"4,6";"1,0";"1,0";"2,33";"1,0";"1,0";"1,0";"1,0";"1,0";"3,4";"33";"2,6";"0";"5,0";"1,0";"1,0";"5,0";"1,0";"1,0";"1,0";"1,0";"1,0";"1,0";"3";"4";"3";"4";"4";"4";"4";"3";"4";"3";"3";"4";"3";"4";"2";"1";"1";"1";"1";"3";"2,2";"3";"1";"1";"1";"3";"1";"3";"2";"3";"2";"3";"3";"3";"2";"3";"3";"2";"3";"3";"4";"3";"3";"3";"3";"Business, Finance and Law (BFL)";"Man";"19";"Alkmaar";"1";"0";"Mbo";"Bij mijn ouder(s)/verzorger(s)"
"4";"4";"4";"3";"2";"2";"1";"4,2";"3,0";"3,8";"4";"2";"2";"2";"5";"3";"2";"3";"3";"5";"4";"4,2";"5,0";"1,0";"2,33";"2,33";"2,33";"1,0";"2,33";"1,0";"1,0";"4,2";"33";"1,0";"0";"1,0";"1,0";"3,0";"5,0";"3,0";"3,0";"3,0";"1,0";"1,0";"1,0";"3";"4";"2";"3";"3";"4";"4";"4";"4";"4";"2";"4";"3";"3";"3";"3";"2";"2";"1";"3";"2,12";"4";"4";"4";"2";"1";"4";"4";"4";"4";"3";"3";"3";"4";"3";"3";"4";"4";"4";"3";"4";"4";"4";"4";"4";"Techniek, Ontwerpen en Informatica (TOI)";"Man";"26";"Haarlem";"1";"0";"Mbo";"Met mijn partner / een relatie"
"1";"2";"3";"1";"2";"2";"4";"2,2";"3,4";"2,6";"3";"4";"2";"3";"4";"3";"5";"3";"4";"5";"2";"3,4";"3,0";"2,33";"1,0";"1,0";"3,67";"3,67";"3,67";"2,33";"2,33";"3,4";"33";"2,6";"1";"5,0";"5,0";"1,0";"5,0";"3,0";"1,0";"3,0";"1,0";"3,0";"1,0";"2";"4";"4";"2";"3";"2";"2";"2";"4";"3";"2";"3";"1";"1";"3";"1";"1";"4";"";"2";"1,4";"3";"2";"4";"3";"1";"3";"4";"4";"4";"3";"4";"4";"3";"3";"3";"3";"3";"3";"4";"4";"4";"4";"3";"3";"Techniek, Ontwerpen en Informatica (TOI)";"Anders";"18";"Haarlem";"1";"1";"Vwo";"Anders"
"4";"4";"3";"2";"2";"1";"2";"4,2";"3,0";"3,8";"2";"2";"2";"2";"3";"3";"1";"2";"2";"3";"3";"4,2";"5,0";"2,33";"2,33";"2,33";"2,33";"1,0";"1,0";"2,33";"2,33";"3,64";"33";"2,6";"0";"5,0";"1,0";"1,0";"5,0";"1,0";"1,0";"1,0";"1,0";"1,0";"1,0";"4";"4";"3";"4";"3";"3";"3";"2";"3";"3";"2";"4";"3";"3";"3";"2";"1";"1";"1";"3";"1,8";"";"";"";"";"";"";"";"";"";"";"";"";"";"";"";"";"";"";"";"";"";"";"";"";"Agri, Food and Life Sciences (AFL)";"Man";"21";"Delft";"2";"0";"Mbo";"Bij mijn ouder(s)/verzorger(s)"
"3";"3";"3";"2";"2";"2";"2";"2,6";"3,4";"3,0";"2";"2";"2";"4";"4";"3";"";"2";"2";"2";"4";"3,8";"3,4";"1,0";"2,33";"3,67";"1,0";"1,0";"2,33";"1,0";"3,67";"3,68";"33";"1,0";"1";"3,0";"1,0";"5,0";"5,0";"1,0";"3,0";"1,0";"1,0";"1,0";"1,0";"3";"4";"3";"3";"3";"4";"4";"4";"4";"4";"3";"4";"4";"4";"3";"4";"4";"4";"1";"4";"2,6";"";"";"";"";"";"";"";"";"";"";"";"";"";"";"";"";"";"";"";"";"";"";"";"";"Agri, Food and Life Sciences (AFL)";"Man";"18";"Delft";"2";"0";"Havo";"Bij mijn ouder(s)/verzorger(s)"
"1";"3";"2";"3";"2";"2";"3";"4,2";"4,2";"3,0";"3";"3";"3";"4";"3";"3";"2";"2";"2";"1";"5";"4,2";"4,2";"1,0";"2,33";"1,0";"2,33";"2,33";"2,33";"2,33";"1,0";"3,88";"33";"5,0";"0";"1,0";"3,0";"1,0";"5,0";"1,0";"1,0";"3,0";"1,0";"1,0";"1,0";"4";"5";"3";"4";"4";"5";"5";"5";"4";"4";"4";"5";"4";"4";"1";"5";"5";"5";"1";"1";"1,64";"";"";"";"";"";"";"";"";"";"";"";"";"";"";"";"";"";"";"";"";"";"";"";"";"Techniek, Ontwerpen en Informatica (TOI)";"Man";"21";"Delft";"3";"1";"Ik heb een buitenlandse vooropleiding afgerond (bv. A-levels)";"Alleen"
"1";"3";"3";"2";"3";"1";"5";"2,6";"3,0";"3,8";"";"";"";"2";"3";"3";"4";"4";"2";"2";"3";"2,2";"3,8";"1,0";"3,67";"2,33";"5,0";"2,33";"5,0";"1,0";"5,0";"3,2";"32";"1,0";"0";"1,0";"1,0";"1,0";"1,0";"5,0";"3,0";"1,0";"1,0";"1,0";"1,0";"2";"5";"4";"5";"3";"2";"1";"1";"1";"2";"1";"2";"3";"3";"1";"1";"2";"1";"1";"2";"1,96";"";"";"";"";"";"";"";"";"";"";"";"";"";"";"";"";"";"";"";"";"";"";"";"";"Agri, Food and Life Sciences (AFL)";"Man";"19";"Amsterdam";"1";"0";"Havo";"Bij mijn ouder(s)/verzorger(s)"
"4";"4";"4";"3";"2";"3";"3";"4,2";"3,0";"4,2";"2";"3";"1";"3";"1";"1";"2";"1";"1";"1";"4";"3,8";"3,8";"2,33";"2,33";"2,33";"1,0";"2,33";"2,33";"1,0";"1,0";"3,48";"32";"2,6";"0";"1,0";"1,0";"1,0";"1,0";"1,0";"1,0";"1,0";"1,0";"1,0";"1,0";"4";"4";"2";"4";"4";"4";"4";"4";"4";"4";"4";"4";"4";"4";"4";"4";"4";"4";"1";"5";"2,2";"";"";"";"";"";"";"";"";"";"";"";"";"";"";"";"";"";"";"";"";"";"";"";"";"Gezondheid, Sport en Welzijn (GSW)";"Man";"19";"Haarlem";"2";"0";"Havo";"Bij mijn ouder(s)/verzorger(s)"
"2";"3";"4";"4";"4";"3";"4";"3,8";"4,2";"3,4";"1";"3";"3";"2";"2";"2";"5";"2";"5";"1";"4";"4,2";"3,0";"1,0";"2,33";"1,0";"1,0";"1,0";"1,0";"1,0";"2,33";"3,84";"32";"1,8";"0";"3,0";"1,0";"1,0";"1,0";"1,0";"5,0";"1,0";"1,0";"1,0";"1,0";"4";"4";"2";"4";"4";"3";"4";"4";"4";"3";"1";"3";"2";"1";"2";"1";"4";"1";"1";"5";"2,2";"";"";"";"";"";"";"";"";"";"";"";"";"";"";"";"";"";"";"";"";"";"";"";"";"Business, Finance and Law (BFL)";"Vrouw";"21";"Rotterdam";"2";"0";"Mbo";"Bij mijn ouder(s)/verzorger(s)"
"4";"4";"4";"3";"2";"3";"2";"4,2";"2,2";"4,2";"2";"3";"";"2";"3";"3";"";"2";"2";"";"4";"3,4";"4,2";"2,33";"1,0";"2,33";"3,67";"1,0";"2,33";"2,33";"1,0";"3,72";"32";"1,0";"0";"1,0";"1,0";"1,0";"1,0";"1,0";"3,0";"1,0";"1,0";"1,0";"1,0";"4";"4";"2";"4";"4";"4";"4";"4";"4";"3";"3";"5";"3";"3";"3";"3";"2";"3";"1";"5";"1,0";"2";"2";"3";"2";"2";"3";"2";"3";"2";"4";"3";"2";"2";"3";"2";"4";"3";"4";"3";"4";"4";"3";"3";"3";"Verloskunde Academie";"Vrouw";"23";"Groningen (Verloskunde Academie)";"4";"0";"Vwo";"Bij mijn ouder(s)/verzorger(s)"
"3";"3";"3";"2";"2";"2";"2";"4,2";"3,8";"3,8";"3";"4";"2";"4";"4";"3";"4";"2";"3";"";"4";"3,8";"3,8";"1,0";"1,0";"2,33";"3,67";"1,0";"2,33";"1,0";"2,33";"3,48";"32";"2,6";"0";"1,0";"1,0";"1,0";"3,0";"3,0";"3,0";"3,0";"1,0";"5,0";"1,0";"3";"4";"3";"4";"4";"4";"3";"2";"4";"4";"2";"4";"3";"4";"2";"1";"1";"1";"1";"4";"2,2";"4";"2";"2";"4";"4";"2";"3";"3";"4";"3";"3";"4";"4";"2";"4";"3";"2";"4";"4";"4";"4";"3";"3";"3";"Business, Finance and Law (BFL)";"Man";"20";"Alkmaar";"1";"0";"Mbo";"Bij mijn ouder(s)/verzorger(s)"
"3";"3";"2";"3";"3";"3";"3";"4,6";"2,2";"3,8";"1";"4";"5";"2";"3";"3";"2";"4";"3";"3";"4";"2,6";"5,0";"2,33";"2,33";"3,67";"2,33";"2,33";"3,67";"3,67";"1,0";"4,28";"32";"2,6";"0";"3,0";"1,0";"1,0";"3,0";"3,0";"3,0";"5,0";"3,0";"3,0";"1,0";"3";"1";"2";"3";"3";"2";"2";"2";"3";"3";"2";"1";"1";"3";"3";"3";"3";"3";"0";"4";"3,24";"";"";"";"";"";"";"";"";"";"";"";"";"";"";"";"";"";"";"";"";"";"";"";"";"Business, Finance and Law (BFL)";"Man";"18";"Alkmaar";"1";"1";"Havo";"Met mijn partner / een relatie"
"2";"4";"4";"2";"4";"4";"4";"3,0";"3,4";"3,4";"5";"5";"2";"5";"5";"5";"5";"1";"5";"3";"4";"3,8";"4,6";"3,67";"3,67";"2,33";"2,33";"5,0";"2,33";"5,0";"5,0";"3,88";"32";"2,6";"0";"5,0";"1,0";"5,0";"3,0";"3,0";"5,0";"3,0";"1,0";"1,0";"3,0";"4";"4";"3";"4";"4";"4";"4";"4";"4";"4";"2";"5";"2";"3";"4";"4";"4";"2";"1";"5";"1,8";"5";"2";"4";"4";"2";"4";"5";"4";"5";"2";"5";"5";"5";"4";"5";"4";"1";"4";"5";"5";"4";"5";"5";"5";"Techniek, Ontwerpen en Informatica (TOI)";"Man";"18";"Haarlem";"1";"1";"Havo";"Met een of enkele huisgenoten / vrienden (geen relatie)"
"4";"4";"4";"3";"2";"3";"3";"3,4";"2,6";"3,8";"2";"1";"3";"4";"4";"3";"4";"2";"4";"3";"3";"3,8";"3,8";"2,33";"2,33";"3,67";"3,67";"1,0";"2,33";"2,33";"3,67";"3,4";"32";"1,8";"0";"1,0";"1,0";"3,0";"3,0";"3,0";"3,0";"3,0";"3,0";"1,0";"1,0";"4";"4";"3";"4";"4";"4";"4";"4";"5";"4";"3";"4";"2";"3";"1";"1";"2";"4";"1";"4";"2,2";"";"";"";"";"";"";"";"";"";"";"";"";"";"";"";"";"";"";"";"";"";"";"";"";"Verloskunde Academie";"Vrouw";"20";"Groningen (Verloskunde Academie)";"1";"0";"Havo";"In een studentenhuis / met meerdere studenten samen"
"3";"4";"2";"4";"5";"4";"5";"2,6";"3,8";"2,2";"4";"3";"2";"5";"5";"2";"2";"1";"3";"1";"3";"1,8";"3,4";"2,33";"3,67";"3,67";"3,67";"2,33";"5,0";"2,33";"3,67";"3,56";"32";"1,0";"0";"1,0";"1,0";"1,0";"3,0";"3,0";"3,0";"3,0";"3,0";"1,0";"1,0";"3";"4";"2";"2";"4";"5";"4";"5";"5";"3";"2";"4";"4";"5";"3";"4";"3";"3";"1";"2";"2,04";"";"";"";"";"";"";"";"";"";"";"";"";"";"";"";"";"";"";"";"";"";"";"";"";"Techniek, Ontwerpen en Informatica (TOI)";"Vrouw";"20";"Amsterdam";"2";"1";"Havo";"Met een of enkele huisgenoten / vrienden (geen relatie)"
"1";"3";"2";"4";"3";"5";"5";"2,2";"4,2";"2,6";"4";"2";"3";"3";"5";"3";"4";"5";"2";"3";"3";"3,4";"4,2";"2,33";"1,0";"2,33";"2,33";"2,33";"3,67";"2,33";"2,33";"2,4";"32";"1,8";"1";"1,0";"1,0";"3,0";"3,0";"3,0";"5,0";"3,0";"1,0";"1,0";"1,0";"3";"3";"4";"5";"3";"5";"3";"2";"4";"3";"3";"4";"1";"3";"1";"1";"1";"3";"1";"4";"1,32";"";"";"";"";"";"";"";"";"";"";"";"";"";"";"";"";"";"";"";"";"";"";"";"";"Gezondheid, Sport en Welzijn (GSW)";"Vrouw";"20";"Haarlem";"2";"0";"Havo";"Met een of enkele huisgenoten / vrienden (geen relatie)"
"3";"4";"4";"3";"5";"2";"3";"4,2";"4,2";"3,8";"3";"2";"2";"4";"5";"5";"5";"4";"4";"3";"3";"3,0";"5,0";"2,33";"2,33";"2,33";"2,33";"3,67";"3,67";"3,67";"2,33";"4,08";"32";"3,4";"1";"3,0";"5,0";"5,0";"3,0";"1,0";"3,0";"1,0";"1,0";"1,0";"1,0";"4";"5";"4";"4";"4";"3";"3";"3";"4";"4";"4";"4";"3";"4";"3";"4";"4";"4";"1";"5";"";"";"";"";"";"";"";"";"";"";"";"";"";"";"";"";"";"";"";"";"";"";"";"";"";"Gezondheid, Sport en Welzijn (GSW)";"Vrouw";"24";"Haarlem";"2";"0";"Havo";"Met mijn partner / een relatie"
"3";"4";"3";"2";"2";"3";"4";"3,8";"1,8";"3,4";"4";"3";"4";"";"";"";"";"3";"4";"5";"4";"3,8";"4,2";"1,0";"2,33";"2,33";"1,0";"1,0";"2,33";"1,0";"2,33";"3,8";"32";"2,6";"0";"1,0";"1,0";"1,0";"3,0";"3,0";"3,0";"1,0";"1,0";"1,0";"1,0";"3";"3";"3";"4";"4";"4";"4";"4";"4";"3";"3";"5";"3";"3";"3";"3";"1";"5";"1";"4";"2,2";"";"";"";"";"";"";"";"";"";"";"";"";"";"";"";"";"";"";"";"";"";"";"";"";"Gezondheid, Sport en Welzijn (GSW)";"Vrouw";"21";"Haarlem";"2";"0";"Mbo";"Bij mijn ouder(s)/verzorger(s)"
"2";"3";"2";"1";"1";"1";"4";"1,8";"1,0";"3,0";"1";"1";"2";"1";"1";"3";"1";"1";"1";"3";"4";"3,8";"3,8";"2,33";"2,33";"3,67";"3,67";"3,67";"3,67";"2,33";"3,67";"3,84";"32";"2,6";"0";"1,0";"1,0";"1,0";"3,0";"3,0";"3,0";"1,0";"3,0";"3,0";"1,0";"2";"2";"1";"5";"3";"4";"2";"2";"4";"3";"2";"5";"3";"3";"1";"1";"1";"1";"1";"3";"4,2";"";"";"";"";"";"";"";"";"";"";"";"";"";"";"";"";"";"";"";"";"";"";"";"";"Gezondheid, Sport en Welzijn (GSW)";"Vrouw";"22";"Haarlem";"2";"0";"Vwo";"Bij mijn ouder(s)/verzorger(s)"
"3";"3";"2";"2";"2";"2";"3";"3,4";"2,2";"3,4";"2";"2";"2";"4";"4";"2";"2";"3";"4";"5";"2";"2,6";"3,8";"5,0";"3,67";"3,67";"3,67";"2,33";"3,67";"3,67";"5,0";"3,6";"32";"1,0";"0";"5,0";"5,0";"5,0";"3,0";"3,0";"5,0";"1,0";"3,0";"1,0";"1,0";"3";"2";"4";"5";"4";"4";"4";"2";"3";"4";"4";"5";"3";"4";"2";"1";"1";"1";"1";"3";"1,64";"";"";"";"";"";"";"";"";"";"";"";"";"";"";"";"";"";"";"";"";"";"";"";"";"Gezondheid, Sport en Welzijn (GSW)";"Man";"21";"Haarlem";"2";"0";"Havo";"Bij mijn ouder(s)/verzorger(s)"
"3";"3";"3";"4";"4";"3";"3";"3,0";"3,8";"3,4";"5";"3";"4";"5";"5";"5";"2";"2";"3";"1";"3";"3,8";"3,4";"2,33";"2,33";"2,33";"2,33";"1,0";"2,33";"2,33";"2,33";"3,56";"32";"2,6";"1";"3,0";"1,0";"1,0";"3,0";"3,0";"3,0";"3,0";"3,0";"3,0";"3,0";"4";"4";"3";"4";"3";"4";"4";"4";"4";"4";"2";"4";"3";"4";"2";"1";"1";"1";"1";"4";"2,2";"";"";"";"";"";"";"";"";"";"";"";"";"";"";"";"";"";"";"";"";"";"";"";"";"Gezondheid, Sport en Welzijn (GSW)";"Vrouw";"22";"Rotterdam";"2";"0";"Mbo";"Alleen"
"3";"4";"4";"3";"4";"4";"3";"3,4";"3,8";"3,0";"4";"4";"3";"4";"4";"4";"3";"3";"4";"4";"4";"3,8";"4,2";"2,33";"2,33";"3,67";"3,67";"1,0";"3,67";"1,0";"2,33";"3,8";"32";"1,0";"0";"1,0";"1,0";"1,0";"3,0";"1,0";"3,0";"1,0";"1,0";"1,0";"1,0";"4";"4";"2";"4";"4";"4";"4";"4";"3";"2";"4";"4";"4";"4";"4";"4";"2";"1";"1";"3";"2,28";"3";"2";"3";"2";"4";"1";"3";"4";"2";"4";"3";"3";"5";"3";"4";"2";"2";"4";"4";"4";"4";"4";"3";"4";"Techniek, Ontwerpen en Informatica (TOI)";"Man";"24";"Alkmaar";"4";"0";"Mbo";"Bij mijn ouder(s)/verzorger(s)"
"4";"5";"4";"2";"2";"2";"2";"3,8";"2,2";"4,2";"2";"3";"1";"3";"";"";"";"1";"3";"1";"3";"3,4";"5,0";"1,0";"1,0";"2,33";"2,33";"1,0";"1,0";"2,33";"1,0";"3,88";"32";"1,0";"0";"1,0";"1,0";"1,0";"3,0";"3,0";"3,0";"3,0";"3,0";"3,0";"3,0";"3";"4";"2";"4";"5";"5";"4";"2";"2";"3";"2";"5";"4";"4";"2";"1";"2";"2";"1";"5";"";"3";"1";"4";"5";"4";"3";"2";"1";"1";"4";"2";"2";"3";"3";"2";"4";"4";"4";"5";"5";"5";"5";"2";"4";"Business, Finance and Law (BFL)";"Man";"23";"Alkmaar";"5 of hoger";"1";"Ik heb een buitenlandse vooropleiding afgerond (bv. A-levels)";"Alleen"
"2";"3";"5";"3";"3";"3";"2";"3,8";"4,2";"3,4";"5";"3";"4";"4";"5";"5";"3";"2";"4";"2";"4";"3,4";"4,6";"2,33";"3,67";"3,67";"2,33";"2,33";"3,67";"2,33";"3,67";"3,64";"31";"2,6";"0";"3,0";"1,0";"1,0";"1,0";"3,0";"5,0";"1,0";"1,0";"1,0";"1,0";"5";"5";"3";"4";"3";"2";"2";"1";"1";"2";"3";"4";"3";"4";"1";"3";"1";"2";"1";"4";"3,4";"";"";"";"";"";"";"";"";"";"";"";"";"";"";"";"";"";"";"";"";"";"";"";"";"Techniek, Ontwerpen en Informatica (TOI)";"Vrouw";"23";"Amsterdam";"1";"0";"Anders, namelijk (vul in):";"Bij mijn ouder(s)/verzorger(s)"
"3";"3";"3";"2";"2";"2";"3";"4,2";"3,8";"2,6";"2";"1";"1";"1";"1";"1";"1";"1";"2";"3";"3";"4,2";"3,4";"1,0";"2,33";"2,33";"2,33";"2,33";"2,33";"2,33";"1,0";"3,8";"31";"4,2";"0";"1,0";"1,0";"1,0";"1,0";"1,0";"1,0";"1,0";"1,0";"1,0";"1,0";"3";"4";"3";"4";"3";"3";"3";"2";"3";"2";"1";"4";"2";"2";"1";"1";"1";"1";"1";"3";"2,6";"";"";"";"";"";"";"";"";"";"";"";"";"";"";"";"";"";"";"";"";"";"";"";"";"Business, Finance and Law (BFL)";"Man";"17";"Alkmaar";"1";"0";"Havo";"Bij mijn ouder(s)/verzorger(s)"
"4";"4";"3";"2";"2";"3";"1";"4,2";"1,8";"4,2";"2";"2";"2";"3";"2";"3";"2";"3";"3";"3";"2";"2,6";"3,8";"3,67";"5,0";"5,0";"3,67";"3,67";"3,67";"3,67";"3,67";"3,84";"31";"2,6";"0";"1,0";"1,0";"1,0";"1,0";"1,0";"1,0";"1,0";"1,0";"1,0";"1,0";"4";"5";"2";"4";"4";"5";"4";"3";"4";"4";"2";"5";"3";"4";"3";"2";"1";"2";"1";"1";"3,0";"2";"3";"2";"4";"4";"3";"3";"3";"1";"2";"3";"4";"4";"3";"4";"3";"3";"4";"4";"4";"4";"4";"4";"4";"Gezondheid, Sport en Welzijn (GSW)";"Vrouw";"19";"Haarlem";"1";"0";"Havo";"Bij mijn ouder(s)/verzorger(s)"
"2";"4";"4";"2";"2";"2";"4";"3,8";"3,4";"3,8";"3";"2";"4";"4";"3";"3";"3";"3";"3";"3";"4";"4,2";"3,8";"1,0";"1,0";"1,0";"2,33";"1,0";"2,33";"1,0";"2,33";"3,64";"31";"5,0";"0";"1,0";"1,0";"1,0";"1,0";"1,0";"1,0";"1,0";"1,0";"1,0";"1,0";"4";"5";"2";"4";"4";"4";"5";"5";"5";"5";"3";"3";"3";"3";"3";"1";"1";"1";"1";"3";"3,56";"3";"1";"3";"2";"2";"1";"2";"2";"2";"1";"2";"2";"2";"2";"2";"2";"2";"2";"2";"2";"2";"2";"2";"2";"Gezondheid, Sport en Welzijn (GSW)";"Man";"21";"Haarlem";"1";"0";"Anders, namelijk (vul in):";"Bij mijn ouder(s)/verzorger(s)"
"4";"5";"5";"1";"1";"1";"1";"5,0";"2,2";"5,0";"";"2";"";"";"";"";"";"3";"";"2";"4";"4,2";"5,0";"1,0";"1,0";"2,33";"1,0";"1,0";"1,0";"2,33";"1,0";"4,2";"31";"1,0";"0";"1,0";"1,0";"1,0";"1,0";"1,0";"1,0";"1,0";"1,0";"1,0";"1,0";"4";"5";"2";"5";"5";"5";"4";"1";"4";"4";"3";"4";"4";"4";"1";"1";"1";"1";"1";"4";"1,0";"2";"1";"3";"1";"1";"1";"5";"1";"1";"4";"2";"2";"3";"4";"2";"5";"4";"3";"4";"4";"4";"3";"3";"3";"Onderwijs en Innovatie (ONI)";"Vrouw";"48";"Den Haag";"1";"0";"Anders, namelijk (vul in):";"Anders"
"2";"3";"3";"3";"2";"2";"2";"3,8";"3,0";"3,8";"5";"3";"2";"2";"3";"3";"1";"3";"2";"4";"3";"3,4";"5,0";"2,33";"2,33";"1,0";"3,67";"1,0";"3,67";"1,0";"2,33";"3,6";"31";"2,6";"0";"3,0";"1,0";"1,0";"1,0";"1,0";"1,0";"1,0";"1,0";"1,0";"1,0";"3";"2";"2";"4";"4";"4";"3";"3";"3";"4";"3";"5";"3";"3";"2";"1";"1";"1";"1";"3";"1,96";"";"";"";"";"";"";"";"";"";"";"";"";"";"";"";"";"";"";"";"";"";"";"";"";"Gezondheid, Sport en Welzijn (GSW)";"Man";"22";"Haarlem";"2";"0";"Mbo";"Bij mijn ouder(s)/verzorger(s)"
"3";"3";"3";"5";"5";"3";"5";"2,6";"4,6";"3,0";"2";"4";"1";"5";"5";"5";"3";"3";"4";"";"2";"3,0";"3,8";"3,67";"2,33";"5,0";"3,67";"3,67";"3,67";"2,33";"3,67";"4,12";"31";"2,6";"1";"5,0";"1,0";"5,0";"1,0";"1,0";"3,0";"1,0";"1,0";"1,0";"1,0";"4";"4";"5";"5";"3";"1";"3";"2";"3";"1";"3";"5";"2";"3";"3";"1";"1";"3";"1";"3";"1,72";"4";"5";"5";"3";"1";"3";"3";"5";"3";"2";"3";"4";"4";"3";"3";"3";"2";"2";"2";"2";"2";"4";"1";"3";"Techniek, Ontwerpen en Informatica (TOI)";"Man";"22";"Delft";"2";"0";"Mbo";"Anders"
"1";"4";"3";"3";"2";"3";"4";"3,0";"2,2";"3,8";"4";"3";"2";"5";"4";"3";"3";"2";"4";"1";"2";"4,6";"3,0";"3,67";"2,33";"2,33";"2,33";"1,0";"2,33";"1,0";"2,33";"3,48";"31";"1,0";"0";"1,0";"1,0";"1,0";"3,0";"1,0";"3,0";"3,0";"1,0";"1,0";"1,0";"2";"2";"2";"3";"4";"4";"5";"4";"2";"4";"1";"4";"2";"3";"2";"1";"1";"1";"1";"3";"1,8";"3";"1";"4";"2";"1";"1";"4";"3";"4";"4";"2";"2";"2";"4";"4";"3";"4";"3";"2";"3";"3";"4";"3";"3";"Agri, Food and Life Sciences (AFL)";"Man";"16";"Amsterdam";"1";"0";"Havo";"Bij mijn ouder(s)/verzorger(s)"
"2";"4";"3";"4";"3";"4";"3";"3,8";"4,2";"3,0";"4";"4";"4";"5";"5";"5";"4";"3";"4";"5";"2";"2,6";"3,4";"5,0";"5,0";"3,67";"3,67";"3,67";"3,67";"3,67";"5,0";"3,48";"31";"2,6";"1";"3,0";"3,0";"5,0";"3,0";"5,0";"5,0";"1,0";"1,0";"1,0";"3,0";"3";"5";"4";"5";"4";"3";"4";"2";"3";"3";"3";"5";"3";"4";"4";"2";"5";"1";"1";"3";"1,8";"";"";"";"";"";"";"";"";"";"";"";"";"";"";"";"";"";"";"";"";"";"";"";"";"Gezondheid, Sport en Welzijn (GSW)";"Vrouw";"18";"Alkmaar";"1";"0";"Havo";"Bij mijn ouder(s)/verzorger(s)"
"2";"2";"4";"4";"4";"5";"4";"3,4";"4,6";"1,8";"2";"4";"2";"4";"5";"5";"3";"5";"5";"2";"4";"3,4";"3,8";"2,33";"3,67";"2,33";"3,67";"2,33";"3,67";"2,33";"3,67";"1,0";"31";"1,8";"1";"5,0";"1,0";"3,0";"3,0";"1,0";"5,0";"1,0";"1,0";"1,0";"1,0";"4";"4";"4";"5";"3";"3";"4";"4";"4";"4";"4";"4";"4";"4";"3";"2";"2";"2";"";"3";"2,28";"4";"4";"5";"3";"2";"2";"4";"5";"3";"2";"4";"4";"4";"2";"3";"4";"2";"4";"3";"2";"3";"4";"1";"1";"Onderwijs en Innovatie (ONI)";"Vrouw";"42";"Alkmaar";"1";"0";"Havo";"Anders"
"3";"4";"5";"3";"2";"1";"2";"4,6";"4,2";"3,8";"2";"3";"1";"3";"5";"3";"3";"3";"3";"1";"4";"3,8";"4,2";"1,0";"2,33";"2,33";"2,33";"1,0";"2,33";"1,0";"2,33";"3,8";"31";"1,0";"1";"1,0";"1,0";"1,0";"3,0";"1,0";"3,0";"1,0";"1,0";"1,0";"1,0";"5";"5";"2";"5";"5";"4";"4";"4";"3";"4";"3";"5";"3";"3";"4";"3";"1";"1";"1";"";"1,8";"3";"3";"3";"3";"1";"3";"5";"3";"1";"4";"2";"3";"4";"3";"2";"4";"3";"4";"4";"4";"4";"4";"3";"3";"Onderwijs en Innovatie (ONI)";"Vrouw";"52";"Alkmaar";"1";"0";"Anders, namelijk (vul in):";"Anders"
"2";"2";"1";"4";"4";"4";"5";"1,8";"4,2";"1,8";"2";"2";"2";"2";"1";"5";"3";"2";"5";"1";"3";"3,0";"3,8";"3,67";"5,0";"5,0";"3,67";"3,67";"3,67";"5,0";"5,0";"2,4";"31";"1,8";"1";"1,0";"1,0";"1,0";"3,0";"3,0";"3,0";"3,0";"3,0";"3,0";"3,0";"3";"5";"3";"4";"1";"2";"4";"4";"3";"3";"1";"4";"1";"4";"1";"1";"1";"1";"1";"5";"1,48";"4";"3";"5";"1";"1";"1";"4";"4";"5";"3";"4";"4";"4";"2";"4";"4";"3";"5";"5";"5";"4";"4";"4";"1";"Onderwijs en Innovatie (ONI)";"Vrouw";"18";"Alkmaar";"1";"0";"Havo";"Bij mijn ouder(s)/verzorger(s)"
"4";"4";"4";"3";"3";"1";"2";"4,2";"3,0";"3,8";"3";"2";"3";"4";"";"4";"3";"4";"3";"";"3";"3,0";"3,8";"2,33";"2,33";"3,67";"2,33";"1,0";"2,33";"2,33";"2,33";"3,8";"31";"1,0";"0";"3,0";"1,0";"1,0";"3,0";"5,0";"3,0";"3,0";"3,0";"3,0";"3,0";"4";"5";"3";"5";"4";"5";"4";"4";"4";"4";"4";"5";"4";"5";"2";"1";"3";"3";"1";"2";"";"4";"2";"3";"4";"5";"4";"5";"4";"2";"4";"3";"3";"4";"3";"2";"4";"4";"3";"4";"4";"4";"3";"3";"3";"Onderwijs en Innovatie (ONI)";"Vrouw";"45";"Alkmaar";"1";"0";"Havo";"Bij mijn ouder(s)/verzorger(s)"
"3";"4";"3";"3";"4";"4";"4";"4,2";"3,0";"4,2";"3";"4";"3";"4";"3";"4";"3";"3";"2";"3";"4";"3,8";"2,6";"3,67";"3,67";"5,0";"2,33";"1,0";"2,33";"2,33";"3,67";"3,0";"31";"1,0";"0";"1,0";"1,0";"1,0";"3,0";"1,0";"5,0";"1,0";"1,0";"1,0";"1,0";"4";"4";"3";"4";"5";"4";"3";"4";"3";"1";"3";"5";"4";"3";"2";"3";"1";"1";"1";"4";"1,56";"";"";"";"";"";"";"";"";"";"";"";"";"";"";"";"";"";"";"";"";"";"";"";"";"Onderwijs en Innovatie (ONI)";"Vrouw";"20";"Haarlem";"1";"0";"Havo";"Bij mijn ouder(s)/verzorger(s)"
"3";"3";"3";"3";"3";"3";"3";"3,0";"3,0";"3,0";"3";"3";"3";"3";"3";"3";"3";"3";"3";"3";"3";"3,0";"3,0";"2,33";"3,67";"2,33";"2,33";"2,33";"2,33";"2,33";"3,67";"3,0";"31";"2,6";"0";"3,0";"3,0";"3,0";"3,0";"3,0";"3,0";"3,0";"3,0";"3,0";"3,0";"3";"3";"3";"3";"3";"3";"3";"3";"3";"3";"3";"3";"3";"3";"3";"3";"3";"3";"1";"3";"3,0";"";"";"";"";"";"";"";"";"";"";"";"";"";"";"";"";"";"";"";"";"";"";"";"";"Creative Business (CB)";"Man";"24";"Haarlem";"1";"0";"Havo";"Alleen"
"2";"4";"3";"3";"2";"3";"3";"3,8";"2,2";"3,4";"2";"3";"";"2";"4";"2";"4";"2";"2";"3";"3";"3,4";"3,4";"2,33";"2,33";"2,33";"2,33";"2,33";"1,0";"1,0";"1,0";"3,24";"31";"1,0";"0";"1,0";"1,0";"1,0";"3,0";"5,0";"3,0";"1,0";"1,0";"3,0";"1,0";"4";"5";"2";"5";"5";"5";"4";"4";"4";"4";"2";"4";"2";"4";"3";"1";"1";"2";"1";"3";"1,72";"4";"2";"2";"1";"1";"3";"2";"4";"4";"4";"2";"3";"2";"4";"2";"3";"2";"4";"3";"4";"4";"4";"3";"2";"Gezondheid, Sport en Welzijn (GSW)";"Man";"19";"Haarlem";"1";"0";"Havo";"Bij mijn ouder(s)/verzorger(s)"
"3";"4";"4";"3";"1";"2";"3";"3,8";"2,2";"4,2";"1";"2";"1";"3";"3";"1";"3";"1";"1";"1";"4";"4,2";"3,4";"1,0";"2,33";"1,0";"1,0";"1,0";"1,0";"2,33";"2,33";"4,0";"31";"1,0";"0";"1,0";"1,0";"1,0";"3,0";"3,0";"3,0";"1,0";"1,0";"1,0";"1,0";"3";"4";"3";"3";"4";"4";"4";"4";"4";"3";"4";"5";"2";"3";"3";"3";"1";"1";"1";"4";"1,88";"";"";"";"";"";"";"";"";"";"";"";"";"";"";"";"";"";"";"";"";"";"";"";"";"Onderwijs en Innovatie (ONI)";"Vrouw";"20";"Haarlem";"1";"0";"Havo";"Bij mijn ouder(s)/verzorger(s)"
"1";"2";"3";"3";"1";"1";"2";"5,0";"2,2";"1,8";"2";"4";"4";"5";"1";"5";"1";"1";"5";"4";"4";"3,8";"4,2";"3,67";"1,0";"2,33";"3,67";"2,33";"3,67";"3,67";"1,0";"4,2";"31";"1,0";"0";"1,0";"1,0";"1,0";"3,0";"5,0";"5,0";"1,0";"1,0";"1,0";"1,0";"5";"4";"1";"5";"2";"1";"1";"1";"2";"2";"2";"2";"3";"1";"5";"2";"5";"1";"1";"5";"2,12";"";"";"";"";"";"";"";"";"";"";"";"";"";"";"";"";"";"";"";"";"";"";"";"";"Onderwijs en Innovatie (ONI)";"Vrouw";"19";"Haarlem";"1";"0";"Havo";"Bij mijn ouder(s)/verzorger(s)"
"4";"5";"4";"3";"3";"2";"2";"4,2";"3,4";"4,6";"3";"5";"2";"5";"5";"2";"3";"3";"4";"3";"4";"4,2";"4,2";"3,67";"2,33";"2,33";"2,33";"1,0";"2,33";"2,33";"2,33";"4,24";"31";"1,0";"0";"1,0";"1,0";"1,0";"3,0";"3,0";"1,0";"1,0";"1,0";"1,0";"1,0";"5";"4";"2";"5";"5";"5";"5";"5";"5";"5";"4";"5";"4";"4";"3";"1";"1";"1";"1";"4";"1,96";"";"";"";"";"";"";"";"";"";"";"";"";"";"";"";"";"";"";"";"";"";"";"";"";"Onderwijs en Innovatie (ONI)";"Vrouw";"19";"Haarlem";"1";"0";"Havo";"Bij mijn ouder(s)/verzorger(s)"
"4";"4";"3";"4";"1";"3";"5";"2,6";"1,4";"3,0";"1";"2";"1";"2";"3";"2";"1";"4";"2";"3";"4";"4,2";"3,4";"1,0";"1,0";"2,33";"2,33";"1,0";"2,33";"1,0";"3,67";"1,0";"31";"1,0";"0";"1,0";"1,0";"1,0";"3,0";"3,0";"3,0";"1,0";"1,0";"1,0";"1,0";"2";"3";"4";"5";"3";"4";"4";"4";"3";"4";"4";"5";"3";"4";"2";"1";"3";"1";"1";"3";"1,0";"2";"2";"3";"1";"1";"1";"2";"2";"2";"4";"2";"2";"3";"4";"2";"4";"2";"4";"3";"4";"4";"2";"3";"2";"Onderwijs en Innovatie (ONI)";"Man";"20";"Haarlem";"1";"0";"Havo";"Bij mijn ouder(s)/verzorger(s)"
"3";"4";"4";"3";"4";"4";"3";"3,4";"2,6";"3,8";"2";"2";"3";"5";"5";"5";"3";"4";"5";"4";"3";"3,0";"3,8";"3,67";"3,67";"5,0";"3,67";"3,67";"3,67";"3,67";"5,0";"3,4";"31";"1,8";"0";"5,0";"1,0";"5,0";"3,0";"3,0";"3,0";"1,0";"3,0";"1,0";"1,0";"4";"5";"3";"5";"4";"5";"4";"2";"3";"4";"4";"5";"4";"4";"5";"1";"4";"4";"1";"3";"1,8";"3";"4";"3";"4";"5";"2";"5";"4";"3";"3";"4";"4";"4";"3";"3";"4";"4";"4";"4";"4";"4";"4";"4";"5";"Onderwijs en Innovatie (ONI)";"Vrouw";"19";"Rotterdam";"1";"0";"Havo";"Bij mijn ouder(s)/verzorger(s)"
"2";"3";"4";"5";"4";"4";"4";"4,2";"3,8";"2,6";"2";"5";"2";"2";"3";"2";"2";"3";"5";"3";"4";"3,4";"3,8";"5,0";"5,0";"2,33";"2,33";"3,67";"2,33";"5,0";"5,0";"4,2";"31";"1,0";"0";"1,0";"1,0";"5,0";"3,0";"1,0";"5,0";"1,0";"1,0";"1,0";"1,0";"5";"3";"2";"4";"2";"2";"2";"1";"1";"4";"3";"3";"3";"2";"4";"4";"4";"3";"1";"3";"1,0";"2";"4";"3";"4";"2";"2";"4";"4";"2";"2";"4";"5";"4";"2";"4";"2";"3";"2";"3";"3";"2";"4";"4";"4";"Onderwijs en Innovatie (ONI)";"Vrouw";"18";"Rotterdam";"1";"0";"Havo";"Bij mijn ouder(s)/verzorger(s)"
"3";"3";"4";"3";"3";"3";"3";"3,8";"3,8";"3,8";"4";"5";"4";"5";"5";"4";"3";"3";"4";"3";"4";"3,8";"4,2";"2,33";"3,67";"3,67";"2,33";"1,0";"2,33";"2,33";"3,67";"3,92";"31";"1,0";"1";"1,0";"1,0";"3,0";"3,0";"1,0";"3,0";"1,0";"1,0";"1,0";"1,0";"5";"4";"2";"5";"4";"5";"4";"4";"4";"4";"4";"5";"4";"4";"4";"5";"3";"4";"1";"5";"1,8";"";"";"";"";"";"";"";"";"";"";"";"";"";"";"";"";"";"";"";"";"";"";"";"";"Onderwijs en Innovatie (ONI)";"Vrouw";"17";"Rotterdam";"1";"0";"Havo";"Bij mijn ouder(s)/verzorger(s)"
"4";"5";"4";"2";"2";"2";"1";"4,6";"2,6";"4,6";"3";"3";"2";"5";"4";"4";"3";"5";"3";"1";"4";"4,2";"3,8";"2,33";"1,0";"2,33";"2,33";"2,33";"2,33";"1,0";"1,0";"3,84";"31";"2,6";"0";"1,0";"1,0";"1,0";"3,0";"3,0";"3,0";"3,0";"3,0";"3,0";"3,0";"4";"5";"2";"4";"5";"5";"4";"4";"4";"5";"3";"5";"4";"4";"4";"2";"1";"1";"1";"1";"3,0";"3";"1";"1";"1";"4";"3";"4";"3";"2";"";"";"";"";"";"";"";"";"";"";"";"";"";"";"";"Gezondheid, Sport en Welzijn (GSW)";"Vrouw";"29";"Rotterdam";"1";"0";"Mbo";"Met een of enkele huisgenoten / vrienden (geen relatie)"
"3";"4";"4";"2";"1";"2";"1";"4,2";"2,2";"3,8";"";"3";"";"3";"3";"4";"3";"4";"4";"";"4";"4,2";"3,4";"2,33";"2,33";"1,0";"2,33";"2,33";"2,33";"2,33";"2,33";"3,8";"31";"2,6";"0";"1,0";"1,0";"1,0";"3,0";"3,0";"3,0";"1,0";"1,0";"1,0";"1,0";"4";"5";"3";"4";"3";"3";"3";"2";"2";"3";"4";"2";"3";"3";"3";"2";"1";"1";"";"";"3,96";"3";"1";"4";"1";"1";"1";"3";"4";"2";"4";"3";"2";"3";"3";"3";"2";"3";"3";"2";"3";"3";"2";"2";"3";"Onderwijs en Innovatie (ONI)";"Vrouw";"56";"Den Haag";"1";"0";"Mbo";"Met mijn partner / een relatie"
"2";"4";"4";"4";"4";"3";"2";"4,2";"4,6";"3,4";"2";"4";"2";"2";"4";"4";"4";"4";"4";"4";"3";"1,8";"3,4";"1,0";"3,67";"2,33";"3,67";"1,0";"3,67";"1,0";"5,0";"3,4";"31";"3,4";"1";"1,0";"5,0";"5,0";"3,0";"1,0";"1,0";"1,0";"1,0";"1,0";"1,0";"4";"4";"4";"3";"2";"2";"4";"2";"2";"2";"1";"4";"1";"1";"4";"2";"3";"1";"1";"2";"3,0";"";"";"";"";"";"";"";"";"";"";"";"";"";"";"";"";"";"";"";"";"";"";"";"";"Techniek, Ontwerpen en Informatica (TOI)";"Man";"19";"Delft";"1";"1";"Havo";"Bij mijn ouder(s)/verzorger(s)"
"3";"3";"3";"4";"4";"3";"4";"3,4";"3,8";"3,0";"3";"5";"2";"4";"4";"4";"3";"4";"3";"";"4";"4,2";"4,2";"2,33";"3,67";"5,0";"2,33";"1,0";"2,33";"2,33";"3,67";"3,44";"31";"1,0";"1";"5,0";"1,0";"1,0";"3,0";"3,0";"3,0";"1,0";"1,0";"1,0";"1,0";"3";"3";"3";"3";"4";"4";"5";"4";"4";"3";"4";"4";"3";"3";"4";"4";"2";"3";"1";"3";"1,56";"3";"2";"4";"1";"1";"1";"3";"3";"4";"2";"4";"4";"4";"2";"4";"3";"4";"3";"3";"3";"4";"4";"3";"3";"Onderwijs en Innovatie (ONI)";"Vrouw";"18";"Dordrecht";"1";"0";"Havo";"Bij mijn ouder(s)/verzorger(s)"
"3";"4";"4";"3";"3";"4";"2";"3,8";"3,4";"3,8";"3";"4";"4";"5";"5";"3";"3";"4";"5";"2";"4";"3,8";"3,8";"2,33";"1,0";"3,67";"2,33";"2,33";"2,33";"2,33";"2,33";"3,8";"31";"1,0";"1";"1,0";"1,0";"1,0";"3,0";"1,0";"5,0";"1,0";"1,0";"1,0";"1,0";"5";"5";"1";"4";"4";"3";"4";"3";"2";"2";"4";"5";"5";"4";"3";"1";"1";"1";"1";"4";"2,6";"4";"2";"3";"3";"4";"2";"4";"3";"3";"3";"3";"2";"2";"3";"2";"4";"3";"4";"4";"4";"4";"4";"3";"3";"Onderwijs en Innovatie (ONI)";"Vrouw";"21";"Dordrecht";"1";"0";"Mbo";"Bij mijn ouder(s)/verzorger(s)"
"4";"4";"3";"2";"1";"2";"1";"4,6";"3,0";"4,2";"1";"2";"1";"1";"1";"1";"1";"1";"2";"1";"4";"4,2";"3,8";"1,0";"1,0";"1,0";"2,33";"1,0";"2,33";"2,33";"1,0";"3,8";"31";"1,0";"0";"1,0";"1,0";"1,0";"3,0";"3,0";"3,0";"1,0";"3,0";"1,0";"1,0";"4";"5";"3";"5";"4";"5";"4";"4";"4";"4";"4";"4";"4";"4";"3";"4";"1";"1";"1";"2";"2,28";"";"";"";"";"";"";"";"";"";"";"";"";"";"";"";"";"";"";"";"";"";"";"";"";"Onderwijs en Innovatie (ONI)";"Vrouw";"30";"Dordrecht";"1";"0";"Mbo";"Met mijn partner / een relatie"
"2";"3";"3";"2";"1";"2";"4";"2,6";"2,6";"3,0";"3";"4";"3";"1";"3";"2";"2";"2";"3";"3";"3";"3,8";"3,8";"1,0";"2,33";"2,33";"2,33";"2,33";"2,33";"1,0";"2,33";"4,2";"31";"1,0";"0";"1,0";"1,0";"1,0";"3,0";"3,0";"3,0";"1,0";"1,0";"1,0";"1,0";"2";"3";"2";"3";"3";"3";"3";"2";"3";"2";"3";"4";"4";"4";"4";"1";"1";"2";"1";"2";"2,6";"2";"3";"4";"2";"1";"2";"4";"2";"2";"3";"3";"3";"4";"3";"3";"4";"3";"3";"3";"4";"3";"4";"4";"4";"Onderwijs en Innovatie (ONI)";"Vrouw";"18";"Dordrecht";"1";"0";"Havo";"Bij mijn ouder(s)/verzorger(s)"
"3";"4";"4";"4";"4";"4";"5";"4,6";"4,6";"4,2";"5";"5";"4";"5";"5";"5";"2";"4";"5";"5";"5";"4,6";"5,0";"1,0";"2,33";"1,0";"1,0";"1,0";"1,0";"1,0";"3,67";"4,24";"31";"1,0";"0";"1,0";"1,0";"1,0";"3,0";"3,0";"3,0";"5,0";"1,0";"3,0";"1,0";"4";"4";"3";"4";"4";"4";"4";"4";"4";"4";"4";"5";"5";"5";"5";"5";"5";"5";"1";"3";"2,2";"3";"4";"5";"5";"5";"2";"5";"4";"2";"3";"3";"2";"2";"4";"2";"4";"4";"4";"4";"4";"4";"4";"4";"4";"Techniek, Ontwerpen en Informatica (TOI)";"Man";"18";"Alkmaar";"2";"0";"Havo";"Bij mijn ouder(s)/verzorger(s)"
"4";"4";"3";"2";"1";"3";"3";"3,8";"2,6";"3,8";"2";"3";"2";"4";"5";"4";"3";"2";"4";"1";"3";"3,8";"5,0";"1,0";"1,0";"2,33";"2,33";"1,0";"2,33";"2,33";"2,33";"3,48";"31";"2,6";"0";"1,0";"1,0";"1,0";"3,0";"1,0";"3,0";"3,0";"1,0";"1,0";"3,0";"3";"4";"2";"5";"5";"5";"4";"4";"5";"4";"4";"5";"4";"4";"4";"3";"4";"5";"1";"3";"1,88";"";"";"";"";"";"";"";"";"";"";"";"";"";"";"";"";"";"";"";"";"";"";"";"";"Gezondheid, Sport en Welzijn (GSW)";"Man";"20";"Haarlem";"2";"0";"Havo";"Bij mijn ouder(s)/verzorger(s)"
"2";"4";"3";"3";"3";"3";"4";"3,4";"3,8";"3,0";"4";"5";"5";"4";"4";"2";"2";"3";"3";"4";"4";"3,0";"3,4";"2,33";"2,33";"3,67";"2,33";"1,0";"3,67";"2,33";"3,67";"3,6";"31";"2,6";"0";"1,0";"1,0";"3,0";"3,0";"1,0";"3,0";"1,0";"1,0";"1,0";"1,0";"4";"4";"2";"5";"3";"4";"4";"3";"4";"3";"3";"5";"1";"3";"1";"1";"1";"1";"1";"4";"2,76";"2";"2";"2";"3";"3";"2";"4";"3";"2";"3";"3";"3";"3";"3";"3";"3";"3";"4";"3";"4";"4";"1";"1";"1";"Gezondheid, Sport en Welzijn (GSW)";"Vrouw";"20";"Haarlem";"2";"0";"Havo";"Bij mijn ouder(s)/verzorger(s)"
"3";"4";"2";"3";"1";"2";"3";"3,0";"3,0";"3,4";"2";"3";"2";"4";"5";"5";"3";"2";"4";"2";"4";"3,8";"3,8";"1,0";"1,0";"3,67";"2,33";"1,0";"1,0";"1,0";"2,33";"3,68";"31";"2,6";"0";"5,0";"1,0";"1,0";"3,0";"3,0";"3,0";"1,0";"1,0";"3,0";"3,0";"3";"4";"3";"4";"4";"5";"4";"4";"4";"4";"4";"4";"2";"4";"1";"2";"2";"5";"1";"4";"2,2";"";"";"";"";"";"";"";"";"";"";"";"";"";"";"";"";"";"";"";"";"";"";"";"";"Gezondheid, Sport en Welzijn (GSW)";"Vrouw";"19";"Haarlem";"2";"0";"Havo";"Bij mijn ouder(s)/verzorger(s)"
"2";"4";"3";"3";"2";"4";"4";"2,6";"3,4";"3,8";"4";"4";"3";"2";"3";"2";"2";"2";"3";"5";"4";"3,8";"3,4";"2,33";"2,33";"3,67";"2,33";"1,0";"1,0";"2,33";"2,33";"3,6";"31";"2,6";"0";"1,0";"1,0";"3,0";"3,0";"1,0";"3,0";"1,0";"1,0";"1,0";"1,0";"2";"3";"3";"3";"4";"4";"3";"4";"3";"3";"4";"5";"4";"5";"1";"3";"1";"3";"1";"4";"1,96";"";"";"";"";"";"";"";"";"";"";"";"";"";"";"";"";"";"";"";"";"";"";"";"";"Gezondheid, Sport en Welzijn (GSW)";"Vrouw";"19";"Haarlem";"2";"0";"Havo";"Bij mijn ouder(s)/verzorger(s)"
"3";"5";"3";"3";"3";"4";"5";"3,4";"3,8";"3,8";"5";"5";"3";"4";"5";"5";"5";"3";"4";"2";"3";"3,0";"4,2";"3,67";"3,67";"5,0";"3,67";"5,0";"5,0";"3,67";"2,33";"3,04";"31";"2,6";"0";"3,0";"5,0";"3,0";"3,0";"1,0";"3,0";"3,0";"1,0";"1,0";"1,0";"4";"5";"2";"4";"5";"4";"3";"3";"4";"3";"3";"4";"3";"5";"3";"1";"1";"1";"1";"4";"1,0";"4";"4";"2";"5";"4";"3";"4";"4";"4";"3";"4";"3";"3";"2";"2";"4";"3";"4";"4";"4";"4";"4";"4";"3";"Gezondheid, Sport en Welzijn (GSW)";"Vrouw";"25";"Rotterdam";"2";"1";"Havo";"Alleen"
"3";"5";"4";"4";"4";"4";"1";"4,2";"4,6";"3,8";"2";"5";"2";"4";"2";"3";"1";"1";"5";"1";"2";"4,2";"3,8";"1,0";"5,0";"1,0";"3,67";"2,33";"1,0";"1,0";"1,0";"4,04";"31";"3,4";"0";"5,0";"1,0";"5,0";"3,0";"1,0";"1,0";"1,0";"1,0";"1,0";"1,0";"5";"5";"3";"4";"3";"2";"3";"1";"1";"2";"1";"4";"2";"5";"3";"1";"5";"4";"1";"2";"";"3";"4";"3";"3";"2";"4";"3";"4";"1";"5";"2";"2";"2";"4";"2";"4";"4";"2";"2";"2";"3";"3";"3";"3";"Techniek, Ontwerpen en Informatica (TOI)";"Vrouw";"22";"Haarlem";"4";"0";"Ik heb een buitenlandse vooropleiding afgerond (bv. A-levels)";"Alleen"
"3";"5";"3";"3";"4";"3";"4";"3,4";"3,4";"3,8";"5";"3";"4";"4";"4";"4";"3";"3";"4";"3";"3";"3,8";"3,0";"1,0";"3,67";"3,67";"2,33";"2,33";"2,33";"1,0";"2,33";"3,72";"31";"2,6";"0";"1,0";"1,0";"1,0";"5,0";"3,0";"3,0";"3,0";"3,0";"3,0";"3,0";"3";"4";"4";"4";"4";"4";"3";"4";"4";"3";"3";"4";"3";"4";"4";"1";"3";"1";"1";"4";"2,2";"3";"3";"4";"3";"4";"4";"4";"4";"3";"4";"3";"4";"3";"2";"3";"4";"4";"3";"3";"4";"4";"4";"4";"4";"Business, Finance and Law (BFL)";"Vrouw";"20";"Rotterdam";"2";"0";"Havo";"Bij mijn ouder(s)/verzorger(s)"
"3";"3";"3";"3";"3";"3";"3";"3,4";"3,8";"3,4";"2";"3";"2";"4";"4";"4";"5";"3";"3";"3";"2";"3,0";"3,8";"2,33";"3,67";"2,33";"3,67";"2,33";"3,67";"2,33";"3,67";"3,8";"31";"2,6";"0";"3,0";"1,0";"1,0";"5,0";"1,0";"1,0";"1,0";"1,0";"1,0";"1,0";"4";"4";"3";"4";"4";"4";"4";"3";"4";"4";"4";"5";"4";"4";"3";"1";"1";"1";"1";"2";"1,96";"";"";"";"";"";"";"";"";"";"";"";"";"";"";"";"";"";"";"";"";"";"";"";"";"Agri, Food and Life Sciences (AFL)";"Man";"18";"Delft";"2";"0";"Havo";"Bij mijn ouder(s)/verzorger(s)"
"2";"4";"4";"3";"1";"1";"1";"3,8";"3,4";"3,8";"";"";"1";"3";"3";"3";"2";"1";"1";"2";"4";"3,8";"4,6";"1,0";"2,33";"2,33";"1,0";"1,0";"1,0";"1,0";"1,0";"3,84";"30";"1,0";"0";"1,0";"1,0";"1,0";"1,0";"1,0";"1,0";"1,0";"1,0";"1,0";"1,0";"4";"4";"3";"4";"3";"3";"3";"3";"1";"1";"2";"4";"4";"4";"4";"1";"1";"1";"1";"1";"3,88";"4";"2";"3";"2";"2";"2";"5";"4";"3";"4";"3";"3";"3";"2";"3";"4";"3";"2";"4";"4";"4";"4";"4";"4";"Gezondheid, Sport en Welzijn (GSW)";"Vrouw";"30";"Amsterdam";"1";"0";"Anders, namelijk (vul in):";"Alleen"
"4";"4";"3";"3";"2";"1";"2";"3,8";"4,2";"3,8";"2";"2";"2";"2";"4";"4";"2";"4";"3";"3";"4";"3,8";"4,2";"2,33";"2,33";"2,33";"2,33";"1,0";"2,33";"2,33";"2,33";"3,88";"30";"1,0";"0";"1,0";"1,0";"1,0";"1,0";"5,0";"3,0";"1,0";"1,0";"1,0";"1,0";"4";"5";"3";"5";"5";"5";"4";"4";"4";"4";"5";"5";"3";"4";"3";"1";"1";"1";"1";"3";"2,92";"4";"4";"2";"1";"1";"1";"4";"3";"2";"4";"2";"2";"3";"4";"2";"4";"4";"3";"4";"5";"3";"5";"4";"4";"Gezondheid, Sport en Welzijn (GSW)";"Vrouw";"35";"Amsterdam";"1";"0";"Anders, namelijk (vul in):";"Met mijn partner / een relatie"
"2";"3";"2";"4";"4";"4";"3";"2,6";"3,8";"3,4";"2";"2";"1";"3";"4";"5";"";"5";"4";"4";"4";"4,2";"3,4";"2,33";"2,33";"1,0";"2,33";"2,33";"2,33";"2,33";"3,67";"3,8";"30";"1,0";"1";"1,0";"1,0";"5,0";"1,0";"1,0";"3,0";"1,0";"1,0";"1,0";"1,0";"3";"5";"3";"4";"4";"4";"4";"4";"4";"4";"4";"4";"3";"3";"1";"1";"1";"1";"1";"3";"3,72";"3";"3";"4";"3";"2";"2";"5";"3";"2";"4";"3";"3";"4";"4";"3";"3";"1";"3";"3";"3";"4";"3";"2";"2";"Gezondheid, Sport en Welzijn (GSW)";"Vrouw";"27";"Amsterdam";"1";"0";"Anders, namelijk (vul in):";"Met mijn partner / een relatie"
"3";"4";"2";"3";"3";"2";"4";"3,8";"3,4";"3,8";"4";"4";"3";"2";"4";"3";"4";"3";"3";"2";"3";"3,4";"3,4";"3,67";"3,67";"3,67";"3,67";"3,67";"3,67";"3,67";"3,67";"4,04";"30";"1,0";"0";"1,0";"1,0";"3,0";"1,0";"1,0";"1,0";"1,0";"1,0";"1,0";"1,0";"4";"4";"3";"4";"4";"4";"3";"2";"2";"2";"2";"3";"3";"3";"1";"1";"1";"2";"1";"3";"2,12";"";"";"";"";"";"";"";"";"";"";"";"";"";"";"";"";"";"";"";"";"";"";"";"";"Gezondheid, Sport en Welzijn (GSW)";"Vrouw";"20";"Amsterdam";"1";"0";"Vwo";"Bij mijn ouder(s)/verzorger(s)"
"2";"3";"3";"3";"2";"3";"4";"3,4";"2,6";"3,4";"4";"2";"3";"3";"4";"3";"2";"2";"4";"1";"4";"3,8";"3,4";"2,33";"2,33";"3,67";"2,33";"2,33";"2,33";"1,0";"2,33";"3,84";"30";"1,0";"0";"1,0";"1,0";"1,0";"1,0";"3,0";"3,0";"1,0";"1,0";"1,0";"1,0";"2";"4";"3";"3";"3";"4";"3";"3";"3";"4";"2";"4";"3";"3";"1";"1";"1";"1";"1";"4";"2,6";"3";"3";"3";"4";"4";"4";"3";"3";"3";"4";"2";"2";"2";"4";"2";"4";"4";"4";"3";"4";"4";"3";"2";"2";"Creative Business (CB)";"Man";"20";"Amsterdam";"1";"0";"Havo";"Bij mijn ouder(s)/verzorger(s)"
"2";"3";"3";"3";"3";"3";"3";"3,8";"2,6";"3,0";"4";"4";"5";"4";"5";"4";"3";"3";"3";"4";"3";"4,2";"4,2";"2,33";"2,33";"3,67";"1,0";"1,0";"2,33";"1,0";"3,67";"3,2";"30";"1,0";"1";"1,0";"3,0";"1,0";"1,0";"1,0";"1,0";"1,0";"1,0";"1,0";"1,0";"2";"4";"5";"3";"4";"4";"2";"2";"3";"3";"3";"3";"3";"2";"1";"1";"1";"1";"";"3";"1,96";"";"";"";"";"";"";"";"";"";"";"";"";"";"";"";"";"";"";"";"";"";"";"";"";"Agri, Food and Life Sciences (AFL)";"Man";"18";"Amsterdam";"1";"0";"Havo";"Bij mijn ouder(s)/verzorger(s)"
"3";"4";"4";"3";"2";"4";"4";"4,6";"3,8";"2,6";"1";"4";"1";"3";"4";"3";"2";"1";"2";"2";"2";"3,8";"3,8";"2,33";"1,0";"1,0";"2,33";"2,33";"2,33";"2,33";"2,33";"4,0";"30";"1,0";"0";"1,0";"1,0";"1,0";"1,0";"3,0";"3,0";"1,0";"1,0";"1,0";"1,0";"4";"3";"2";"3";"4";"4";"4";"5";"4";"3";"2";"2";"1";"3";"2";"1";"1";"1";"1";"3";"2,92";"2";"2";"4";"4";"3";"2";"4";"4";"2";"4";"3";"2";"4";"3";"4";"5";"4";"3";"4";"4";"4";"4";"2";"2";"Onderwijs en Innovatie (ONI)";"Man";"25";"Alkmaar";"1";"0";"Mbo";"Bij mijn ouder(s)/verzorger(s)"
"3";"3";"3";"3";"3";"3";"3";"3,8";"1,8";"3,8";"2";"2";"2";"3";"3";"3";"2";"2";"2";"3";"3";"5,0";"5,0";"1,0";"1,0";"1,0";"2,33";"1,0";"2,33";"1,0";"2,33";"4,04";"30";"1,0";"0";"3,0";"1,0";"1,0";"1,0";"1,0";"1,0";"1,0";"1,0";"1,0";"1,0";"4";"4";"2";"5";"5";"5";"4";"4";"4";"4";"4";"5";"5";"4";"4";"3";"2";"2";"1";"4";"5,0";"2";"2";"2";"1";"1";"1";"4";"3";"3";"5";"2";"2";"3";"4";"2";"3";"2";"4";"4";"5";"4";"4";"3";"3";"Techniek, Ontwerpen en Informatica (TOI)";"Man";"37";"Alkmaar";"1";"0";"Mbo";"Met mijn partner / een relatie"
"3";"4";"3";"4";"3";"2";"2";"3,4";"4,2";"3,8";"4";"5";"3";"5";"5";"5";"4";"5";"4";"2";"4";"3,8";"3,8";"2,33";"2,33";"3,67";"2,33";"1,0";"2,33";"2,33";"2,33";"3,52";"30";"2,6";"1";"5,0";"1,0";"1,0";"1,0";"5,0";"5,0";"3,0";"1,0";"1,0";"1,0";"4";"4";"3";"4";"5";"5";"4";"4";"4";"4";"4";"5";"3";"3";"3";"2";"2";"4";"1";"3";"2,36";"";"";"";"";"";"";"";"";"";"";"";"";"";"";"";"";"";"";"";"";"";"";"";"";"Gezondheid, Sport en Welzijn (GSW)";"Vrouw";"18";"Alkmaar";"1";"0";"Havo";"Bij mijn ouder(s)/verzorger(s)"
"4";"4";"4";"2";"1";"2";"1";"4,2";"1,8";"3,8";"2";"3";"";"";"3";"";"";"2";"3";"2";"2";"4,6";"4,6";"2,33";"2,33";"1,0";"1,0";"2,33";"2,33";"1,0";"1,0";"1,0";"30";"1,0";"0";"1,0";"1,0";"1,0";"1,0";"1,0";"3,0";"1,0";"1,0";"1,0";"1,0";"5";"5";"2";"4";"5";"5";"4";"4";"4";"3";"3";"5";"3";"5";"2";"3";"5";"5";"1";"5";"2,76";"1";"2";"1";"2";"4";"1";"3";"2";"2";"5";"2";"3";"2";"4";"2";"4";"3";"5";"5";"5";"4";"4";"3";"3";"Business, Finance and Law (BFL)";"Man";"21";"Haarlem";"1";"0";"Mbo";"Bij mijn ouder(s)/verzorger(s)"
"3";"4";"3";"3";"3";"3";"3";"3,4";"3,8";"3,4";"3";"4";"2";"4";"5";"4";"4";"4";"4";"2";"4";"4,2";"3,8";"2,33";"2,33";"3,67";"2,33";"2,33";"2,33";"2,33";"2,33";"3,4";"30";"2,6";"0";"1,0";"1,0";"1,0";"1,0";"1,0";"1,0";"1,0";"1,0";"1,0";"1,0";"4";"4";"3";"5";"4";"3";"3";"3";"3";"3";"4";"4";"3";"3";"3";"2";"1";"2";"1";"4";"1,56";"3";"1";"2";"3";"4";"1";"4";"4";"4";"3";"3";"2";"3";"2";"3";"4";"1";"4";"4";"4";"4";"4";"4";"4";"Gezondheid, Sport en Welzijn (GSW)";"Vrouw";"19";"Haarlem";"1";"0";"Havo";"Bij mijn ouder(s)/verzorger(s)"
"3";"4";"4";"2";"1";"1";"2";"3,8";"2,6";"4,2";"2";"1";"1";"1";"1";"3";"1";"";"1";"";"2";"3,4";"4,2";"3,67";"2,33";"5,0";"3,67";"5,0";"2,33";"2,33";"1,0";"3,84";"30";"1,0";"0";"1,0";"1,0";"1,0";"1,0";"1,0";"1,0";"1,0";"1,0";"1,0";"1,0";"4";"5";"3";"4";"4";"4";"4";"3";"4";"4";"5";"5";"3";"5";"1";"1";"1";"1";"1";"3";"2,2";"";"";"";"";"";"";"";"";"";"";"";"";"";"";"";"";"";"";"";"";"";"";"";"";"Business, Finance and Law (BFL)";"Man";"20";"Haarlem";"1";"0";"Havo";"Bij mijn ouder(s)/verzorger(s)"
"2";"2";"1";"5";"4";"5";"5";"1,8";"2,6";"1,8";"";"2";"1";"4";"5";"5";"5";"5";"5";"";"2";"1,8";"4,6";"5,0";"5,0";"5,0";"5,0";"5,0";"5,0";"5,0";"5,0";"3,4";"30";"2,6";"1";"3,0";"1,0";"5,0";"1,0";"1,0";"5,0";"1,0";"1,0";"1,0";"1,0";"1";"2";"5";"1";"2";"4";"3";"2";"3";"2";"1";"4";"1";"1";"2";"1";"1";"1";"";"2";"2,04";"";"";"";"";"";"";"";"";"";"";"";"";"";"";"";"";"";"";"";"";"";"";"";"";"Gezondheid, Sport en Welzijn (GSW)";"Vrouw";"22";"Haarlem";"1";"0";"Mbo";"Bij mijn ouder(s)/verzorger(s)"
"4";"4";"4";"1";"3";"1";"2";"4,6";"3,4";"4,2";"";"3";"1";"";"4";"2";"1";"2";"1";"3";"4";"3,8";"4,6";"2,33";"2,33";"1,0";"2,33";"1,0";"3,67";"2,33";"2,33";"4,08";"30";"1,0";"0";"1,0";"1,0";"1,0";"1,0";"1,0";"3,0";"1,0";"1,0";"1,0";"1,0";"4";"4";"2";"4";"4";"4";"4";"4";"4";"4";"3";"5";"3";"4";"3";"1";"1";"1";"1";"5";"2,6";"1";"2";"2";"3";"3";"1";"2";"2";"2";"3";"4";"4";"4";"4";"3";"5";"3";"3";"4";"5";"4";"4";"3";"3";"Onderwijs en Innovatie (ONI)";"Vrouw";"20";"Haarlem";"1";"0";"Mbo";"Bij mijn ouder(s)/verzorger(s)"
"3";"4";"3";"2";"2";"2";"3";"3,8";"2,6";"3,8";"3";"2";"1";"2";"3";"2";"1";"2";"2";"1";"4";"4,2";"4,2";"2,33";"1,0";"3,67";"2,33";"1,0";"2,33";"1,0";"2,33";"4,24";"30";"1,0";"0";"5,0";"1,0";"1,0";"1,0";"1,0";"1,0";"1,0";"1,0";"5,0";"1,0";"4";"5";"3";"5";"4";"4";"3";"2";"3";"1";"2";"5";"2";"4";"1";"1";"1";"1";"1";"1";"3,56";"2";"1";"2";"3";"2";"3";"4";"4";"1";"2";"4";"4";"4";"3";"4";"4";"3";"2";"3";"5";"4";"3";"2";"1";"Business, Finance and Law (BFL)";"Man";"50";"Rotterdam";"1";"0";"Havo";"Met mijn partner / een relatie"
"2";"3";"3";"3";"4";"4";"4";"3,4";"3,0";"3,8";"3";"4";"3";"5";"5";"4";"5";"4";"5";"4";"3";"4,2";"3,8";"2,33";"2,33";"3,67";"2,33";"1,0";"2,33";"1,0";"3,67";"3,8";"30";"1,0";"0";"1,0";"1,0";"1,0";"1,0";"1,0";"3,0";"1,0";"1,0";"1,0";"1,0";"3";"4";"4";"3";"4";"4";"4";"3";"3";"3";"1";"4";"1";"4";"1";"1";"4";"2";"1";"3";"1,16";"2";"1";"3";"1";"3";"3";"4";"2";"4";"3";"2";"3";"2";"3";"3";"2";"3";"4";"3";"4";"4";"3";"3";"3";"Creative Business (CB)";"Vrouw";"17";"Rotterdam";"1";"0";"Havo";"Bij mijn ouder(s)/verzorger(s)"
"3";"4";"4";"3";"2";"2";"3";"3,8";"3,8";"3,8";"1";"2";"";"3";"1";"2";"2";"3";"3";"";"4";"4,2";"5,0";"1,0";"2,33";"1,0";"3,67";"1,0";"2,33";"1,0";"2,33";"5,0";"30";"1,0";"0";"1,0";"1,0";"1,0";"1,0";"1,0";"3,0";"1,0";"1,0";"1,0";"1,0";"5";"4";"1";"5";"5";"5";"4";"4";"4";"2";"2";"5";"2";"3";"2";"1";"1";"1";"1";"1";"3,56";"2";"2";"2";"3";"1";"3";"5";"3";"3";"3";"2";"3";"4";"2";"4";"5";"4";"3";"4";"4";"3";"4";"2";"4";"Onderwijs en Innovatie (ONI)";"Vrouw";"32";"Den Haag";"1";"0";"Mbo";"Alleen"
"2";"4";"4";"2";"3";"5";"3";"4,2";"1,4";"3,8";"1";"4";"2";"4";"5";"1";"3";"2";"3";"1";"4";"3,8";"3,4";"1,0";"1,0";"2,33";"2,33";"2,33";"1,0";"1,0";"2,33";"3,4";"30";"1,0";"0";"1,0";"1,0";"1,0";"1,0";"1,0";"3,0";"1,0";"1,0";"1,0";"1,0";"4";"4";"2";"4";"4";"4";"5";"5";"5";"5";"5";"5";"5";"3";"5";"5";"1";"2";"1";"4";"3,56";"";"";"";"";"";"";"";"";"";"";"";"";"";"";"";"";"";"";"";"";"";"";"";"";"Onderwijs en Innovatie (ONI)";"Man";"21";"Dordrecht";"1";"0";"Mbo";"Alleen"
"4";"4";"3";"2";"2";"2";"2";"4,2";"3,8";"3,8";"2";"3";"2";"4";"4";"4";"4";"3";"4";"2";"4";"4,2";"3,4";"2,33";"1,0";"2,33";"3,67";"1,0";"2,33";"2,33";"2,33";"3,92";"30";"1,0";"0";"1,0";"1,0";"1,0";"1,0";"1,0";"1,0";"1,0";"1,0";"1,0";"1,0";"4";"4";"3";"4";"4";"4";"4";"4";"4";"4";"3";"4";"3";"3";"2";"1";"1";"1";"1";"4";"2,92";"";"";"";"";"";"";"";"";"";"";"";"";"";"";"";"";"";"";"";"";"";"";"";"";"Onderwijs en Innovatie (ONI)";"Vrouw";"21";"Dordrecht";"1";"0";"Mbo";"Bij mijn ouder(s)/verzorger(s)"
"2";"2";"3";"4";"3";"3";"3";"2,6";"2,2";"1,8";"1";"2";"1";"3";"2";"3";"1";"2";"3";"1";"4";"3,0";"3,0";"2,33";"2,33";"1,0";"3,67";"2,33";"3,67";"2,33";"1,0";"2,6";"30";"1,0";"1";"1,0";"1,0";"1,0";"1,0";"1,0";"3,0";"1,0";"1,0";"1,0";"1,0";"3";"4";"2";"4";"2";"3";"4";"3";"3";"4";"3";"4";"3";"3";"2";"1";"1";"1";"1";"";"3,8";"";"";"";"";"";"";"";"";"";"";"";"";"";"";"";"";"";"";"";"";"";"";"";"";"Onderwijs en Innovatie (ONI)";"Man";"52";"Dordrecht";"1";"0";"Ik heb een buitenlandse vooropleiding afgerond (bv. A-levels)";"Met mijn partner / een relatie"
"4";"4";"2";"4";"3";"4";"4";"3,8";"4,2";"4,2";"4";"2";"2";"3";"3";"4";"4";"3";"2";"2";"2";"3,4";"4,2";"5,0";"5,0";"5,0";"2,33";"1,0";"2,33";"3,67";"5,0";"3,56";"30";"5,0";"1";"3,0";"1,0";"3,0";"1,0";"1,0";"5,0";"1,0";"1,0";"1,0";"1,0";"4";"3";"3";"5";"4";"4";"4";"3";"3";"4";"4";"5";"4";"4";"3";"1";"1";"3";"1";"1";"1,96";"";"";"";"";"";"";"";"";"";"";"";"";"";"";"";"";"";"";"";"";"";"";"";"";"Onderwijs en Innovatie (ONI)";"Vrouw";"38";"Dordrecht";"1";"0";"Mbo";"Met mijn partner / een relatie"
"4";"4";"4";"1";"2";"4";"3";"4,6";"4,2";"4,2";"4";"5";"3";"5";"5";"5";"4";"4";"5";"2";"3";"3,8";"3,8";"2,33";"2,33";"2,33";"3,67";"2,33";"3,67";"2,33";"2,33";"1,0";"30";"1,0";"1";"5,0";"1,0";"1,0";"1,0";"5,0";"3,0";"1,0";"1,0";"1,0";"1,0";"5";"4";"1";"5";"4";"4";"3";"3";"4";"3";"3";"5";"1";"2";"5";"5";"3";"4";"1";"3";"2,2";"";"";"";"";"";"";"";"";"";"";"";"";"";"";"";"";"";"";"";"";"";"";"";"";"Onderwijs en Innovatie (ONI)";"Vrouw";"17";"Dordrecht";"1";"0";"Havo";"Bij mijn ouder(s)/verzorger(s)"
"3";"5";"5";"3";"2";"2";"3";"4,2";"3,4";"4,2";"3";"2";"2";"3";"4";"3";"4";"3";"3";"1";"4";"4,2";"3,4";"2,33";"2,33";"1,0";"2,33";"1,0";"3,67";"2,33";"2,33";"3,6";"30";"2,6";"0";"1,0";"1,0";"1,0";"1,0";"1,0";"1,0";"1,0";"1,0";"1,0";"1,0";"4";"5";"3";"4";"5";"5";"5";"3";"3";"4";"3";"5";"3";"3";"3";"5";"5";"4";"1";"5";"1,4";"";"";"";"";"";"";"";"";"";"";"";"";"";"";"";"";"";"";"";"";"";"";"";"";"Verloskunde Academie";"Vrouw";"18";"Groningen (Verloskunde Academie)";"1";"0";"Anders, namelijk (vul in):";"In een studentenhuis / met meerdere studenten samen"
"3";"4";"4";"3";"3";"5";"3";"3,8";"3,8";"4,2";"2";"2";"1";"3";"2";"5";"5";"2";"4";"4";"4";"4,2";"4,2";"2,33";"2,33";"1,0";"2,33";"1,0";"2,33";"2,33";"2,33";"3,64";"30";"3,4";"0";"3,0";"1,0";"1,0";"1,0";"5,0";"5,0";"1,0";"1,0";"1,0";"1,0";"3";"2";"4";"3";"5";"5";"4";"5";"5";"5";"5";"5";"4";"5";"5";"1";"1";"1";"1";"3";"1,8";"";"";"";"";"";"";"";"";"";"";"";"";"";"";"";"";"";"";"";"";"";"";"";"";"Agri, Food and Life Sciences (AFL)";"Man";"22";"Amsterdam";"2";"0";"Havo";"Bij mijn ouder(s)/verzorger(s)"
"3";"5";"4";"3";"2";"1";"2";"4,2";"3,4";"3,8";"";"1";"";"1";"";"2";"1";"3";"1";"1";"3";"3,4";"4,2";"2,33";"2,33";"1,0";"2,33";"1,0";"2,33";"2,33";"2,33";"4,24";"30";"3,4";"0";"1,0";"1,0";"5,0";"1,0";"1,0";"1,0";"1,0";"1,0";"1,0";"1,0";"4";"3";"3";"5";"5";"5";"3";"3";"3";"2";"3";"3";"3";"4";"1";"1";"1";"1";"1";"";"3,4";"3";"4";"1";"1";"1";"1";"5";"1";"1";"5";"2";"3";"5";"2";"3";"5";"5";"3";"5";"5";"5";"4";"4";"4";"Gezondheid, Sport en Welzijn (GSW)";"Vrouw";"42";"Amsterdam";"2";"0";"Mbo";"Anders"
"3";"3";"3";"3";"2";"3";"2";"3,4";"3,8";"3,4";"3";"4";"3";"4";"4";"4";"3";"4";"5";"";"4";"4,2";"4,2";"1,0";"2,33";"2,33";"2,33";"1,0";"2,33";"1,0";"2,33";"3,84";"30";"1,8";"0";"1,0";"1,0";"1,0";"1,0";"1,0";"5,0";"1,0";"1,0";"1,0";"1,0";"4";"5";"2";"4";"4";"4";"4";"3";"5";"4";"4";"4";"3";"4";"3";"1";"1";"1";"1";"1";"3,8";"4";"3";"3";"4";"1";"3";"4";"3";"4";"4";"3";"3";"2";"3";"3";"4";"3";"3";"3";"4";"4";"4";"3";"3";"Techniek, Ontwerpen en Informatica (TOI)";"Man";"23";"Alkmaar";"2";"0";"Havo";"Bij mijn ouder(s)/verzorger(s)"
"4";"4";"4";"3";"3";"5";"1";"5,0";"2,2";"4,2";"1";"4";"2";"4";"4";"4";"2";"2";"3";"1";"4";"4,6";"4,6";"1,0";"2,33";"2,33";"2,33";"1,0";"1,0";"1,0";"1,0";"4,16";"30";"1,0";"0";"1,0";"1,0";"1,0";"1,0";"1,0";"1,0";"1,0";"1,0";"1,0";"1,0";"5";"5";"1";"5";"4";"5";"3";"3";"3";"2";"1";"3";"3";"4";"3";"1";"1";"1";"1";"3";"2,2";"2";"2";"4";"2";"2";"2";"4";"4";"2";"4";"2";"2";"2";"4";"2";"3";"2";"4";"4";"3";"3";"3";"2";"2";"Techniek, Ontwerpen en Informatica (TOI)";"Man";"38";"Alkmaar";"2";"0";"Mbo";"Met mijn partner / een relatie"
"3";"4";"4";"3";"3";"2";"4";"4,2";"3,4";"3,8";"";"4";"";"";"";"3";"";"4";"3";"1";"4";"4,2";"4,2";"1,0";"1,0";"2,33";"1,0";"1,0";"1,0";"1,0";"2,33";"4,04";"30";"1,0";"0";"3,0";"1,0";"1,0";"1,0";"1,0";"1,0";"1,0";"1,0";"1,0";"1,0";"4";"5";"3";"4";"4";"4";"3";"1";"2";"1";"3";"5";"3";"3";"2";"1";"1";"1";"1";"2";"3,4";"3";"1";"4";"1";"1";"1";"5";"4";"1";"3";"2";"2";"2";"4";"1";"5";"2";"3";"3";"3";"3";"4";"3";"3";"Gezondheid, Sport en Welzijn (GSW)";"Vrouw";"40";"Haarlem";"2";"0";"Mbo";"Met mijn partner / een relatie"
"3";"3";"3";"1";"2";"1";"3";"3,4";"3,0";"3,4";"3";"3";"2";"3";"3";"4";"3";"4";"4";"3";"4";"4,6";"3,4";"2,33";"2,33";"1,0";"2,33";"2,33";"1,0";"2,33";"2,33";"3,4";"30";"1,0";"0";"1,0";"1,0";"1,0";"1,0";"3,0";"3,0";"1,0";"1,0";"1,0";"1,0";"3";"3";"4";"4";"3";"4";"4";"4";"4";"4";"2";"3";"3";"3";"2";"1";"1";"1";"";"4";"2,2";"3";"1";"4";"1";"3";"2";"4";"3";"4";"4";"4";"4";"4";"3";"4";"3";"4";"3";"4";"4";"3";"4";"3";"4";"Business, Finance and Law (BFL)";"Vrouw";"18";"Haarlem";"2";"0";"Havo";"Bij mijn ouder(s)/verzorger(s)"
"3";"3";"3";"4";"2";"2";"2";"3,4";"4,2";"3,4";"2";"2";"3";"4";"5";"4";"5";"2";"4";"1";"4";"3,8";"3,8";"2,33";"3,67";"1,0";"3,67";"2,33";"3,67";"2,33";"3,67";"4,2";"30";"1,8";"0";"1,0";"1,0";"5,0";"1,0";"1,0";"3,0";"1,0";"1,0";"1,0";"1,0";"4";"5";"3";"5";"4";"4";"4";"4";"4";"3";"3";"4";"3";"3";"3";"1";"1";"3";"1";"2";"2,92";"4";"4";"3";"2";"2";"2";"5";"4";"4";"4";"4";"4";"4";"2";"4";"4";"3";"4";"4";"4";"4";"4";"4";"3";"Onderwijs en Innovatie (ONI)";"Vrouw";"31";"Haarlem";"2";"0";"Havo";"Alleen"
"3";"3";"3";"3";"2";"3";"3";"3,4";"3,8";"3,4";"1";"3";"1";"2";"3";"3";"5";"2";"3";"3";"3";"3,8";"3,4";"1,0";"2,33";"2,33";"2,33";"1,0";"2,33";"1,0";"2,33";"3,52";"30";"2,6";"1";"1,0";"1,0";"1,0";"1,0";"1,0";"3,0";"1,0";"1,0";"1,0";"1,0";"3";"4";"2";"4";"4";"4";"4";"4";"5";"4";"3";"4";"3";"3";"2";"2";"3";"3";"1";"3";"2,2";"";"";"";"";"";"";"";"";"";"";"";"";"";"";"";"";"";"";"";"";"";"";"";"";"Gezondheid, Sport en Welzijn (GSW)";"Man";"18";"Haarlem";"2";"0";"Havo";"Bij mijn ouder(s)/verzorger(s)"
"2";"2";"2";"3";"4";"3";"4";"1,8";"3,4";"1,8";"4";"2";"1";"3";"4";"3";"3";"1";"3";"5";"4";"3,8";"4,2";"1,0";"2,33";"3,67";"2,33";"2,33";"2,33";"1,0";"2,33";"3,68";"30";"1,0";"1";"1,0";"1,0";"1,0";"1,0";"5,0";"1,0";"1,0";"1,0";"1,0";"1,0";"3";"2";"3";"4";"3";"3";"4";"4";"4";"4";"4";"4";"4";"3";"2";"1";"1";"1";"1";"5";"1,96";"";"";"";"";"";"";"";"";"";"";"";"";"";"";"";"";"";"";"";"";"";"";"";"";"Creative Business (CB)";"Vrouw";"18";"Haarlem";"2";"0";"Havo";"Bij mijn ouder(s)/verzorger(s)"
"3";"4";"3";"2";"4";"4";"2";"3,8";"3,4";"3,8";"4";"3";"3";"3";"5";"5";"3";"3";"4";"4";"3";"4,6";"3,8";"1,0";"2,33";"1,0";"1,0";"1,0";"2,33";"2,33";"1,0";"3,8";"30";"3,4";"1";"3,0";"1,0";"1,0";"1,0";"3,0";"1,0";"1,0";"1,0";"1,0";"1,0";"4";"4";"3";"4";"4";"4";"4";"3";"4";"4";"2";"5";"2";"3";"4";"1";"1";"1";"1";"5";"2,6";"";"";"";"";"";"";"";"";"";"";"";"";"";"";"";"";"";"";"";"";"";"";"";"";"Creative Business (CB)";"Vrouw";"18";"Haarlem";"2";"0";"Havo";"Bij mijn ouder(s)/verzorger(s)"
"2";"4";"2";"3";"2";"2";"4";"3,8";"3,0";"2,6";"2";"3";"3";"4";"4";"5";"1";"2";"2";"1";"4";"3,8";"3,4";"2,33";"2,33";"2,33";"2,33";"2,33";"2,33";"2,33";"3,67";"3,8";"30";"1,0";"0";"1,0";"1,0";"3,0";"1,0";"1,0";"5,0";"1,0";"1,0";"1,0";"1,0";"3";"4";"3";"4";"4";"2";"1";"1";"1";"2";"2";"4";"4";"3";"4";"2";"2";"1";"1";"4";"2,92";"";"";"";"";"";"";"";"";"";"";"";"";"";"";"";"";"";"";"";"";"";"";"";"";"Onderwijs en Innovatie (ONI)";"Vrouw";"21";"Haarlem";"2";"0";"Mbo";"Bij mijn ouder(s)/verzorger(s)"
"3";"4";"4";"2";"3";"3";"2";"3,4";"2,6";"4,6";"2";"1";"1";"2";"1";"1";"1";"3";"1";"3";"4";"4,6";"3,8";"2,33";"1,0";"2,33";"2,33";"1,0";"2,33";"2,33";"1,0";"3,8";"30";"1,0";"0";"1,0";"1,0";"1,0";"1,0";"1,0";"1,0";"1,0";"1,0";"1,0";"1,0";"3";"3";"3";"4";"5";"5";"4";"4";"4";"4";"4";"4";"4";"4";"2";"1";"1";"1";"1";"3";"2,44";"";"";"";"";"";"";"";"";"";"";"";"";"";"";"";"";"";"";"";"";"";"";"";"";"Gezondheid, Sport en Welzijn (GSW)";"Vrouw";"20";"Haarlem";"2";"0";"Mbo";"Bij mijn ouder(s)/verzorger(s)"
"2";"3";"3";"5";"3";"4";"4";"3,4";"4,6";"3,0";"3";"2";"4";"1";"2";"5";"5";"5";"4";"5";"3";"3,8";"3,8";"2,33";"3,67";"2,33";"1,0";"1,0";"1,0";"1,0";"5,0";"3,64";"30";"1,0";"1";"3,0";"5,0";"3,0";"1,0";"1,0";"5,0";"1,0";"1,0";"1,0";"1,0";"4";"3";"4";"4";"4";"2";"3";"2";"1";"3";"4";"5";"3";"2";"2";"1";"1";"1";"1";"4";"2,2";"4";"1";"3";"5";"5";"3";"3";"4";"5";"4";"1";"2";"1";"5";"2";"3";"3";"4";"4";"4";"4";"2";"2";"2";"Gezondheid, Sport en Welzijn (GSW)";"Vrouw";"19";"Haarlem";"2";"0";"Havo";"Bij mijn ouder(s)/verzorger(s)"
"3";"4";"3";"1";"2";"2";"2";"3,8";"1,8";"4,2";"2";"2";"1";"3";"3";"5";"2";"3";"4";"1";"4";"4,2";"3,8";"1,0";"1,0";"3,67";"2,33";"1,0";"3,67";"1,0";"2,33";"3,88";"30";"2,6";"0";"5,0";"1,0";"1,0";"1,0";"1,0";"3,0";"3,0";"1,0";"1,0";"1,0";"3";"3";"2";"4";"4";"5";"3";"2";"4";"4";"3";"4";"2";"2";"1";"1";"2";"3";"1";"3";"1,96";"2";"3";"3";"4";"4";"3";"3";"3";"3";"5";"2";"2";"2";"3";"2";"4";"4";"3";"3";"4";"4";"4";"4";"3";"Gezondheid, Sport en Welzijn (GSW)";"Man";"20";"Haarlem";"2";"0";"Vwo";"Bij mijn ouder(s)/verzorger(s)"
"5";"5";"5";"2";"2";"2";"1";"4,6";"3,0";"4,6";"3";"3";"3";"3";"3";"3";"4";"3";"4";"2";"5";"3,8";"3,4";"2,33";"2,33";"2,33";"2,33";"1,0";"2,33";"1,0";"1,0";"3,84";"30";"1,0";"0";"1,0";"1,0";"1,0";"1,0";"1,0";"1,0";"1,0";"1,0";"1,0";"1,0";"5";"5";"1";"5";"5";"5";"5";"5";"5";"4";"3";"5";"4";"4";"4";"3";"3";"3";"1";"5";"3,0";"2";"2";"2";"2";"1";"1";"5";"3";"3";"4";"2";"3";"4";"3";"3";"4";"3";"4";"4";"5";"5";"5";"4";"4";"Onderwijs en Innovatie (ONI)";"Vrouw";"40";"Den Haag";"2";"0";"Mbo";"Anders"
"4";"4";"4";"3";"2";"1";"1";"5,0";"3,8";"4,6";"2";"3";"2";"2";"2";"4";"1";"2";"3";"";"4";"4,6";"4,6";"1,0";"2,33";"2,33";"2,33";"2,33";"2,33";"3,67";"1,0";"4,28";"30";"1,0";"0";"1,0";"1,0";"1,0";"1,0";"1,0";"5,0";"1,0";"1,0";"1,0";"1,0";"4";"5";"3";"5";"5";"5";"3";"3";"3";"2";"4";"5";"5";"5";"5";"4";"3";"2";"1";"3";"2,92";"";"";"";"";"";"";"";"";"";"";"";"";"";"";"";"";"";"";"";"";"";"";"";"";"Onderwijs en Innovatie (ONI)";"Vrouw";"39";"Dordrecht";"2";"0";"Mbo";"Anders"
"2";"3";"3";"3";"2";"2";"2";"3,4";"3,4";"3,4";"";"4";"";"2";"";"3";"";"2";"3";"1";"4";"3,8";"3,8";"2,33";"1,0";"3,67";"2,33";"1,0";"2,33";"2,33";"2,33";"3,8";"30";"1,0";"1";"1,0";"1,0";"1,0";"1,0";"1,0";"3,0";"1,0";"1,0";"1,0";"1,0";"4";"5";"3";"5";"4";"4";"5";"4";"5";"5";"3";"5";"3";"4";"2";"1";"1";"5";"1";"2";"3,24";"2";"3";"3";"1";"1";"2";"4";"4";"4";"2";"4";"3";"4";"2";"4";"3";"2";"4";"4";"4";"4";"4";"4";"4";"Onderwijs en Innovatie (ONI)";"Vrouw";"39";"Dordrecht";"2";"0";"Mbo";"Met mijn partner / een relatie"
"1";"2";"2";"3";"2";"3";"4";"3,4";"3,4";"1,8";"4";"2";"4";"3";"5";"3";"5";"1";"4";"4";"2";"3,8";"4,2";"2,33";"2,33";"1,0";"3,67";"1,0";"2,33";"1,0";"2,33";"4,2";"30";"1,0";"0";"3,0";"3,0";"3,0";"1,0";"1,0";"1,0";"5,0";"1,0";"1,0";"1,0";"4";"3";"4";"4";"2";"5";"3";"4";"5";"4";"3";"4";"1";"4";"1";"1";"1";"1";"1";"4";"2,28";"2";"4";"2";"4";"1";"1";"4";"4";"4";"4";"3";"2";"3";"2";"2";"4";"4";"3";"5";"5";"4";"4";"3";"3";"Business, Finance and Law (BFL)";"Man";"24";"Amsterdam";"3";"0";"Havo";"Bij mijn ouder(s)/verzorger(s)"
"3";"4";"3";"2";"1";"3";"4";"3,8";"2,6";"3,4";"1";"1";"1";"2";"1";"1";"1";"1";"1";"3";"2";"3,4";"4,2";"1,0";"3,67";"5,0";"2,33";"3,67";"2,33";"1,0";"1,0";"3,88";"30";"1,0";"0";"1,0";"1,0";"1,0";"1,0";"1,0";"1,0";"1,0";"1,0";"1,0";"1,0";"4";"5";"2";"5";"5";"5";"3";"3";"4";"2";"3";"4";"3";"4";"2";"1";"1";"1";"1";"4";"2,6";"";"";"";"";"";"";"";"";"";"";"";"";"";"";"";"";"";"";"";"";"";"";"";"";"Techniek, Ontwerpen en Informatica (TOI)";"Man";"22";"Amsterdam";"3";"0";"Mbo";"Bij mijn ouder(s)/verzorger(s)"
"4";"4";"4";"3";"3";"3";"2";"3,4";"4,2";"3,8";"4";"5";"4";"5";"5";"4";"4";"4";"4";"5";"3";"3,8";"3,0";"2,33";"2,33";"2,33";"2,33";"2,33";"2,33";"2,33";"2,33";"3,68";"30";"2,6";"0";"5,0";"1,0";"1,0";"1,0";"1,0";"5,0";"1,0";"1,0";"1,0";"1,0";"5";"5";"2";"4";"4";"3";"4";"3";"3";"3";"2";"5";"3";"4";"3";"1";"1";"1";"1";"5";"1,64";"";"";"";"";"";"";"";"";"";"";"";"";"";"";"";"";"";"";"";"";"";"";"";"";"Gezondheid, Sport en Welzijn (GSW)";"Vrouw";"22";"Amsterdam";"3";"0";"Havo";"Bij mijn ouder(s)/verzorger(s)"
"2";"3";"2";"3";"3";"3";"4";"3,4";"3,0";"2,2";"3";"3";"";"";"4";"4";"3";"3";"3";"3";"4";"3,0";"4,2";"2,33";"3,67";"5,0";"2,33";"1,0";"3,67";"2,33";"3,67";"3,8";"30";"1,0";"0";"1,0";"1,0";"1,0";"1,0";"1,0";"3,0";"1,0";"1,0";"1,0";"1,0";"4";"5";"3";"4";"3";"4";"3";"3";"4";"3";"3";"4";"4";"4";"3";"3";"3";"1";"1";"3";"2,2";"";"";"";"";"";"";"";"";"";"";"";"";"";"";"";"";"";"";"";"";"";"";"";"";"Gezondheid, Sport en Welzijn (GSW)";"Vrouw";"21";"Amsterdam";"3";"0";"Mbo";"Bij mijn ouder(s)/verzorger(s)"
"2";"3";"2";"4";"2";"4";"5";"3,0";"3,8";"2,2";"2";"5";"2";"5";"5";"4";"2";"5";"3";"1";"3";"3,4";"4,2";"2,33";"3,67";"3,67";"2,33";"1,0";"3,67";"2,33";"3,67";"3,96";"30";"1,0";"0";"1,0";"1,0";"1,0";"1,0";"1,0";"5,0";"1,0";"1,0";"1,0";"1,0";"2";"5";"2";"4";"3";"4";"4";"4";"4";"4";"2";"5";"4";"4";"2";"1";"4";"1";"1";"1";"2,6";"";"";"";"";"";"";"";"";"";"";"";"";"";"";"";"";"";"";"";"";"";"";"";"";"Business, Finance and Law (BFL)";"Man";"22";"Alkmaar";"3";"0";"Havo";"Bij mijn ouder(s)/verzorger(s)"
"2";"3";"2";"2";"2";"1";"3";"1,8";"2,2";"3,4";"3";"4";"2";"3";"3";"4";"3";"3";"2";"1";"4";"4,2";"3,4";"1,0";"1,0";"2,33";"2,33";"1,0";"1,0";"1,0";"2,33";"3,8";"30";"1,0";"0";"1,0";"3,0";"1,0";"1,0";"3,0";"3,0";"1,0";"1,0";"1,0";"1,0";"2";"4";"3";"5";"3";"4";"4";"3";"5";"4";"2";"4";"3";"3";"3";"2";"3";"2";"1";"3";"2,6";"2";"4";"3";"2";"2";"2";"3";"2";"3";"4";"2";"2";"2";"4";"2";"2";"3";"3";"3";"3";"3";"3";"3";"2";"Creative Business (CB)";"Man";"24";"Rotterdam";"3";"0";"Vwo";"In een studentenhuis / met meerdere studenten samen"
"3";"4";"4";"3";"5";"5";"3";"3,8";"2,6";"3,4";"3";"4";"3";"3";"5";"3";"3";"4";"3";"2";"4";"3,8";"3,8";"2,33";"2,33";"3,67";"3,67";"2,33";"3,67";"2,33";"2,33";"3,76";"30";"1,8";"0";"5,0";"1,0";"1,0";"1,0";"3,0";"3,0";"1,0";"1,0";"1,0";"1,0";"4";"4";"3";"3";"3";"3";"3";"2";"3";"2";"4";"4";"3";"3";"1";"1";"1";"1";"1";"3";"2,2";"";"";"";"";"";"";"";"";"";"";"";"";"";"";"";"";"";"";"";"";"";"";"";"";"Gezondheid, Sport en Welzijn (GSW)";"Man";"23";"Amsterdam";"4";"0";"Havo";"Bij mijn ouder(s)/verzorger(s)"
"2";"3";"2";"3";"4";"4";"2";"4,2";"3,4";"3,8";"2";"4";"2";"4";"3";"3";"1";"1";"4";"1";"4";"3,8";"4,2";"2,33";"1,0";"1,0";"2,33";"3,67";"2,33";"2,33";"2,33";"4,2";"30";"1,0";"0";"1,0";"1,0";"5,0";"1,0";"1,0";"3,0";"5,0";"1,0";"1,0";"1,0";"3";"5";"2";"5";"3";"4";"4";"1";"4";"4";"1";"5";"1";"3";"3";"3";"4";"1";"1";"4";"1,48";"2";"2";"3";"2";"2";"1";"4";"2";"3";"2";"3";"3";"4";"2";"2";"4";"4";"4";"3";"4";"3";"2";"1";"1";"Techniek, Ontwerpen en Informatica (TOI)";"Man";"23";"Alkmaar";"4";"0";"Mbo";"Bij mijn ouder(s)/verzorger(s)"
"1";"2";"2";"5";"5";"2";"4";"2,2";"4,2";"1,8";"";"4";"";"4";"4";"4";"";"4";"4";"2";"3";"3,4";"4,2";"1,0";"2,33";"3,67";"2,33";"2,33";"3,67";"2,33";"3,67";"3,4";"30";"1,0";"0";"5,0";"1,0";"5,0";"1,0";"1,0";"3,0";"5,0";"1,0";"1,0";"1,0";"3";"5";"4";"3";"4";"4";"4";"4";"3";"3";"3";"5";"2";"2";"3";"1";"2";"4";"1";"2";"1,96";"4";"5";"2";"3";"5";"2";"4";"4";"2";"3";"3";"3";"4";"2";"3";"4";"3";"3";"3";"4";"2";"4";"3";"3";"Agri, Food and Life Sciences (AFL)";"Man";"21";"Delft";"4";"0";"Havo";"Bij mijn ouder(s)/verzorger(s)"
"3";"4";"4";"1";"1";"1";"2";"3,8";"2,6";"4,6";"2";"3";"1";"3";"5";"1";"1";"1";"4";"1";"3";"4,6";"3,8";"1,0";"1,0";"1,0";"1,0";"1,0";"1,0";"1,0";"2,33";"3,4";"30";"1,0";"0";"1,0";"3,0";"1,0";"1,0";"1,0";"1,0";"5,0";"1,0";"1,0";"1,0";"3";"5";"2";"4";"4";"4";"4";"4";"4";"4";"2";"4";"4";"4";"3";"1";"1";"1";"1";"2";"3,4";"1";"1";"2";"1";"3";"1";"2";"2";"2";"4";"1";"1";"2";"4";"2";"3";"3";"4";"3";"3";"4";"2";"2";"2";"Agri, Food and Life Sciences (AFL)";"Man";"21";"Delft";"4";"0";"Havo";"Bij mijn ouder(s)/verzorger(s)"
"2";"3";"3";"4";"2";"3";"3";"2,2";"3,8";"2,2";"2";"2";"2";"3";"4";"2";"2";"2";"3";"3";"3";"3,4";"3,4";"3,67";"3,67";"1,0";"3,67";"2,33";"3,67";"2,33";"2,33";"3,4";"30";"1,0";"0";"1,0";"1,0";"5,0";"1,0";"3,0";"1,0";"1,0";"1,0";"1,0";"1,0";"3";"4";"3";"3";"3";"4";"4";"4";"4";"4";"3";"4";"3";"4";"3";"2";"2";"3";"1";"4";"1,8";"5";"3";"3";"4";"4";"3";"4";"3";"4";"2";"5";"4";"3";"2";"4";"4";"5";"4";"4";"4";"4";"4";"4";"4";"Agri, Food and Life Sciences (AFL)";"Man";"22";"Delft";"4";"0";"Mbo";"Bij mijn ouder(s)/verzorger(s)"
"2";"3";"3";"4";"4";"4";"3";"4,6";"3,8";"3,8";"4";"2";"3";"5";"5";"5";"";"3";"5";"";"4";"3,4";"3,0";"2,33";"2,33";"3,67";"2,33";"2,33";"2,33";"3,67";"3,67";"4,04";"30";"1,8";"0";"3,0";"5,0";"5,0";"1,0";"1,0";"5,0";"1,0";"1,0";"1,0";"1,0";"4";"4";"2";"4";"1";"2";"2";"2";"1";"1";"3";"5";"3";"4";"4";"2";"4";"1";"1";"1";"1,8";"4";"4";"4";"5";"3";"5";"5";"4";"4";"4";"3";"3";"4";"3";"2";"4";"3";"4";"4";"4";"2";"3";"1";"1";"Agri, Food and Life Sciences (AFL)";"Anders";"21";"Delft";"4";"0";"Havo";"Met een of enkele huisgenoten / vrienden (geen relatie)"
"4";"4";"3";"3";"2";"2";"3";"3,8";"3,4";"3,4";"3";"3";"2";"3";"4";"2";"2";"3";"4";"1";"3";"3,8";"3,4";"2,33";"3,67";"2,33";"2,33";"2,33";"2,33";"2,33";"3,67";"3,72";"30";"4,2";"0";"1,0";"1,0";"1,0";"1,0";"1,0";"3,0";"1,0";"1,0";"1,0";"1,0";"4";"4";"4";"5";"5";"5";"4";"4";"4";"4";"4";"4";"3";"4";"3";"1";"2";"2";"1";"4";"2,6";"3";"2";"4";"3";"2";"3";"4";"3";"3";"2";"4";"4";"3";"2";"2";"4";"4";"4";"3";"4";"3";"3";"2";"3";"Agri, Food and Life Sciences (AFL)";"Man";"23";"Delft";"4";"0";"Havo";"Bij mijn ouder(s)/verzorger(s)"
"3";"5";"4";"2";"2";"1";"1";"4,6";"3,0";"4,6";"2";"";"";"4";"4";"4";"";"5";"";"";"5";"5,0";"3,8";"1,0";"1,0";"2,33";"1,0";"1,0";"1,0";"1,0";"2,33";"4,24";"30";"1,8";"0";"1,0";"1,0";"1,0";"1,0";"1,0";"3,0";"5,0";"1,0";"1,0";"1,0";"4";"4";"2";"5";"5";"5";"5";"5";"5";"3";"3";"5";"4";"4";"1";"3";"1";"1";"1";"4";"1,8";"2";"2";"2";"4";"2";"1";"4";"2";"4";"5";"1";"1";"3";"4";"1";"4";"4";"5";"3";"5";"5";"4";"4";"3";"Verloskunde Academie";"Vrouw";"22";"Groningen (Verloskunde Academie)";"4";"0";"Havo";"Met mijn partner / een relatie"
"2";"3";"1";"4";"3";"3";"4";"2,2";"3,8";"3,0";"";"1";"";"3";"";"3";"";"4";"2";"";"4";"4,2";"3,8";"1,0";"2,33";"2,33";"5,0";"1,0";"2,33";"2,33";"3,67";"3,52";"30";"2,6";"0";"5,0";"1,0";"1,0";"1,0";"1,0";"1,0";"1,0";"1,0";"1,0";"1,0";"4";"5";"3";"5";"4";"3";"3";"5";"5";"5";"3";"5";"2";"3";"1";"1";"3";"3";"1";"4";"1,16";"2";"1";"4";"4";"1";"1";"1";"5";"1";"4";"2";"2";"2";"4";"2";"5";"4";"5";"2";"3";"3";"2";"2";"2";"Verloskunde Academie";"Vrouw";"24";"Groningen (Verloskunde Academie)";"5 of hoger";"0";"Havo";"Met mijn partner / een relatie"
"3";"2";"2";"3";"3";"3";"4";"3,0";"3,8";"2,6";"3";"3";"4";"4";"4";"4";"4";"4";"4";"4";"3";"3,4";"2,6";"2,33";"2,33";"2,33";"3,67";"2,33";"3,67";"2,33";"2,33";"3,4";"30";"2,6";"0";"3,0";"3,0";"3,0";"3,0";"3,0";"5,0";"3,0";"3,0";"3,0";"3,0";"3";"3";"4";"5";"3";"3";"3";"2";"2";"2";"3";"4";"3";"3";"3";"2";"2";"2";"";"5";"1,4";"4";"4";"3";"3";"3";"4";"4";"4";"5";"2";"4";"4";"4";"2";"4";"3";"2";"2";"3";"4";"4";"4";"2";"2";"Gezondheid, Sport en Welzijn (GSW)";"Vrouw";"20";"Amsterdam";"1";"0";"Havo";"Bij mijn ouder(s)/verzorger(s)"
"1";"4";"2";"3";"3";"4";"4";"3,4";"4,2";"3,4";"3";"2";"2";"5";"2";"5";"5";"5";"3";"2";"5";"3,4";"4,6";"2,33";"3,67";"2,33";"3,67";"2,33";"3,67";"2,33";"3,67";"4,2";"30";"1,0";"0";"1,0";"1,0";"3,0";"3,0";"1,0";"3,0";"1,0";"1,0";"1,0";"1,0";"4";"3";"3";"4";"4";"4";"4";"3";"3";"4";"3";"5";"4";"4";"4";"2";"1";"1";"1";"1";"";"4";"4";"3";"4";"1";"1";"5";"2";"3";"3";"4";"4";"4";"4";"4";"4";"3";"4";"4";"4";"3";"4";"3";"3";"Gezondheid, Sport en Welzijn (GSW)";"Vrouw";"25";"Amsterdam";"1";"0";"Mbo";"Met mijn partner / een relatie"
"4";"5";"3";"3";"3";"4";"2";"4,2";"5,0";"3,0";"3";"1";"5";"4";"";"5";"5";"1";"4";"";"3";"3,8";"5,0";"1,0";"3,67";"2,33";"2,33";"2,33";"2,33";"2,33";"2,33";"3,36";"30";"1,0";"0";"5,0";"5,0";"5,0";"3,0";"5,0";"3,0";"3,0";"1,0";"1,0";"1,0";"4";"5";"3";"5";"4";"5";"4";"5";"5";"5";"4";"5";"5";"4";"4";"3";"3";"1";"1";"5";"2,28";"2";"3";"5";"5";"5";"5";"5";"5";"5";"4";"4";"3";"4";"3";"3";"1";"1";"5";"5";"5";"5";"3";"3";"3";"Creative Business (CB)";"Vrouw";"21";"Amsterdam";"1";"1";"Ik heb een buitenlandse vooropleiding afgerond (bv. A-levels)";"Alleen"
"4";"3";"2";"1";"2";"3";"3";"3,8";"1,4";"4,2";"3";"3";"4";"2";"3";"2";"2";"2";"3";"2";"4";"4,2";"3,4";"2,33";"2,33";"3,67";"2,33";"2,33";"2,33";"3,67";"1,0";"4,92";"30";"1,0";"1";"1,0";"1,0";"1,0";"3,0";"3,0";"3,0";"3,0";"1,0";"1,0";"1,0";"4";"5";"2";"4";"5";"5";"4";"4";"4";"2";"2";"5";"5";"5";"3";"2";"2";"3";"";"4";"3,24";"";"";"";"";"";"";"";"";"";"";"";"";"";"";"";"";"";"";"";"";"";"";"";"";"Creative Business (CB)";"Vrouw";"19";"Amsterdam";"1";"1";"Havo";"Alleen"
"3";"3";"2";"3";"3";"3";"3";"3,4";"3,4";"3,8";"4";"4";"4";"4";"4";"4";"4";"4";"4";"5";"3";"1,4";"2,2";"5,0";"2,33";"2,33";"3,67";"2,33";"3,67";"2,33";"2,33";"3,44";"30";"2,6";"0";"5,0";"3,0";"3,0";"3,0";"1,0";"3,0";"3,0";"3,0";"3,0";"3,0";"4";"3";"1";"1";"4";"4";"3";"3";"2";"3";"3";"2";"2";"3";"3";"3";"3";"3";"";"3";"";"";"";"";"";"";"";"";"";"";"";"";"";"";"";"";"";"";"";"";"";"";"";"";"";"Gezondheid, Sport en Welzijn (GSW)";"Vrouw";"20";"Amsterdam";"1";"0";"Havo";"Bij mijn ouder(s)/verzorger(s)"
"3";"5";"4";"3";"3";"2";"2";"4,2";"3,8";"4,6";"1";"2";"2";"1";"3";"3";"5";"3";"3";"2";"4";"3,4";"4,2";"2,33";"2,33";"2,33";"2,33";"1,0";"2,33";"2,33";"1,0";"3,24";"30";"3,4";"0";"5,0";"1,0";"5,0";"3,0";"3,0";"5,0";"1,0";"1,0";"1,0";"1,0";"5";"5";"2";"5";"5";"4";"4";"3";"2";"2";"3";"4";"4";"4";"2";"1";"1";"1";"1";"4";"1,96";"4";"2";"2";"2";"1";"2";"4";"3";"3";"3";"3";"3";"4";"2";"4";"4";"4";"2";"3";"3";"4";"4";"4";"4";"Gezondheid, Sport en Welzijn (GSW)";"Vrouw";"20";"Amsterdam";"1";"0";"Havo";"Bij mijn ouder(s)/verzorger(s)"
"3";"4";"4";"3";"4";"4";"3";"4,6";"4,2";"3,4";"5";"3";"3";"4";"4";"2";"4";"2";"5";"5";"5";"3,4";"4,2";"1,0";"5,0";"3,67";"2,33";"1,0";"2,33";"2,33";"2,33";"3,92";"30";"1,0";"0";"1,0";"1,0";"1,0";"3,0";"3,0";"3,0";"3,0";"3,0";"3,0";"3,0";"4";"5";"3";"5";"5";"5";"4";"4";"4";"5";"4";"5";"4";"5";"3";"1";"1";"1";"1";"4";"2,2";"3";"3";"2";"3";"5";"3";"5";"3";"2";"3";"2";"3";"3";"3";"3";"4";"5";"5";"5";"5";"5";"5";"5";"5";"Gezondheid, Sport en Welzijn (GSW)";"Vrouw";"20";"Amsterdam";"1";"0";"Havo";"Bij mijn ouder(s)/verzorger(s)"
"2";"5";"2";"3";"3";"3";"3";"3,8";"3,4";"3,4";"4";"3";"2";"3";"4";"4";"4";"2";"5";"1";"4";"2,6";"3,8";"2,33";"5,0";"3,67";"3,67";"2,33";"5,0";"1,0";"3,67";"3,4";"30";"1,0";"0";"5,0";"3,0";"3,0";"3,0";"3,0";"3,0";"1,0";"1,0";"1,0";"1,0";"2";"5";"4";"5";"2";"3";"3";"1";"1";"3";"1";"5";"1";"1";"3";"1";"1";"1";"1";"1";"1,64";"";"";"";"";"";"";"";"";"";"";"";"";"";"";"";"";"";"";"";"";"";"";"";"";"Creative Business (CB)";"Man";"20";"Amsterdam";"1";"1";"Havo";"Alleen"
"2";"4";"4";"3";"3";"3";"3";"4,6";"3,4";"3,4";"3";"3";"3";"3";"3";"3";"3";"3";"3";"3";"4";"4,2";"4,6";"2,33";"2,33";"2,33";"3,67";"2,33";"3,67";"2,33";"2,33";"4,08";"30";"1,0";"1";"1,0";"1,0";"1,0";"3,0";"3,0";"3,0";"3,0";"3,0";"3,0";"3,0";"5";"4";"4";"2";"3";"3";"3";"3";"3";"3";"3";"3";"3";"3";"3";"3";"3";"3";"1";"3";"4,28";"";"";"";"";"";"";"";"";"";"";"";"";"";"";"";"";"";"";"";"";"";"";"";"";"Agri, Food and Life Sciences (AFL)";"Man";"18";"Amsterdam";"1";"0";"Havo";"Bij mijn ouder(s)/verzorger(s)"
"3";"4";"5";"3";"2";"3";"4";"3,4";"4,2";"4,2";"3";"5";"2";"4";"5";"";"4";"4";"4";"1";"4";"3,8";"3,8";"3,67";"2,33";"1,0";"2,33";"1,0";"1,0";"1,0";"2,33";"3,28";"30";"2,6";"1";"3,0";"5,0";"5,0";"3,0";"5,0";"5,0";"1,0";"1,0";"1,0";"1,0";"4";"4";"4";"4";"5";"4";"4";"4";"4";"4";"5";"5";"1";"4";"4";"1";"3";"2";"1";"5";"2,2";"4";"4";"3";"4";"1";"3";"4";"4";"5";"4";"2";"2";"5";"3";"4";"3";"4";"5";"5";"5";"3";"4";"3";"3";"Gezondheid, Sport en Welzijn (GSW)";"Man";"18";"Alkmaar";"1";"0";"Havo";"Bij mijn ouder(s)/verzorger(s)"
"3";"4";"3";"2";"3";"3";"2";"4,2";"3,4";"3,4";"2";"4";"1";"3";"3";"3";"3";"2";"3";"1";"3";"4,6";"3,8";"1,0";"1,0";"2,33";"2,33";"1,0";"2,33";"1,0";"1,0";"3,6";"30";"2,6";"0";"1,0";"1,0";"1,0";"3,0";"3,0";"3,0";"3,0";"1,0";"1,0";"1,0";"4";"4";"1";"4";"4";"5";"4";"4";"4";"4";"3";"5";"4";"4";"3";"2";"1";"3";"1";"5";"1,0";"";"";"";"";"";"";"";"";"";"";"";"";"";"";"";"";"";"";"";"";"";"";"";"";"Business, Finance and Law (BFL)";"Vrouw";"20";"Alkmaar";"1";"0";"Havo";"Bij mijn ouder(s)/verzorger(s)"
"2";"2";"3";"3";"4";"2";"4";"2,2";"1,8";"3,4";"2";"3";"2";"3";"2";"2";"3";"2";"2";"4";"2";"1,8";"3,8";"1,0";"2,33";"2,33";"3,67";"2,33";"2,33";"1,0";"3,67";"3,2";"30";"2,6";"1";"1,0";"1,0";"1,0";"3,0";"3,0";"3,0";"1,0";"1,0";"1,0";"1,0";"3";"4";"4";"5";"3";"3";"4";"2";"3";"4";"2";"4";"3";"3";"2";"1";"3";"3";"";"5";"2,12";"";"";"";"";"";"";"";"";"";"";"";"";"";"";"";"";"";"";"";"";"";"";"";"";"Business, Finance and Law (BFL)";"Man";"18";"Alkmaar";"1";"0";"Havo";"Bij mijn ouder(s)/verzorger(s)"
"2";"4";"2";"1";"3";"5";"3";"4,2";"3,8";"3,8";"3";"3";"";"";"";"";"4";"1";"3";"3";"3";"3,8";"4,6";"3,67";"2,33";"5,0";"3,67";"2,33";"3,67";"3,67";"3,67";"4,2";"30";"4,2";"1";"5,0";"5,0";"1,0";"3,0";"1,0";"3,0";"1,0";"1,0";"1,0";"1,0";"3";"5";"5";"5";"4";"2";"2";"2";"3";"3";"2";"5";"3";"4";"3";"3";"1";"1";"";"1";"2,92";"3";"3";"4";"3";"4";"4";"3";"4";"1";"3";"3";"3";"4";"3";"3";"5";"3";"4";"3";"4";"4";"3";"1";"1";"Onderwijs en Innovatie (ONI)";"Man";"35";"Alkmaar";"1";"0";"Vwo";"Met mijn partner / een relatie"
"3";"4";"4";"2";"3";"3";"3";"4,6";"2,6";"4,6";"3";"3";"2";"3";"3";"3";"2";"2";"2";"2";"4";"4,2";"4,6";"1,0";"1,0";"1,0";"1,0";"1,0";"1,0";"1,0";"1,0";"4,2";"30";"1,0";"0";"1,0";"1,0";"1,0";"3,0";"1,0";"3,0";"1,0";"1,0";"3,0";"1,0";"5";"4";"4";"4";"4";"4";"4";"3";"2";"3";"3";"4";"2";"3";"2";"2";"2";"2";"1";"5";"1,8";"2";"2";"2";"2";"2";"2";"3";"2";"2";"4";"2";"2";"2";"2";"2";"3";"4";"4";"4";"4";"4";"4";"4";"4";"Creative Business (CB)";"Vrouw";"21";"Haarlem";"1";"0";"Mbo";"Bij mijn ouder(s)/verzorger(s)"
"1";"3";"2";"3";"3";"5";"5";"3,0";"3,8";"3,8";"2";"3";"2";"3";"5";"3";"4";"3";"3";"3";"3";"3,8";"3,4";"2,33";"1,0";"3,67";"2,33";"1,0";"2,33";"2,33";"2,33";"4,0";"30";"1,0";"0";"1,0";"1,0";"1,0";"3,0";"3,0";"3,0";"3,0";"1,0";"1,0";"1,0";"3";"5";"3";"4";"3";"3";"4";"4";"3";"3";"3";"4";"2";"3";"2";"1";"3";"2";"1";"4";"2,2";"3";"3";"4";"3";"1";"3";"3";"3";"1";"3";"4";"3";"4";"2";"3";"3";"2";"3";"3";"4";"3";"4";"3";"4";"Creative Business (CB)";"Vrouw";"18";"Haarlem";"1";"0";"Havo";"Bij mijn ouder(s)/verzorger(s)"
"3";"4";"3";"2";"1";"3";"2";"4,6";"2,2";"4,2";"1";"";"";"2";"2";"2";"2";"1";"1";"1";"4";"4,6";"3,0";"1,0";"2,33";"1,0";"2,33";"1,0";"2,33";"1,0";"1,0";"4,16";"30";"1,0";"0";"1,0";"1,0";"1,0";"3,0";"3,0";"3,0";"3,0";"3,0";"3,0";"3,0";"4";"5";"2";"4";"5";"5";"4";"4";"3";"3";"3";"4";"2";"3";"3";"2";"2";"1";"1";"4";"3,56";"";"";"";"";"";"";"";"";"";"";"";"";"";"";"";"";"";"";"";"";"";"";"";"";"Gezondheid, Sport en Welzijn (GSW)";"Man";"18";"Haarlem";"1";"0";"Havo";"Bij mijn ouder(s)/verzorger(s)"
"3";"4";"3";"3";"3";"4";"3";"4,2";"3,8";"3,8";"2";"3";"4";"5";"5";"4";"5";"3";"4";"2";"4";"3,8";"3,4";"2,33";"5,0";"1,0";"2,33";"2,33";"2,33";"2,33";"5,0";"3,6";"30";"2,6";"0";"3,0";"1,0";"5,0";"3,0";"1,0";"5,0";"1,0";"1,0";"1,0";"1,0";"3";"4";"4";"4";"3";"3";"3";"5";"4";"4";"3";"5";"3";"3";"2";"1";"1";"1";"1";"3";"1,8";"3";"4";"3";"4";"5";"3";"4";"4";"4";"3";"4";"4";"5";"2";"4";"4";"2";"3";"3";"4";"2";"4";"3";"3";"Gezondheid, Sport en Welzijn (GSW)";"Man";"22";"Haarlem";"1";"0";"Mbo";"Bij mijn ouder(s)/verzorger(s)"
"3";"5";"4";"2";"1";"1";"1";"5,0";"3,4";"4,2";"";"3";"";"3";"";"3";"3";"1";"2";"1";"4";"4,6";"4,2";"1,0";"2,33";"2,33";"2,33";"1,0";"2,33";"1,0";"2,33";"4,2";"30";"1,0";"0";"1,0";"1,0";"1,0";"3,0";"3,0";"3,0";"3,0";"3,0";"3,0";"3,0";"5";"2";"2";"4";"4";"5";"4";"4";"3";"4";"2";"4";"3";"3";"3";"1";"1";"1";"1";"2";"2,6";"";"";"";"";"";"";"";"";"";"";"";"";"";"";"";"";"";"";"";"";"";"";"";"";"Gezondheid, Sport en Welzijn (GSW)";"Man";"27";"Haarlem";"1";"0";"Mbo";"Bij mijn ouder(s)/verzorger(s)"
"2";"4";"4";"3";"3";"5";"4";"4,2";"3,8";"3,8";"1";"3";"1";"1";"4";"2";"1";"1";"4";"5";"4";"3,4";"3,4";"2,33";"3,67";"3,67";"3,67";"1,0";"3,67";"1,0";"5,0";"3,84";"30";"1,0";"0";"3,0";"1,0";"1,0";"3,0";"3,0";"3,0";"3,0";"3,0";"3,0";"3,0";"4";"5";"4";"5";"4";"5";"5";"4";"3";"5";"3";"5";"4";"2";"4";"1";"3";"4";"1";"3";"3,56";"2";"4";"5";"1";"1";"2";"5";"2";"2";"2";"2";"2";"2";"3";"3";"5";"1";"3";"1";"1";"2";"2";"1";"2";"Gezondheid, Sport en Welzijn (GSW)";"Man";"18";"Haarlem";"1";"0";"Havo";"In een studentenhuis / met meerdere studenten samen"
"1";"4";"4";"4";"4";"4";"5";"3,4";"4,2";"3,4";"";"";"";"3";"4";"4";"4";"4";"4";"4";"3";"3,0";"3,4";"3,67";"3,67";"3,67";"3,67";"2,33";"2,33";"2,33";"3,67";"3,84";"30";"1,0";"0";"1,0";"1,0";"1,0";"3,0";"1,0";"5,0";"1,0";"1,0";"3,0";"1,0";"5";"5";"3";"3";"2";"2";"3";"3";"3";"3";"2";"3";"1";"2";"3";"1";"1";"4";"1";"1";"3,56";"3";"4";"3";"2";"4";"4";"5";"3";"4";"3";"4";"4";"4";"4";"5";"3";"5";"3";"3";"4";"4";"4";"3";"4";"Gezondheid, Sport en Welzijn (GSW)";"Vrouw";"19";"Haarlem";"1";"0";"Havo";"Bij mijn ouder(s)/verzorger(s)"
"4";"4";"4";"3";"2";"2";"2";"4,2";"3,8";"3,8";"1";"2";"2";"2";"2";"2";"3";"4";"4";"3";"4";"4,2";"3,4";"2,33";"1,0";"3,67";"3,67";"1,0";"2,33";"2,33";"2,33";"3,64";"30";"2,6";"0";"5,0";"1,0";"1,0";"3,0";"3,0";"5,0";"1,0";"1,0";"1,0";"1,0";"5";"3";"3";"4";"3";"4";"4";"4";"4";"4";"4";"5";"4";"4";"3";"3";"2";"4";"";"4";"3,56";"";"";"";"";"";"";"";"";"";"";"";"";"";"";"";"";"";"";"";"";"";"";"";"";"Gezondheid, Sport en Welzijn (GSW)";"Man";"19";"Haarlem";"1";"0";"Havo";"Bij mijn ouder(s)/verzorger(s)"
"3";"4";"4";"2";"2";"1";"2";"4,2";"2,6";"4,2";"";"3";"2";"3";"4";"";"2";"2";"3";"2";"3";"3,8";"3,0";"1,0";"1,0";"2,33";"2,33";"1,0";"2,33";"1,0";"1,0";"3,8";"30";"1,0";"0";"1,0";"1,0";"1,0";"3,0";"1,0";"3,0";"1,0";"3,0";"1,0";"1,0";"4";"5";"1";"4";"5";"5";"4";"5";"4";"4";"4";"5";"4";"4";"3";"1";"3";"3";"1";"4";"1,8";"";"";"";"";"";"";"";"";"";"";"";"";"";"";"";"";"";"";"";"";"";"";"";"";"Onderwijs en Innovatie (ONI)";"Vrouw";"17";"Rotterdam";"1";"0";"Havo";"Bij mijn ouder(s)/verzorger(s)"
"3";"2";"2";"2";"2";"4";"5";"1,8";"3,4";"3,4";"4";"5";"4";"4";"5";"5";"3";"5";"5";"5";"2";"2,6";"2,6";"3,67";"3,67";"3,67";"3,67";"3,67";"3,67";"3,67";"2,33";"3,64";"30";"1,0";"1";"1,0";"1,0";"1,0";"3,0";"1,0";"1,0";"1,0";"1,0";"3,0";"1,0";"2";"3";"4";"4";"3";"2";"4";"2";"3";"1";"1";"4";"1";"1";"1";"3";"1";"3";"";"2";"1,88";"";"";"";"";"";"";"";"";"";"";"";"";"";"";"";"";"";"";"";"";"";"";"";"";"Creative Business (CB)";"Vrouw";"17";"Rotterdam";"1";"0";"Havo";"Bij mijn ouder(s)/verzorger(s)"
"3";"4";"4";"3";"3";"4";"2";"4,2";"3,8";"4,2";"4";"1";"3";"3";"3";"1";"3";"3";"2";"1";"4";"3,8";"4,2";"2,33";"2,33";"3,67";"2,33";"1,0";"2,33";"2,33";"2,33";"4,52";"30";"1,0";"0";"1,0";"1,0";"1,0";"3,0";"3,0";"3,0";"1,0";"1,0";"1,0";"1,0";"4";"5";"3";"5";"5";"5";"5";"5";"5";"5";"5";"5";"4";"4";"4";"1";"1";"1";"1";"3";"3,4";"";"";"";"";"";"";"";"";"";"";"";"";"";"";"";"";"";"";"";"";"";"";"";"";"Onderwijs en Innovatie (ONI)";"Vrouw";"40";"Den Haag";"1";"0";"Mbo";"Met mijn partner / een relatie"
"4";"4";"3";"3";"3";"4";"3";"3,8";"3,4";"4,2";"2";"3";"3";"3";"3";"3";"2";"2";"2";"2";"2";"3,4";"3,8";"2,33";"2,33";"2,33";"3,67";"2,33";"3,67";"2,33";"2,33";"3,8";"30";"1,0";"0";"1,0";"1,0";"5,0";"3,0";"1,0";"3,0";"1,0";"1,0";"1,0";"1,0";"3";"4";"1";"4";"4";"4";"4";"4";"4";"3";"4";"4";"4";"4";"3";"1";"1";"1";"1";"4";"4,2";"3";"4";"2";"4";"1";"4";"4";"4";"4";"2";"4";"4";"4";"3";"4";"4";"2";"4";"3";"4";"4";"4";"3";"3";"Onderwijs en Innovatie (ONI)";"Vrouw";"40";"Den Haag";"1";"0";"Mbo";"Alleen"
"3";"3";"3";"3";"2";"2";"2";"4,2";"3,4";"3,8";"1";"2";"2";"2";"2";"3";"2";"1";"1";"1";"4";"4,2";"3,8";"2,33";"2,33";"2,33";"2,33";"1,0";"2,33";"2,33";"2,33";"4,24";"30";"1,0";"0";"1,0";"1,0";"1,0";"3,0";"3,0";"3,0";"1,0";"1,0";"1,0";"1,0";"4";"4";"2";"4";"4";"4";"4";"4";"4";"4";"4";"4";"3";"3";"3";"1";"1";"2";"1";"5";"3,56";"";"";"";"";"";"";"";"";"";"";"";"";"";"";"";"";"";"";"";"";"";"";"";"";"Onderwijs en Innovatie (ONI)";"Vrouw";"32";"Den Haag";"1";"0";"Mbo";"Met mijn partner / een relatie"
"3";"4";"3";"3";"4";"4";"3";"3,4";"3,8";"3,4";"2";"3";"3";"5";"4";"5";"4";"4";"3";"1";"3";"3,4";"3,8";"2,33";"3,67";"2,33";"3,67";"1,0";"3,67";"2,33";"3,67";"3,2";"30";"1,0";"0";"1,0";"1,0";"1,0";"3,0";"1,0";"3,0";"1,0";"1,0";"1,0";"1,0";"3";"4";"4";"5";"4";"3";"3";"3";"4";"4";"4";"5";"4";"4";"3";"2";"1";"3";"1";"3";"1,0";"4";"3";"3";"2";"2";"2";"5";"3";"3";"2";"4";"3";"4";"3";"4";"4";"3";"4";"4";"4";"4";"4";"3";"2";"Onderwijs en Innovatie (ONI)";"Vrouw";"17";"Den Haag";"1";"0";"Havo";"Bij mijn ouder(s)/verzorger(s)"
"2";"4";"3";"3";"4";"2";"5";"3,8";"2,2";"2,6";"3";"5";"";"5";"4";"";"4";"1";"3";"2";"3";"2,6";"3,4";"3,67";"2,33";"2,33";"5,0";"2,33";"3,67";"3,67";"5,0";"3,56";"30";"1,0";"0";"1,0";"1,0";"5,0";"3,0";"1,0";"3,0";"1,0";"1,0";"5,0";"1,0";"3";"4";"5";"2";"3";"2";"1";"1";"1";"3";"2";"4";"1";"4";"4";"4";"3";"1";"1";"3";"2,2";"3";"2";"3";"3";"4";"4";"2";"3";"2";"1";"4";"4";"4";"2";"5";"3";"3";"3";"4";"3";"3";"4";"5";"4";"Agri, Food and Life Sciences (AFL)";"Anders";"18";"Delft";"1";"0";"Havo";"Bij mijn ouder(s)/verzorger(s)"
"3";"4";"3";"3";"3";"4";"4";"3,8";"4,2";"3,8";"2";"4";"3";"5";"4";"4";"5";"3";"4";"4";"4";"3,4";"4,6";"3,67";"3,67";"1,0";"3,67";"2,33";"3,67";"2,33";"3,67";"3,8";"30";"1,0";"0";"5,0";"1,0";"5,0";"3,0";"3,0";"3,0";"1,0";"1,0";"1,0";"1,0";"4";"4";"3";"4";"4";"3";"4";"3";"4";"3";"3";"4";"4";"4";"3";"2";"2";"2";"";"4";"1,64";"4";"4";"4";"2";"3";"3";"4";"3";"4";"2";"4";"3";"3";"4";"3";"4";"3";"4";"4";"4";"4";"4";"3";"3";"Onderwijs en Innovatie (ONI)";"Vrouw";"19";"Dordrecht";"1";"0";"Havo";"Bij mijn ouder(s)/verzorger(s)"
"3";"4";"4";"3";"1";"3";"2";"3,4";"2,6";"3,4";"2";"3";"3";"3";"4";"3";"3";"3";"3";"3";"4";"4,2";"3,8";"2,33";"2,33";"2,33";"2,33";"2,33";"2,33";"2,33";"2,33";"3,6";"30";"1,0";"0";"1,0";"1,0";"1,0";"3,0";"3,0";"3,0";"1,0";"1,0";"1,0";"1,0";"4";"4";"3";"5";"4";"4";"5";"4";"5";"4";"4";"5";"4";"5";"4";"3";"1";"3";"1";"5";"2,6";"";"";"";"";"";"";"";"";"";"";"";"";"";"";"";"";"";"";"";"";"";"";"";"";"Onderwijs en Innovatie (ONI)";"Vrouw";"23";"Dordrecht";"1";"0";"Mbo";"Bij mijn ouder(s)/verzorger(s)"
"2";"2";"2";"4";"4";"2";"4";"3,0";"3,4";"2,6";"3";"4";"3";"4";"2";"2";"4";"3";"5";"1";"3";"3,8";"4,2";"2,33";"3,67";"5,0";"2,33";"1,0";"2,33";"2,33";"2,33";"3,4";"30";"1,0";"1";"1,0";"1,0";"1,0";"3,0";"1,0";"3,0";"1,0";"1,0";"1,0";"1,0";"4";"3";"3";"3";"4";"4";"4";"4";"4";"3";"4";"5";"3";"3";"3";"4";"2";"3";"1";"4";"1,48";"3";"1";"3";"1";"1";"2";"4";"4";"2";"4";"4";"4";"4";"2";"4";"3";"3";"4";"3";"3";"3";"4";"3";"4";"Onderwijs en Innovatie (ONI)";"Vrouw";"18";"Dordrecht";"1";"0";"Havo";"Bij mijn ouder(s)/verzorger(s)"
"3";"4";"3";"3";"3";"4";"3";"3,8";"3,8";"3,8";"2";"3";"2";"2";"3";"5";"3";"3";"4";"1";"4";"3,4";"4,2";"2,33";"2,33";"5,0";"3,67";"2,33";"3,67";"2,33";"2,33";"3,92";"30";"1,0";"0";"1,0";"1,0";"3,0";"3,0";"3,0";"3,0";"1,0";"1,0";"1,0";"1,0";"4";"4";"3";"4";"4";"4";"4";"3";"4";"4";"3";"4";"3";"4";"4";"1";"1";"1";"1";"1";"3,16";"";"";"";"";"";"";"";"";"";"";"";"";"";"";"";"";"";"";"";"";"";"";"";"";"Onderwijs en Innovatie (ONI)";"Vrouw";"23";"Dordrecht";"1";"0";"Mbo";"Bij mijn ouder(s)/verzorger(s)"
"3";"4";"3";"3";"2";"4";"3";"4,2";"3,4";"4,2";"4";"3";"5";"5";"5";"3";"3";"3";"4";"3";"3";"3,4";"4,2";"2,33";"2,33";"1,0";"2,33";"2,33";"2,33";"2,33";"2,33";"3,6";"30";"1,0";"0";"1,0";"1,0";"1,0";"3,0";"1,0";"3,0";"1,0";"1,0";"1,0";"1,0";"4";"4";"3";"4";"4";"4";"4";"4";"4";"3";"3";"4";"3";"4";"3";"2";"2";"2";"1";"3";"1,4";"2";"3";"2";"3";"4";"3";"5";"3";"2";"4";"3";"3";"4";"3";"3";"3";"3";"4";"4";"4";"4";"4";"4";"4";"Gezondheid, Sport en Welzijn (GSW)";"Vrouw";"21";"Amsterdam";"2";"0";"Mbo";"Bij mijn ouder(s)/verzorger(s)"
"4";"4";"4";"1";"1";"1";"2";"4,2";"1,8";"4,2";"";"";"";"2";"3";"2";"2";"";"";"2";"3";"4,2";"3,8";"1,0";"1,0";"1,0";"1,0";"1,0";"1,0";"2,33";"1,0";"4,0";"30";"1,0";"0";"1,0";"1,0";"1,0";"3,0";"3,0";"3,0";"3,0";"1,0";"1,0";"1,0";"3";"4";"2";"4";"4";"5";"4";"4";"4";"4";"4";"5";"3";"4";"2";"1";"2";"4";"1";"5";"2,6";"";"";"";"";"";"";"";"";"";"";"";"";"";"";"";"";"";"";"";"";"";"";"";"";"Techniek, Ontwerpen en Informatica (TOI)";"Man";"23";"Amsterdam";"2";"0";"Havo";"Bij mijn ouder(s)/verzorger(s)"
"3";"5";"4";"2";"2";"2";"2";"4,2";"3,8";"4,2";"3";"3";"3";"4";"4";"4";"";"3";"3";"3";"4";"3,8";"3,4";"1,0";"1,0";"2,33";"2,33";"2,33";"2,33";"1,0";"1,0";"3,72";"30";"1,0";"0";"1,0";"1,0";"1,0";"3,0";"3,0";"3,0";"1,0";"1,0";"1,0";"1,0";"4";"4";"2";"4";"5";"5";"4";"4";"4";"3";"3";"4";"3";"4";"2";"2";"2";"3";"1";"3";"2,28";"";"";"";"";"";"";"";"";"";"";"";"";"";"";"";"";"";"";"";"";"";"";"";"";"Verloskunde Academie";"Vrouw";"21";"Amsterdam";"2";"0";"Vwo";"Bij mijn ouder(s)/verzorger(s)"
"2";"4";"3";"3";"4";"4";"4";"3,0";"4,2";"3,4";"2";"3";"3";"3";"4";"3";"4";"3";"3";"4";"4";"3,4";"4,2";"3,67";"3,67";"3,67";"3,67";"3,67";"3,67";"3,67";"5,0";"4,0";"30";"1,0";"1";"5,0";"1,0";"5,0";"3,0";"1,0";"5,0";"1,0";"1,0";"1,0";"1,0";"3";"5";"4";"4";"3";"3";"3";"3";"4";"3";"3";"4";"2";"3";"2";"1";"2";"2";"1";"3";"2,12";"4";"3";"4";"3";"4";"4";"4";"4";"3";"2";"5";"5";"5";"1";"5";"3";"3";"3";"4";"4";"3";"4";"2";"2";"Agri, Food and Life Sciences (AFL)";"Vrouw";"20";"Amsterdam";"2";"0";"Havo";"Bij mijn ouder(s)/verzorger(s)"
"3";"4";"3";"4";"3";"4";"3";"3,4";"4,2";"3,8";"5";"4";"4";"4";"3";"4";"3";"4";"3";"4";"4";"3,4";"3,0";"2,33";"2,33";"2,33";"2,33";"3,67";"2,33";"2,33";"3,67";"3,64";"30";"2,6";"0";"1,0";"1,0";"1,0";"3,0";"3,0";"3,0";"1,0";"1,0";"1,0";"1,0";"4";"4";"4";"3";"4";"3";"4";"4";"3";"3";"4";"3";"4";"3";"3";"2";"2";"2";"1";"3";"3,0";"";"";"";"";"";"";"";"";"";"";"";"";"";"";"";"";"";"";"";"";"";"";"";"";"Gezondheid, Sport en Welzijn (GSW)";"Vrouw";"19";"Amsterdam";"2";"0";"Havo";"Bij mijn ouder(s)/verzorger(s)"
"3";"4";"5";"5";"3";"4";"3";"3,4";"4,6";"3,0";"3";"5";"2";"5";"4";"5";"2";"3";"4";"2";"3";"3,8";"1,8";"2,33";"1,0";"2,33";"2,33";"2,33";"1,0";"5,0";"1,0";"4,04";"30";"3,4";"1";"5,0";"1,0";"5,0";"3,0";"5,0";"3,0";"5,0";"3,0";"5,0";"3,0";"4";"4";"3";"5";"4";"5";"5";"5";"5";"5";"4";"5";"3";"4";"4";"4";"1";"1";"1";"3";"2,76";"5";"3";"4";"4";"5";"3";"5";"3";"1";"3";"4";"3";"5";"2";"4";"5";"1";"3";"2";"5";"2";"1";"1";"1";"Creative Business (CB)";"Vrouw";"18";"Amsterdam";"2";"0";"Havo";"Bij mijn ouder(s)/verzorger(s)"
"2";"3";"3";"4";"4";"3";"2";"3,4";"2,2";"3,4";"5";"4";"2";"2";"4";"1";"2";"3";"4";"1";"3";"3,8";"3,4";"1,0";"1,0";"2,33";"3,67";"1,0";"2,33";"2,33";"2,33";"3,8";"30";"1,0";"0";"5,0";"1,0";"1,0";"3,0";"3,0";"3,0";"3,0";"1,0";"1,0";"1,0";"3";"5";"3";"3";"4";"5";"4";"4";"3";"4";"3";"5";"4";"3";"2";"1";"2";"1";"1";"3";"3,4";"";"";"";"";"";"";"";"";"";"";"";"";"";"";"";"";"";"";"";"";"";"";"";"";"Creative Business (CB)";"Man";"21";"Amsterdam";"2";"0";"Havo";"Met een of enkele huisgenoten / vrienden (geen relatie)"
"3";"5";"4";"3";"2";"3";"2";"4,2";"3,8";"4,6";"";"4";"";"4";"4";"";"";"2";"3";"2";"4";"4,6";"3,8";"1,0";"2,33";"2,33";"1,0";"1,0";"1,0";"2,33";"2,33";"4,04";"30";"1,0";"0";"1,0";"1,0";"1,0";"3,0";"3,0";"3,0";"1,0";"1,0";"1,0";"1,0";"5";"5";"2";"5";"5";"5";"4";"4";"4";"3";"3";"5";"4";"4";"3";"1";"1";"1";"1";"4";"3,48";"2";"2";"2";"1";"1";"1";"4";"4";"2";"4";"4";"2";"2";"2";"3";"5";"5";"4";"5";"5";"4";"5";"5";"5";"Gezondheid, Sport en Welzijn (GSW)";"Vrouw";"27";"Amsterdam";"2";"0";"Anders, namelijk (vul in):";"Met mijn partner / een relatie"
"3";"4";"4";"3";"2";"4";"4";"3,8";"4,2";"3,4";"5";"5";"5";"5";"5";"4";"3";"4";"4";"2";"2";"3,0";"3,0";"2,33";"3,67";"3,67";"3,67";"3,67";"3,67";"2,33";"3,67";"3,8";"30";"1,0";"0";"3,0";"5,0";"3,0";"3,0";"3,0";"5,0";"1,0";"1,0";"1,0";"1,0";"4";"4";"3";"4";"4";"5";"2";"2";"2";"2";"2";"4";"4";"4";"4";"4";"4";"4";"1";"3";"2,68";"4";"4";"2";"5";"5";"2";"4";"2";"4";"4";"3";"4";"4";"3";"3";"3";"3";"2";"4";"3";"4";"4";"3";"4";"Agri, Food and Life Sciences (AFL)";"Man";"23";"Amsterdam";"2";"0";"Vwo";"In een studentenhuis / met meerdere studenten samen"
"3";"3";"4";"2";"1";"2";"3";"3,4";"2,2";"3,0";"";"4";"2";"2";"4";"4";"1";"2";"4";"4";"3";"3,4";"4,2";"2,33";"2,33";"1,0";"2,33";"2,33";"1,0";"1,0";"2,33";"4,0";"30";"1,0";"0";"3,0";"1,0";"5,0";"3,0";"1,0";"3,0";"1,0";"1,0";"1,0";"1,0";"4";"3";"3";"5";"3";"5";"4";"4";"3";"2";"4";"4";"4";"3";"2";"2";"4";"1";"1";"3";"";"2";"4";"3";"3";"2";"3";"3";"3";"4";"4";"2";"2";"2";"4";"2";"4";"2";"5";"4";"4";"4";"3";"3";"3";"Techniek, Ontwerpen en Informatica (TOI)";"Man";"20";"Amsterdam";"2";"0";"Havo";"Bij mijn ouder(s)/verzorger(s)"
"3";"4";"3";"1";"1";"1";"2";"4,2";"2,2";"4,2";"2";"2";"2";"2";"2";"3";"1";"1";"2";"1";"4";"4,2";"4,6";"1,0";"1,0";"2,33";"2,33";"1,0";"2,33";"1,0";"2,33";"4,0";"30";"1,0";"0";"1,0";"1,0";"1,0";"3,0";"3,0";"3,0";"1,0";"1,0";"1,0";"1,0";"4";"2";"1";"5";"4";"5";"3";"3";"3";"4";"3";"5";"4";"4";"2";"1";"1";"1";"1";"3";"2,2";"";"";"";"";"";"";"";"";"";"";"";"";"";"";"";"";"";"";"";"";"";"";"";"";"Creative Business (CB)";"Man";"22";"Amsterdam";"2";"0";"Havo";"Bij mijn ouder(s)/verzorger(s)"
"2";"3";"2";"4";"4";"3";"3";"2,6";"4,6";"2,2";"5";"5";"3";"2";"4";"4";"1";"2";"4";"1";"3";"3,0";"3,4";"2,33";"2,33";"1,0";"3,67";"3,67";"3,67";"2,33";"3,67";"3,8";"30";"1,0";"1";"1,0";"1,0";"1,0";"3,0";"3,0";"3,0";"1,0";"1,0";"1,0";"1,0";"3";"4";"2";"4";"3";"4";"3";"3";"4";"3";"2";"4";"3";"3";"3";"2";"2";"2";"1";"3";"3,56";"";"";"";"";"";"";"";"";"";"";"";"";"";"";"";"";"";"";"";"";"";"";"";"";"Techniek, Ontwerpen en Informatica (TOI)";"Man";"25";"Alkmaar";"2";"0";"Mbo";"Alleen"
"3";"3";"4";"5";"4";"4";"3";"5,0";"5,0";"1,4";"1";"5";"2";"4";"4";"5";"2";"3";"5";"1";"5";"2,6";"3,8";"3,67";"3,67";"5,0";"5,0";"2,33";"3,67";"3,67";"2,33";"3,92";"30";"1,0";"1";"1,0";"1,0";"1,0";"3,0";"1,0";"1,0";"1,0";"1,0";"1,0";"1,0";"5";"5";"2";"5";"1";"2";"5";"3";"3";"3";"3";"5";"3";"2";"3";"1";"3";"1";"1";"3";"2,52";"3";"3";"5";"2";"3";"4";"4";"5";"3";"4";"2";"3";"4";"4";"2";"4";"4";"2";"3";"3";"2";"2";"2";"2";"Gezondheid, Sport en Welzijn (GSW)";"Vrouw";"36";"Alkmaar";"2";"0";"Mbo";"Anders"
"4";"4";"4";"3";"2";"2";"2";"4,6";"3,4";"4,2";"3";"3";"";"";"3";"2";"1";"1";"3";"1";"5";"3,8";"4,2";"1,0";"1,0";"2,33";"1,0";"1,0";"2,33";"1,0";"1,0";"4,44";"30";"2,6";"0";"1,0";"1,0";"1,0";"3,0";"1,0";"5,0";"1,0";"1,0";"3,0";"1,0";"4";"5";"2";"5";"4";"4";"5";"5";"5";"5";"3";"5";"3";"4";"2";"3";"4";"2";"1";"1";"2,6";"1";"1";"3";"2";"4";"2";"4";"2";"3";"";"";"";"";"";"";"";"";"";"";"";"";"";"";"";"Gezondheid, Sport en Welzijn (GSW)";"Vrouw";"21";"Alkmaar";"2";"0";"Mbo";"Bij mijn ouder(s)/verzorger(s)"
"2";"4";"3";"4";"4";"4";"4";"3,4";"4,2";"3,8";"";"3";"3";"4";"5";"4";"3";"4";"4";"4";"4";"4,2";"3,4";"2,33";"2,33";"3,67";"1,0";"1,0";"1,0";"1,0";"3,67";"3,64";"30";"2,6";"0";"5,0";"1,0";"1,0";"3,0";"1,0";"3,0";"1,0";"1,0";"1,0";"1,0";"4";"3";"5";"4";"4";"4";"4";"4";"4";"4";"3";"4";"3";"3";"1";"1";"3";"3";"1";"5";"1,8";"4";"3";"3";"4";"2";"3";"5";"4";"4";"3";"4";"4";"4";"4";"3";"4";"3";"5";"4";"4";"4";"3";"3";"4";"Gezondheid, Sport en Welzijn (GSW)";"Vrouw";"20";"Haarlem";"2";"0";"Havo";"Bij mijn ouder(s)/verzorger(s)"
"2";"4";"3";"4";"4";"4";"2";"3,8";"4,6";"3,8";"2";"2";"2";"3";"2";"3";"5";"2";"2";"3";"4";"4,2";"4,6";"1,0";"2,33";"2,33";"1,0";"1,0";"1,0";"1,0";"1,0";"3,6";"30";"1,8";"0";"1,0";"1,0";"3,0";"3,0";"3,0";"5,0";"3,0";"1,0";"5,0";"1,0";"5";"4";"4";"5";"5";"5";"5";"4";"4";"4";"3";"4";"3";"4";"2";"3";"3";"3";"1";"5";"1,96";"4";"2";"2";"2";"1";"2";"5";"5";"4";"4";"2";"3";"4";"2";"3";"5";"3";"4";"4";"4";"3";"5";"3";"3";"Gezondheid, Sport en Welzijn (GSW)";"Vrouw";"20";"Haarlem";"2";"0";"Havo";"Bij mijn ouder(s)/verzorger(s)"
"2";"4";"3";"3";"1";"3";"2";"2,6";"3,4";"3,4";"1";"2";"1";"3";"4";"3";"4";"4";"2";"4";"3";"4,2";"3,4";"2,33";"2,33";"1,0";"1,0";"1,0";"2,33";"1,0";"3,67";"3,88";"30";"1,8";"0";"1,0";"1,0";"1,0";"3,0";"1,0";"1,0";"1,0";"1,0";"1,0";"1,0";"4";"3";"2";"4";"5";"5";"4";"5";"5";"5";"3";"3";"4";"3";"4";"4";"1";"1";"1";"3";"1,48";"";"";"";"";"";"";"";"";"";"";"";"";"";"";"";"";"";"";"";"";"";"";"";"";"Gezondheid, Sport en Welzijn (GSW)";"Vrouw";"19";"Haarlem";"2";"0";"Havo";"Bij mijn ouder(s)/verzorger(s)"
"3";"3";"4";"2";"3";"3";"3";"3,8";"3,8";"4,2";"5";"2";"1";"3";"4";"4";"3";"1";"2";"1";"2";"2,2";"3,8";"5,0";"5,0";"5,0";"5,0";"5,0";"5,0";"5,0";"2,33";"3,56";"30";"1,8";"1";"5,0";"1,0";"1,0";"3,0";"1,0";"5,0";"1,0";"1,0";"3,0";"5,0";"5";"5";"5";"5";"4";"1";"3";"1";"1";"1";"2";"5";"3";"1";"5";"3";"5";"1";"1";"1";"2,04";"";"";"";"";"";"";"";"";"";"";"";"";"";"";"";"";"";"";"";"";"";"";"";"";"Business, Finance and Law (BFL)";"Vrouw";"20";"Haarlem";"2";"0";"Havo";"Bij mijn ouder(s)/verzorger(s)"
"2";"4";"4";"3";"3";"4";"4";"3,4";"3,8";"3,8";"1";"2";"3";"4";"5";"5";"2";"5";"4";"3";"3";"3,0";"5,0";"3,67";"3,67";"5,0";"3,67";"1,0";"3,67";"3,67";"3,67";"3,8";"30";"1,0";"0";"1,0";"1,0";"1,0";"3,0";"1,0";"1,0";"5,0";"1,0";"3,0";"1,0";"5";"4";"3";"3";"4";"3";"3";"2";"3";"1";"3";"5";"3";"3";"3";"2";"1";"1";"1";"5";"1,8";"";"";"";"";"";"";"";"";"";"";"";"";"";"";"";"";"";"";"";"";"";"";"";"";"Creative Business (CB)";"Vrouw";"20";"Haarlem";"2";"0";"Havo";"Bij mijn ouder(s)/verzorger(s)"
"3";"3";"3";"2";"2";"2";"3";"3,8";"2,6";"3,4";"3";"4";"3";"4";"4";"4";"3";"4";"4";"2";"4";"4,2";"3,8";"1,0";"1,0";"1,0";"2,33";"1,0";"2,33";"1,0";"2,33";"3,36";"30";"1,0";"0";"1,0";"1,0";"1,0";"3,0";"3,0";"3,0";"3,0";"3,0";"5,0";"3,0";"3";"4";"3";"4";"4";"5";"4";"4";"4";"4";"3";"5";"3";"3";"2";"3";"2";"1";"1";"5";"2,68";"";"";"";"";"";"";"";"";"";"";"";"";"";"";"";"";"";"";"";"";"";"";"";"";"Creative Business (CB)";"Vrouw";"19";"Haarlem";"2";"0";"Havo";"Bij mijn ouder(s)/verzorger(s)"
"3";"4";"3";"3";"3";"4";"4";"3,4";"3,4";"3,8";"4";"5";"4";"5";"5";"5";"5";"5";"5";"5";"2";"4,6";"4,6";"2,33";"2,33";"2,33";"2,33";"1,0";"1,0";"2,33";"3,67";"3,8";"30";"1,0";"0";"3,0";"1,0";"1,0";"3,0";"3,0";"3,0";"3,0";"3,0";"3,0";"1,0";"3";"3";"3";"3";"3";"3";"3";"3";"3";"3";"3";"3";"3";"3";"3";"3";"3";"3";"1";"3";"5,0";"";"";"";"";"";"";"";"";"";"";"";"";"";"";"";"";"";"";"";"";"";"";"";"";"Creative Business (CB)";"Vrouw";"19";"Haarlem";"2";"0";"Havo";"Bij mijn ouder(s)/verzorger(s)"
"3";"3";"3";"2";"2";"4";"2";"3,8";"4,2";"3,8";"3";"3";"4";"4";"3";"3";"4";"2";"5";"3";"4";"4,2";"3,8";"1,0";"1,0";"2,33";"2,33";"1,0";"1,0";"1,0";"2,33";"3,64";"30";"3,4";"1";"1,0";"1,0";"1,0";"3,0";"3,0";"3,0";"3,0";"1,0";"1,0";"1,0";"4";"4";"3";"4";"4";"4";"4";"4";"4";"4";"4";"4";"3";"3";"3";"2";"2";"2";"1";"4";"2,76";"";"";"";"";"";"";"";"";"";"";"";"";"";"";"";"";"";"";"";"";"";"";"";"";"Creative Business (CB)";"Vrouw";"19";"Haarlem";"2";"0";"Havo";"Bij mijn ouder(s)/verzorger(s)"
"2";"4";"2";"1";"1";"1";"3";"4,2";"3,0";"4,2";"4";"4";"4";"4";"4";"4";"2";"4";"4";"3";"5";"3,8";"3,8";"1,0";"2,33";"2,33";"2,33";"2,33";"2,33";"2,33";"1,0";"3,6";"30";"1,0";"0";"3,0";"1,0";"1,0";"3,0";"3,0";"3,0";"3,0";"1,0";"1,0";"1,0";"3";"4";"3";"5";"5";"5";"5";"5";"5";"5";"4";"5";"4";"4";"2";"1";"5";"5";"1";"4";"2,44";"";"";"";"";"";"";"";"";"";"";"";"";"";"";"";"";"";"";"";"";"";"";"";"";"Creative Business (CB)";"Vrouw";"19";"Haarlem";"2";"0";"Havo";"Bij mijn ouder(s)/verzorger(s)"
"3";"3";"2";"3";"4";"4";"4";"3,4";"3,8";"3,4";"5";"3";"1";"3";"";"";"";"3";"5";"2";"3";"4,2";"4,2";"1,0";"1,0";"3,67";"2,33";"1,0";"1,0";"2,33";"2,33";"3,4";"30";"1,0";"1";"5,0";"1,0";"5,0";"3,0";"3,0";"5,0";"3,0";"1,0";"3,0";"1,0";"4";"4";"3";"2";"5";"5";"4";"2";"4";"2";"2";"5";"3";"2";"2";"1";"1";"3";"1";"2";"2,6";"4";"2";"4";"4";"4";"4";"3";"3";"3";"4";"4";"2";"2";"4";"2";"4";"3";"2";"4";"2";"5";"2";"3";"3";"Creative Business (CB)";"Vrouw";"19";"Rotterdam";"2";"0";"Havo";"Bij mijn ouder(s)/verzorger(s)"
"3";"5";"4";"3";"3";"3";"3";"3,4";"4,2";"4,2";"2";"3";"2";"5";"5";"3";"5";"1";"3";"5";"4";"3,4";"4,2";"2,33";"3,67";"2,33";"5,0";"2,33";"5,0";"2,33";"2,33";"3,88";"30";"2,6";"0";"1,0";"1,0";"1,0";"3,0";"1,0";"3,0";"1,0";"1,0";"1,0";"1,0";"5";"5";"3";"5";"5";"5";"3";"4";"4";"1";"1";"3";"2";"4";"1";"1";"1";"1";"1";"5";"1,96";"5";"2";"1";"1";"1";"1";"5";"4";"5";"2";"5";"5";"4";"4";"3";"4";"4";"2";"3";"4";"2";"5";"3";"3";"Business, Finance and Law (BFL)";"Vrouw";"19";"Rotterdam";"2";"0";"Havo";"Bij mijn ouder(s)/verzorger(s)"
"3";"3";"3";"4";"3";"3";"4";"3,0";"4,6";"2,6";"5";"5";"3";"5";"5";"5";"4";"4";"5";"4";"4";"4,2";"4,6";"2,33";"5,0";"3,67";"3,67";"1,0";"2,33";"3,67";"3,67";"3,4";"30";"2,6";"0";"5,0";"1,0";"1,0";"3,0";"1,0";"3,0";"1,0";"1,0";"1,0";"1,0";"4";"4";"3";"5";"3";"2";"2";"3";"4";"2";"2";"5";"3";"3";"3";"1";"2";"1";"1";"3";"2,28";"4";"3";"4";"5";"1";"4";"5";"4";"2";"2";"5";"5";"5";"1";"5";"4";"4";"3";"4";"4";"4";"4";"1";"2";"Business, Finance and Law (BFL)";"Vrouw";"24";"Rotterdam";"2";"0";"Mbo";"Bij mijn ouder(s)/verzorger(s)"
"3";"3";"4";"4";"3";"3";"4";"3,8";"3,8";"4,2";"4";"5";"4";"4";"5";"3";"";"3";"2";"2";"2";"3,0";"3,4";"2,33";"3,67";"3,67";"2,33";"2,33";"2,33";"2,33";"2,33";"4,08";"30";"1,0";"1";"5,0";"1,0";"1,0";"3,0";"1,0";"1,0";"1,0";"1,0";"5,0";"5,0";"4";"4";"3";"4";"3";"4";"4";"3";"4";"4";"1";"3";"1";"3";"3";"1";"1";"1";"";"2";"3,32";"";"";"";"";"";"";"";"";"";"";"";"";"";"";"";"";"";"";"";"";"";"";"";"";"Business, Finance and Law (BFL)";"Anders";"19";"Den Haag";"2";"0";"Havo";"Bij mijn ouder(s)/verzorger(s)"
"1";"3";"4";"3";"5";"5";"5";"3,8";"4,2";"3,8";"1";"1";"2";"3";"3";"3";"4";"5";"4";"1";"3";"3,0";"3,0";"2,33";"5,0";"5,0";"3,67";"2,33";"3,67";"2,33";"5,0";"3,48";"30";"1,8";"1";"5,0";"1,0";"1,0";"3,0";"3,0";"3,0";"1,0";"1,0";"1,0";"1,0";"4";"5";"4";"4";"4";"3";"3";"3";"3";"3";"3";"5";"3";"3";"1";"1";"1";"1";"1";"5";"1,64";"";"";"";"";"";"";"";"";"";"";"";"";"";"";"";"";"";"";"";"";"";"";"";"";"Gezondheid, Sport en Welzijn (GSW)";"Man";"22";"Den Haag";"2";"0";"Anders, namelijk (vul in):";"Bij mijn ouder(s)/verzorger(s)"
"2";"3";"4";"3";"3";"3";"3";"4,2";"1,8";"3,4";"4";"2";"1";"5";"5";"5";"4";"3";"5";"2";"5";"4,6";"3,4";"1,0";"2,33";"2,33";"2,33";"1,0";"1,0";"5,0";"3,67";"3,76";"30";"2,6";"0";"1,0";"1,0";"1,0";"3,0";"3,0";"3,0";"3,0";"1,0";"1,0";"1,0";"4";"3";"3";"2";"4";"4";"4";"4";"4";"4";"2";"5";"3";"3";"3";"4";"3";"3";"1";"4";"3,56";"";"";"";"";"";"";"";"";"";"";"";"";"";"";"";"";"";"";"";"";"";"";"";"";"Agri, Food and Life Sciences (AFL)";"Man";"20";"Delft";"2";"0";"Havo";"Bij mijn ouder(s)/verzorger(s)"
"3";"4";"3";"2";"3";"4";"4";"3,8";"2,6";"3,8";"3";"4";"3";"5";"5";"5";"3";"2";"3";"3";"4";"3,4";"3,8";"3,67";"3,67";"3,67";"1,0";"1,0";"1,0";"1,0";"3,67";"3,4";"30";"1,0";"0";"1,0";"1,0";"1,0";"3,0";"3,0";"3,0";"1,0";"1,0";"1,0";"1,0";"4";"3";"4";"4";"3";"3";"3";"1";"4";"1";"1";"4";"2";"3";"2";"1";"1";"1";"1";"4";"1,0";"";"";"";"";"";"";"";"";"";"";"";"";"";"";"";"";"";"";"";"";"";"";"";"";"Agri, Food and Life Sciences (AFL)";"Vrouw";"19";"Delft";"2";"0";"Vwo";"Bij mijn ouder(s)/verzorger(s)"
"3";"4";"4";"1";"2";"2";"2";"4,2";"1,0";"3,4";"1";"2";"1";"2";"3";"2";"1";"2";"2";"";"5";"5,0";"3,4";"1,0";"1,0";"1,0";"1,0";"1,0";"1,0";"1,0";"2,33";"3,4";"30";"2,6";"0";"1,0";"1,0";"1,0";"3,0";"3,0";"3,0";"3,0";"1,0";"1,0";"1,0";"2";"2";"1";"3";"5";"5";"5";"5";"3";"4";"3";"5";"3";"3";"1";"1";"2";"1";"1";"3";"2,84";"";"";"";"";"";"";"";"";"";"";"";"";"";"";"";"";"";"";"";"";"";"";"";"";"Agri, Food and Life Sciences (AFL)";"Man";"19";"Delft";"2";"0";"Havo";"Bij mijn ouder(s)/verzorger(s)"
"2";"3";"3";"2";"1";"1";"4";"3,4";"1,8";"3,4";"1";"1";"1";"2";"1";"1";"3";"1";"1";"";"4";"4,2";"3,8";"1,0";"1,0";"1,0";"2,33";"2,33";"3,67";"1,0";"2,33";"3,88";"30";"2,6";"1";"1,0";"1,0";"1,0";"3,0";"1,0";"1,0";"5,0";"1,0";"1,0";"1,0";"3";"5";"3";"4";"3";"5";"4";"4";"4";"4";"2";"5";"3";"2";"1";"2";"1";"1";"1";"4";"3,0";"";"";"";"";"";"";"";"";"";"";"";"";"";"";"";"";"";"";"";"";"";"";"";"";"Agri, Food and Life Sciences (AFL)";"Man";"21";"Delft";"2";"0";"Mbo";"Bij mijn ouder(s)/verzorger(s)"
"1";"2";"2";"5";"5";"5";"5";"1,4";"5,0";"1,4";"5";"3";"4";"4";"5";"5";"5";"5";"5";"4";"1";"2,2";"3,4";"5,0";"5,0";"5,0";"5,0";"5,0";"5,0";"5,0";"5,0";"3,8";"30";"2,6";"1";"5,0";"1,0";"1,0";"3,0";"1,0";"5,0";"1,0";"1,0";"1,0";"1,0";"3";"2";"5";"4";"2";"2";"3";"2";"2";"3";"2";"3";"2";"2";"2";"1";"1";"1";"1";"1";"2,92";"5";"3";"4";"4";"1";"4";"4";"2";"3";"2";"5";"5";"2";"2";"4";"2";"4";"3";"3";"3";"2";"3";"3";"3";"Agri, Food and Life Sciences (AFL)";"Man";"26";"Delft";"2";"0";"Mbo";"Met een of enkele huisgenoten / vrienden (geen relatie)"
"4";"4";"4";"4";"4";"4";"3";"3,8";"4,6";"3,4";"4";"4";"2";"4";"4";"4";"1";"3";"3";"3";"5";"4,2";"3,8";"3,67";"3,67";"1,0";"2,33";"2,33";"3,67";"2,33";"3,67";"4,2";"30";"1,0";"0";"1,0";"1,0";"5,0";"3,0";"1,0";"5,0";"3,0";"1,0";"1,0";"1,0";"4";"5";"3";"3";"3";"3";"4";"3";"3";"3";"4";"5";"4";"4";"4";"4";"3";"2";"1";"4";"1,4";"";"";"";"";"";"";"";"";"";"";"";"";"";"";"";"";"";"";"";"";"";"";"";"";"Agri, Food and Life Sciences (AFL)";"Vrouw";"18";"Delft";"2";"0";"Havo";"Bij mijn ouder(s)/verzorger(s)"
"4";"5";"4";"3";"3";"4";"4";"5,0";"3,8";"4,2";"5";"2";"2";"4";"5";"5";"1";"5";"5";"5";"4";"3,8";"4,2";"2,33";"5,0";"5,0";"3,67";"1,0";"3,67";"2,33";"5,0";"4,48";"30";"1,0";"0";"1,0";"1,0";"1,0";"3,0";"1,0";"5,0";"3,0";"1,0";"1,0";"1,0";"5";"5";"2";"4";"5";"3";"4";"3";"4";"5";"4";"5";"1";"2";"4";"4";"1";"1";"1";"4";"2,6";"1";"4";"4";"1";"5";"3";"5";"4";"2";"3";"2";"4";"4";"4";"4";"3";"2";"4";"2";"3";"3";"3";"3";"2";"Agri, Food and Life Sciences (AFL)";"Vrouw";"20";"Delft";"2";"0";"Havo";"Bij mijn ouder(s)/verzorger(s)"
"2";"4";"3";"3";"1";"1";"1";"2,6";"3,8";"3,8";"";"2";"2";"2";"4";"3";"2";"1";"2";"3";"4";"3,4";"3,8";"2,33";"3,67";"5,0";"3,67";"3,67";"3,67";"2,33";"5,0";"3,8";"30";"1,0";"0";"1,0";"1,0";"1,0";"3,0";"1,0";"1,0";"1,0";"1,0";"1,0";"1,0";"4";"5";"3";"5";"4";"4";"4";"4";"4";"4";"3";"5";"3";"4";"3";"4";"1";"5";"1";"3";"2,92";"3";"4";"2";"2";"4";"2";"4";"3";"2";"4";"3";"3";"4";"3";"3";"4";"2";"4";"4";"4";"4";"4";"4";"4";"Onderwijs en Innovatie (ONI)";"Vrouw";"24";"Dordrecht";"2";"0";"Mbo";"Bij mijn ouder(s)/verzorger(s)"
"4";"4";"4";"2";"3";"3";"1";"4,2";"2,2";"3,8";"1";"3";"1";"2";"2";"3";"1";"2";"4";"1";"4";"4,2";"3,4";"1,0";"1,0";"2,33";"5,0";"1,0";"5,0";"1,0";"2,33";"3,8";"30";"1,0";"0";"1,0";"1,0";"1,0";"3,0";"3,0";"3,0";"3,0";"1,0";"1,0";"1,0";"5";"4";"2";"4";"4";"4";"4";"4";"4";"4";"2";"4";"3";"3";"3";"2";"2";"3";"1";"4";"2,84";"3";"3";"2";"2";"1";"2";"4";"4";"4";"4";"2";"2";"2";"4";"2";"4";"4";"3";"3";"4";"4";"4";"4";"4";"Onderwijs en Innovatie (ONI)";"Vrouw";"39";"Dordrecht";"2";"0";"Mbo";"Anders"
"4";"4";"4";"2";"2";"3";"2";"4,6";"4,2";"4,2";"4";"4";"4";"3";"4";"4";"2";"3";"4";"5";"3";"3,8";"4,2";"2,33";"3,67";"2,33";"2,33";"2,33";"2,33";"2,33";"3,67";"4,16";"30";"1,0";"0";"1,0";"1,0";"3,0";"3,0";"3,0";"3,0";"1,0";"1,0";"1,0";"1,0";"4";"4";"3";"4";"4";"5";"4";"4";"4";"4";"3";"5";"2";"3";"3";"3";"2";"1";"1";"3";"1,0";"4";"2";"3";"4";"4";"2";"5";"3";"3";"3";"3";"2";"4";"3";"2";"4";"3";"3";"3";"3";"4";"4";"4";"4";"Gezondheid, Sport en Welzijn (GSW)";"Vrouw";"21";"Amsterdam";"3";"0";"Mbo";"Bij mijn ouder(s)/verzorger(s)"
"3";"4";"3";"3";"2";"3";"2";"4,2";"3,4";"3,4";"3";"5";"2";"4";"4";"5";"1";"4";"4";"3";"4";"3,8";"3,8";"2,33";"1,0";"2,33";"2,33";"2,33";"2,33";"1,0";"3,67";"4,0";"30";"1,0";"0";"1,0";"1,0";"1,0";"3,0";"1,0";"5,0";"3,0";"1,0";"1,0";"1,0";"4";"5";"3";"4";"3";"4";"3";"3";"4";"2";"2";"3";"3";"4";"2";"1";"1";"2";"1";"3";"3,4";"2";"4";"4";"2";"3";"4";"4";"3";"3";"2";"4";"4";"5";"3";"4";"3";"4";"4";"2";"3";"2";"3";"1";"1";"Creative Business (CB)";"Vrouw";"21";"Amsterdam";"3";"0";"Vwo";"Bij mijn ouder(s)/verzorger(s)"
"3";"4";"4";"1";"1";"2";"1";"4,2";"2,2";"3,8";"1";"3";"2";"3";"3";"2";"2";"1";"3";"2";"4";"4,2";"3,8";"1,0";"1,0";"1,0";"1,0";"1,0";"2,33";"1,0";"1,0";"3,8";"30";"1,0";"0";"1,0";"1,0";"3,0";"3,0";"3,0";"5,0";"5,0";"1,0";"5,0";"1,0";"4";"4";"2";"4";"5";"5";"3";"3";"2";"3";"2";"5";"3";"4";"2";"2";"2";"1";"1";"3";"1,96";"1";"1";"2";"2";"4";"2";"5";"3";"3";"3";"1";"2";"3";"3";"3";"4";"4";"4";"4";"5";"4";"3";"2";"2";"Creative Business (CB)";"Vrouw";"21";"Amsterdam";"3";"0";"Havo";"Met een of enkele huisgenoten / vrienden (geen relatie)"
"1";"2";"1";"4";"3";"1";"4";"1,8";"3,4";"1,4";"1";"2";"2";"3";"2";"3";"2";"3";"3";"1";"4";"3,0";"4,2";"3,67";"3,67";"2,33";"3,67";"2,33";"3,67";"2,33";"3,67";"3,92";"30";"1,0";"1";"5,0";"1,0";"1,0";"3,0";"1,0";"3,0";"3,0";"1,0";"1,0";"1,0";"2";"5";"2";"4";"1";"4";"4";"2";"3";"4";"1";"4";"2";"2";"1";"2";"2";"1";"0";"2";"2,28";"";"";"";"";"";"";"";"";"";"";"";"";"";"";"";"";"";"";"";"";"";"";"";"";"Business, Finance and Law (BFL)";"Man";"20";"Amsterdam";"3";"0";"Havo";"Bij mijn ouder(s)/verzorger(s)"
"2";"3";"3";"3";"3";"3";"3";"3,4";"3,8";"3,0";"3";"3";"4";"5";"5";"4";"";"3";"4";"1";"4";"3,4";"4,2";"2,33";"2,33";"2,33";"2,33";"2,33";"2,33";"2,33";"2,33";"4,72";"30";"1,0";"0";"1,0";"1,0";"1,0";"3,0";"1,0";"3,0";"3,0";"1,0";"5,0";"1,0";"4";"3";"3";"3";"4";"4";"4";"4";"3";"4";"2";"5";"3";"4";"2";"2";"2";"1";"1";"4";"2,36";"2";"3";"2";"1";"2";"2";"5";"3";"3";"3";"4";"3";"3";"2";"3";"4";"4";"4";"3";"4";"4";"3";"2";"3";"Creative Business (CB)";"Vrouw";"20";"Amsterdam";"3";"0";"Havo";"Bij mijn ouder(s)/verzorger(s)"
"3";"4";"3";"3";"4";"4";"4";"3,8";"3,4";"3,8";"4";"4";"4";"4";"4";"4";"4";"4";"4";"5";"4";"3,4";"3,8";"2,33";"2,33";"2,33";"3,67";"2,33";"3,67";"2,33";"2,33";"4,2";"30";"3,4";"1";"3,0";"3,0";"3,0";"3,0";"5,0";"5,0";"5,0";"1,0";"1,0";"1,0";"3";"3";"4";"4";"3";"4";"4";"4";"4";"4";"3";"5";"3";"5";"4";"4";"4";"4";"1";"2";"2,52";"";"";"";"";"";"";"";"";"";"";"";"";"";"";"";"";"";"";"";"";"";"";"";"";"Techniek, Ontwerpen en Informatica (TOI)";"Vrouw";"23";"Amsterdam";"3";"1";"Ik heb een buitenlandse vooropleiding afgerond (bv. A-levels)";"Met mijn partner / een relatie"
"3";"3";"4";"3";"4";"3";"2";"4,2";"3,8";"3,8";"4";"5";"";"4";"5";"3";"";"4";"3";"3";"4";"3,4";"4,2";"2,33";"2,33";"3,67";"2,33";"2,33";"2,33";"3,67";"2,33";"3,8";"30";"1,0";"1";"5,0";"1,0";"1,0";"3,0";"1,0";"3,0";"1,0";"1,0";"1,0";"1,0";"4";"5";"1";"4";"4";"3";"4";"4";"3";"4";"4";"4";"3";"5";"3";"3";"1";"1";"1";"5";"";"4";"2";"2";"4";"3";"1";"5";"4";"1";"3";"4";"4";"4";"2";"4";"4";"3";"4";"3";"3";"4";"4";"3";"4";"Gezondheid, Sport en Welzijn (GSW)";"Vrouw";"21";"Amsterdam";"3";"0";"Mbo";"Bij mijn ouder(s)/verzorger(s)"
"1";"3";"3";"1";"1";"3";"3";"3,0";"3,0";"3,4";"1";"2";"1";"1";"1";"1";"1";"1";"1";"1";"4";"4,2";"4,2";"1,0";"1,0";"1,0";"2,33";"1,0";"1,0";"1,0";"1,0";"4,0";"30";"1,0";"0";"1,0";"1,0";"1,0";"3,0";"3,0";"3,0";"1,0";"1,0";"1,0";"1,0";"4";"5";"3";"5";"5";"5";"5";"5";"5";"2";"5";"5";"3";"5";"1";"1";"1";"1";"1";"1";"";"";"";"";"";"";"";"";"";"";"";"";"";"";"";"";"";"";"";"";"";"";"";"";"";"Techniek, Ontwerpen en Informatica (TOI)";"Man";"24";"Amsterdam";"3";"0";"Mbo";"Bij mijn ouder(s)/verzorger(s)"
"4";"5";"5";"3";"2";"4";"3";"4,6";"3,4";"3,8";"4";"4";"3";"5";"4";"5";"1";"4";"5";"2";"3";"3,8";"3,4";"3,67";"3,67";"1,0";"2,33";"1,0";"2,33";"2,33";"3,67";"4,36";"30";"1,0";"0";"1,0";"1,0";"1,0";"3,0";"1,0";"3,0";"1,0";"1,0";"1,0";"1,0";"5";"4";"2";"4";"4";"3";"4";"3";"2";"2";"4";"4";"4";"3";"2";"3";"1";"1";"1";"1";"1,64";"1";"3";"2";"3";"4";"2";"5";"3";"1";"3";"3";"2";"4";"2";"4";"4";"4";"4";"4";"3";"3";"4";"3";"4";"Gezondheid, Sport en Welzijn (GSW)";"Vrouw";"22";"Amsterdam";"3";"0";"Vwo";"Met mijn partner / een relatie"
"2";"4";"4";"3";"3";"4";"4";"3,4";"2,6";"3,8";"4";"4";"3";"3";"5";"4";"1";"2";"3";"3";"4";"3,8";"4,2";"2,33";"3,67";"5,0";"2,33";"1,0";"3,67";"1,0";"5,0";"4,16";"30";"1,0";"0";"1,0";"1,0";"1,0";"3,0";"3,0";"5,0";"3,0";"1,0";"1,0";"1,0";"4";"4";"1";"2";"4";"4";"4";"4";"4";"4";"3";"4";"3";"3";"3";"3";"1";"1";"1";"4";"1,64";"2";"3";"4";"4";"4";"3";"4";"3";"3";"3";"2";"4";"4";"3";"4";"3";"4";"3";"4";"4";"3";"4";"4";"4";"Creative Business (CB)";"Vrouw";"20";"Amsterdam";"3";"0";"Havo";"Bij mijn ouder(s)/verzorger(s)"
"3";"4";"3";"2";"3";"3";"2";"4,2";"3,4";"3,4";"3";"4";"4";"4";"4";"4";"2";"3";"4";"2";"5";"3,8";"4,2";"1,0";"1,0";"1,0";"2,33";"1,0";"2,33";"1,0";"2,33";"4,0";"30";"1,0";"0";"1,0";"1,0";"1,0";"3,0";"1,0";"3,0";"3,0";"1,0";"1,0";"1,0";"5";"4";"1";"4";"4";"3";"4";"2";"2";"2";"2";"5";"4";"3";"3";"1";"1";"1";"1";"5";"1,8";"";"";"";"";"";"";"";"";"";"";"";"";"";"";"";"";"";"";"";"";"";"";"";"";"Creative Business (CB)";"Vrouw";"22";"Amsterdam";"3";"0";"Mbo";"Bij mijn ouder(s)/verzorger(s)"
"3";"3";"2";"3";"3";"3";"4";"3,4";"4,2";"3,0";"4";"3";"3";"3";"4";"5";"3";"3";"5";"1";"4";"3,8";"3,8";"2,33";"2,33";"2,33";"3,67";"2,33";"3,67";"2,33";"3,67";"3,4";"30";"1,0";"0";"1,0";"1,0";"1,0";"3,0";"1,0";"1,0";"3,0";"1,0";"1,0";"1,0";"4";"5";"3";"5";"2";"3";"4";"2";"2";"4";"2";"5";"3";"4";"1";"1";"2";"1";"1";"4";"1,8";"";"";"";"";"";"";"";"";"";"";"";"";"";"";"";"";"";"";"";"";"";"";"";"";"Business, Finance and Law (BFL)";"Vrouw";"21";"Amsterdam";"3";"0";"Anders, namelijk (vul in):";"Bij mijn ouder(s)/verzorger(s)"
"1";"3";"3";"5";"5";"5";"4";"3,8";"5,0";"2,6";"1";"1";"1";"3";"4";"4";"3";"4";"4";"2";"4";"1,8";"3,4";"3,67";"5,0";"2,33";"5,0";"2,33";"5,0";"3,67";"5,0";"4,0";"30";"1,8";"0";"5,0";"1,0";"5,0";"3,0";"1,0";"1,0";"1,0";"1,0";"1,0";"1,0";"3";"5";"3";"5";"3";"3";"4";"3";"4";"4";"2";"5";"2";"3";"1";"1";"1";"1";"1";"1";"3,16";"5";"3";"4";"5";"5";"2";"5";"3";"4";"3";"5";"5";"4";"1";"4";"2";"2";"3";"4";"4";"3";"5";"3";"4";"Business, Finance and Law (BFL)";"Man";"22";"Amsterdam";"3";"0";"Mbo";"Bij mijn ouder(s)/verzorger(s)"
"3";"4";"4";"1";"1";"1";"1";"4,6";"1,8";"4,2";"1";"1";"1";"1";"1";"1";"1";"1";"1";"1";"5";"4,6";"3,4";"1,0";"1,0";"2,33";"2,33";"1,0";"2,33";"1,0";"1,0";"3,84";"30";"1,0";"0";"1,0";"1,0";"1,0";"3,0";"1,0";"3,0";"1,0";"1,0";"1,0";"1,0";"4";"5";"1";"4";"4";"5";"3";"4";"3";"1";"3";"5";"3";"4";"1";"3";"1";"1";"1";"4";"1,8";"1";"1";"1";"1";"2";"1";"3";"2";"1";"4";"2";"2";"2";"3";"2";"5";"4";"3";"4";"4";"4";"5";"5";"5";"Gezondheid, Sport en Welzijn (GSW)";"Man";"20";"Alkmaar";"3";"0";"Havo";"Bij mijn ouder(s)/verzorger(s)"
"3";"4";"4";"4";"3";"2";"3";"3,8";"4,2";"3,8";"3";"3";"2";"3";"5";"3";"1";"1";"4";"";"3";"3,8";"3,8";"3,67";"3,67";"2,33";"2,33";"2,33";"3,67";"2,33";"2,33";"4,32";"30";"1,8";"0";"3,0";"1,0";"1,0";"3,0";"1,0";"3,0";"1,0";"1,0";"1,0";"1,0";"4";"5";"2";"5";"4";"4";"4";"4";"4";"4";"3";"5";"3";"3";"3";"3";"1";"2";"1";"4";"1,96";"4";"3";"2";"3";"4";"4";"4";"3";"2";"3";"3";"4";"4";"3";"4";"4";"3";"4";"3";"4";"3";"4";"3";"3";"Gezondheid, Sport en Welzijn (GSW)";"Vrouw";"20";"Alkmaar";"3";"0";"Havo";"Bij mijn ouder(s)/verzorger(s)"
"2";"2";"2";"1";"1";"1";"1";"3,8";"1,8";"1,8";"3";"3";"1";"3";"3";"3";"2";"2";"3";"1";"4";"4,2";"4,6";"1,0";"1,0";"3,67";"2,33";"1,0";"2,33";"1,0";"2,33";"3,64";"30";"1,0";"1";"1,0";"1,0";"1,0";"3,0";"3,0";"3,0";"5,0";"3,0";"5,0";"3,0";"3";"2";"3";"5";"1";"5";"4";"4";"3";"4";"4";"5";"5";"3";"5";"1";"1";"3";"1";"4";"2,76";"3";"4";"5";"4";"4";"4";"4";"3";"4";"4";"2";"2";"2";"4";"2";"3";"4";"4";"4";"4";"3";"4";"2";"2";"Business, Finance and Law (BFL)";"Man";"22";"Alkmaar";"3";"0";"Havo";"Bij mijn ouder(s)/verzorger(s)"
"2";"3";"2";"3";"2";"2";"2";"3,8";"3,4";"3,0";"1";"2";"2";"4";"4";"3";"1";"2";"3";"2";"5";"4,2";"3,8";"1,0";"2,33";"2,33";"2,33";"2,33";"2,33";"1,0";"1,0";"3,6";"30";"1,0";"0";"3,0";"1,0";"1,0";"3,0";"1,0";"3,0";"3,0";"1,0";"1,0";"1,0";"3";"4";"3";"4";"4";"4";"2";"3";"3";"2";"2";"5";"3";"4";"2";"1";"1";"1";"1";"4";"2,6";"";"";"";"";"";"";"";"";"";"";"";"";"";"";"";"";"";"";"";"";"";"";"";"";"Business, Finance and Law (BFL)";"Man";"19";"Alkmaar";"3";"0";"Havo";"Bij mijn ouder(s)/verzorger(s)"
"4";"4";"2";"2";"2";"4";"3";"3,4";"3,4";"3,4";"3";"5";"4";"5";"4";"2";"1";"2";"2";"2";"4";"3,4";"3,4";"2,33";"2,33";"1,0";"3,67";"2,33";"2,33";"1,0";"2,33";"4,0";"30";"2,6";"0";"1,0";"1,0";"1,0";"3,0";"3,0";"5,0";"1,0";"1,0";"3,0";"5,0";"4";"4";"3";"5";"4";"3";"3";"3";"3";"3";"3";"5";"4";"4";"3";"3";"3";"1";"1";"3";"1,0";"4";"4";"4";"5";"1";"3";"4";"3";"3";"4";"2";"2";"4";"4";"2";"4";"4";"4";"3";"4";"3";"3";"2";"2";"Onderwijs en Innovatie (ONI)";"Vrouw";"45";"Alkmaar";"3";"0";"Havo";"Anders"
"3";"3";"3";"3";"3";"2";"3";"3,4";"3,4";"3,4";"2";"3";"3";"5";"5";"5";"";"4";"4";"1";"4";"4,6";"3,8";"1,0";"1,0";"1,0";"1,0";"1,0";"1,0";"1,0";"2,33";"3,56";"30";"1,0";"1";"1,0";"1,0";"1,0";"3,0";"1,0";"3,0";"5,0";"1,0";"1,0";"1,0";"4";"4";"3";"4";"3";"3";"4";"3";"4";"4";"2";"5";"3";"4";"4";"3";"2";"2";"1";"4";"1,88";"2";"3";"5";"2";"4";"3";"4";"3";"3";"4";"2";"2";"2";"4";"2";"4";"3";"3";"3";"4";"4";"3";"3";"3";"Business, Finance and Law (BFL)";"Vrouw";"19";"Alkmaar";"3";"0";"Havo";"Bij mijn ouder(s)/verzorger(s)"
"3";"4";"3";"2";"1";"2";"2";"3,8";"3,4";"3,8";"";"1";"1";"2";"3";"2";"";"3";"3";"";"4";"4,2";"3,8";"2,33";"1,0";"1,0";"2,33";"1,0";"2,33";"2,33";"1,0";"3,68";"30";"1,0";"0";"1,0";"1,0";"1,0";"3,0";"1,0";"1,0";"1,0";"1,0";"1,0";"1,0";"4";"5";"2";"5";"5";"5";"5";"5";"5";"3";"3";"4";"3";"5";"3";"1";"1";"1";"1";"4";"2,2";"1";"1";"3";"3";"4";"4";"4";"3";"2";"5";"2";"2";"2";"3";"3";"5";"4";"4";"5";"5";"5";"5";"3";"3";"Business, Finance and Law (BFL)";"Man";"20";"Alkmaar";"3";"0";"Havo";"Bij mijn ouder(s)/verzorger(s)"
"3";"3";"4";"4";"4";"4";"3";"3,8";"4,2";"3,4";"4";"4";"4";"5";"5";"4";"5";"4";"5";"3";"4";"2,2";"3,4";"2,33";"3,67";"5,0";"3,67";"3,67";"3,67";"3,67";"3,67";"3,84";"30";"1,0";"1";"1,0";"3,0";"3,0";"3,0";"3,0";"3,0";"3,0";"1,0";"1,0";"1,0";"5";"5";"2";"4";"2";"1";"5";"3";"5";"5";"2";"5";"5";"4";"5";"4";"3";"2";"";"1";"1,64";"4";"4";"5";"5";"4";"5";"5";"4";"1";"4";"3";"3";"4";"3";"2";"2";"4";"4";"2";"3";"4";"3";"2";"2";"Business, Finance and Law (BFL)";"Man";"23";"Haarlem";"3";"0";"Havo";"Anders"
"4";"4";"4";"4";"4";"3";"3";"4,2";"4,2";"3,8";"2";"2";"2";"2";"2";"2";"2";"2";"3";"1";"4";"4,2";"3,0";"2,33";"2,33";"2,33";"2,33";"1,0";"2,33";"1,0";"2,33";"4,4";"30";"1,8";"0";"1,0";"1,0";"1,0";"3,0";"5,0";"5,0";"5,0";"1,0";"1,0";"1,0";"4";"4";"4";"5";"4";"4";"4";"4";"4";"3";"3";"5";"4";"4";"3";"3";"2";"2";"1";"2";"2,2";"";"";"";"";"";"";"";"";"";"";"";"";"";"";"";"";"";"";"";"";"";"";"";"";"Creative Business (CB)";"Man";"23";"Haarlem";"3";"0";"Havo";"Alleen"
"3";"4";"4";"2";"1";"4";"3";"4,6";"2,6";"4,2";"4";"4";"3";"";"3";"";"";"1";"1";"2";"3";"4,6";"3,4";"1,0";"1,0";"2,33";"1,0";"1,0";"1,0";"2,33";"2,33";"4,2";"30";"1,0";"0";"3,0";"1,0";"1,0";"3,0";"1,0";"5,0";"5,0";"1,0";"5,0";"1,0";"4";"4";"2";"4";"5";"4";"4";"4";"4";"3";"3";"5";"3";"3";"4";"4";"4";"3";"1";"4";"1,88";"1";"1";"4";"1";"4";"2";"5";"3";"2";"4";"3";"2";"2";"3";"2";"4";"5";"4";"4";"5";"4";"5";"3";"3";"Creative Business (CB)";"Anders";"20";"Rotterdam";"3";"0";"Havo";"Bij mijn ouder(s)/verzorger(s)"
"3";"4";"4";"3";"3";"2";"3";"4,6";"4,2";"3,4";"3";"4";"3";"4";"4";"4";"4";"4";"5";"3";"4";"2,6";"3,8";"5,0";"3,67";"3,67";"3,67";"3,67";"3,67";"3,67";"3,67";"3,88";"30";"1,0";"0";"5,0";"5,0";"5,0";"3,0";"3,0";"3,0";"1,0";"1,0";"3,0";"1,0";"5";"5";"3";"4";"4";"4";"4";"4";"4";"4";"3";"4";"3";"3";"3";"2";"4";"3";"1";"4";"1,0";"4";"3";"3";"4";"4";"3";"4";"4";"3";"3";"4";"4";"4";"3";"3";"4";"4";"3";"3";"3";"3";"5";"2";"3";"Business, Finance and Law (BFL)";"Vrouw";"21";"Rotterdam";"3";"0";"Havo";"Met een of enkele huisgenoten / vrienden (geen relatie)"
"3";"4";"2";"2";"2";"2";"3";"3,8";"4,2";"3,4";"2";"3";"";"4";"5";"4";"3";"2";"3";"2";"4";"4,2";"3,8";"2,33";"2,33";"2,33";"2,33";"1,0";"1,0";"2,33";"2,33";"4,08";"30";"2,6";"0";"3,0";"1,0";"1,0";"3,0";"3,0";"3,0";"1,0";"1,0";"1,0";"1,0";"3";"4";"3";"4";"4";"5";"4";"3";"3";"3";"3";"5";"3";"4";"2";"1";"2";"2";"1";"4";"1,96";"2";"1";"3";"3";"2";"2";"5";"3";"2";"4";"3";"3";"4";"4";"3";"4";"4";"3";"3";"4";"4";"3";"3";"3";"Business, Finance and Law (BFL)";"Vrouw";"19";"Rotterdam";"3";"0";"Havo";"Bij mijn ouder(s)/verzorger(s)"
"2";"2";"2";"4";"3";"4";"4";"3,4";"3,4";"3,0";"3";"4";"3";"4";"4";"4";"3";"3";"4";"5";"4";"3,8";"3,4";"2,33";"2,33";"2,33";"2,33";"2,33";"2,33";"1,0";"2,33";"3,84";"30";"1,0";"1";"1,0";"1,0";"1,0";"3,0";"1,0";"3,0";"3,0";"1,0";"3,0";"1,0";"4";"4";"2";"3";"1";"2";"1";"1";"1";"3";"1";"4";"1";"1";"1";"1";"1";"1";"1";"5";"1,8";"1";"1";"2";"2";"4";"4";"5";"2";"3";"4";"2";"2";"3";"4";"2";"3";"3";"3";"2";"3";"3";"3";"1";"1";"Creative Business (CB)";"Vrouw";"20";"Rotterdam";"3";"0";"Havo";"Bij mijn ouder(s)/verzorger(s)"
"4";"3";"4";"2";"2";"3";"2";"5,0";"1,8";"4,2";"3";"3";"3";"4";"4";"4";"2";"3";"";"";"5";"4,2";"3,4";"1,0";"1,0";"2,33";"2,33";"2,33";"2,33";"1,0";"1,0";"3,8";"30";"1,0";"0";"1,0";"1,0";"3,0";"3,0";"3,0";"1,0";"1,0";"1,0";"3,0";"3,0";"4";"5";"3";"5";"4";"5";"4";"4";"4";"4";"4";"4";"4";"4";"4";"1";"4";"1";"1";"3";"1,8";"";"";"";"";"";"";"";"";"";"";"";"";"";"";"";"";"";"";"";"";"";"";"";"";"Business, Finance and Law (BFL)";"Man";"20";"Rotterdam";"3";"0";"Havo";"Alleen"
"3";"3";"3";"4";"4";"3";"4";"3,4";"4,6";"3,4";"2";"3";"2";"5";"5";"5";"3";"4";"4";"1";"3";"3,8";"4,6";"2,33";"3,67";"1,0";"2,33";"1,0";"1,0";"2,33";"2,33";"4,12";"30";"1,8";"1";"1,0";"1,0";"1,0";"3,0";"3,0";"3,0";"1,0";"1,0";"1,0";"1,0";"4";"4";"4";"5";"3";"5";"3";"5";"3";"5";"5";"5";"5";"5";"5";"3";"4";"3";"1";"3";"2,28";"";"";"";"";"";"";"";"";"";"";"";"";"";"";"";"";"";"";"";"";"";"";"";"";"Business, Finance and Law (BFL)";"Man";"20";"Rotterdam";"3";"0";"Havo";"Bij mijn ouder(s)/verzorger(s)"
"3";"3";"3";"3";"4";"4";"5";"3,8";"4,6";"3,8";"3";"4";"3";"4";"4";"5";"";"4";"4";"3";"2";"3,4";"3,4";"2,33";"3,67";"2,33";"2,33";"2,33";"3,67";"2,33";"3,67";"3,4";"30";"1,0";"0";"1,0";"1,0";"1,0";"3,0";"1,0";"1,0";"1,0";"1,0";"3,0";"1,0";"4";"4";"3";"4";"4";"5";"4";"4";"4";"4";"3";"5";"3";"3";"3";"1";"1";"1";"1";"2";"2,6";"4";"3";"4";"5";"1";"5";"5";"4";"3";"3";"4";"3";"5";"2";"4";"3";"4";"3";"2";"3";"3";"3";"1";"3";"Creative Business (CB)";"Vrouw";"22";"Rotterdam";"3";"0";"Mbo";"Met mijn partner / een relatie"
"2";"3";"3";"4";"2";"4";"5";"3,4";"4,2";"3,4";"5";"4";"2";"5";"5";"5";"3";"5";"4";"4";"5";"2,6";"3,4";"3,67";"5,0";"3,67";"3,67";"5,0";"3,67";"3,67";"5,0";"4,0";"30";"1,0";"1";"1,0";"1,0";"1,0";"3,0";"3,0";"5,0";"1,0";"1,0";"1,0";"1,0";"3";"4";"1";"3";"2";"2";"2";"1";"4";"3";"4";"4";"2";"3";"3";"1";"1";"1";"1";"4";"4,2";"";"";"";"";"";"";"";"";"";"";"";"";"";"";"";"";"";"";"";"";"";"";"";"";"Creative Business (CB)";"Vrouw";"20";"Rotterdam";"3";"0";"Havo";"Bij mijn ouder(s)/verzorger(s)"
"1";"3";"2";"4";"3";"4";"4";"2,2";"3,4";"2,6";"3";"5";"3";"";"5";"";"2";"";"";"2";"1";"2,6";"3,4";"1,0";"5,0";"5,0";"3,67";"3,67";"3,67";"2,33";"5,0";"4,16";"30";"1,0";"1";"1,0";"1,0";"1,0";"3,0";"1,0";"3,0";"5,0";"1,0";"5,0";"1,0";"4";"3";"4";"4";"4";"4";"3";"3";"4";"4";"2";"5";"3";"2";"2";"3";"4";"3";"1";"4";"2,6";"4";"1";"4";"5";"4";"5";"2";"4";"2";"";"";"";"";"";"";"";"";"";"";"";"";"";"";"";"Creative Business (CB)";"Vrouw";"20";"Rotterdam";"3";"0";"Mbo";"Bij mijn ouder(s)/verzorger(s)"
"3";"4";"3";"2";"2";"2";"3";"4,2";"3,4";"3,8";"4";"3";"4";"4";"4";"5";"";"2";"3";"3";"4";"3,8";"4,2";"2,33";"2,33";"2,33";"2,33";"1,0";"2,33";"2,33";"2,33";"4,0";"30";"1,0";"0";"3,0";"1,0";"1,0";"3,0";"3,0";"3,0";"1,0";"1,0";"1,0";"1,0";"4";"4";"2";"4";"4";"4";"4";"2";"3";"4";"2";"4";"3";"3";"2";"4";"2";"1";"1";"4";"2,12";"";"";"";"";"";"";"";"";"";"";"";"";"";"";"";"";"";"";"";"";"";"";"";"";"Creative Business (CB)";"Vrouw";"23";"Den Haag";"3";"0";"Havo";"Bij mijn ouder(s)/verzorger(s)"
"3";"3";"3";"3";"2";"2";"3";"3,8";"3,4";"3,8";"3";"3";"";"2";"3";"3";"1";"4";"4";"1";"4";"4,2";"3,8";"1,0";"2,33";"2,33";"2,33";"2,33";"2,33";"1,0";"2,33";"3,52";"30";"1,0";"0";"1,0";"1,0";"1,0";"3,0";"1,0";"3,0";"1,0";"1,0";"5,0";"1,0";"3";"5";"3";"4";"5";"5";"4";"3";"2";"4";"3";"5";"5";"4";"3";"1";"3";"1";"1";"2";"1,8";"3";"3";"4";"2";"4";"3";"3";"4";"3";"3";"3";"3";"3";"2";"3";"3";"5";"5";"4";"4";"3";"4";"2";"1";"Business, Finance and Law (BFL)";"Man";"24";"Den Haag";"3";"0";"Vwo";"Bij mijn ouder(s)/verzorger(s)"
"1";"3";"4";"4";"4";"5";"4";"3,4";"4,2";"2,6";"2";"3";"";"";"3";"4";"2";"3";"";"";"4";"3,4";"4,2";"3,67";"5,0";"5,0";"3,67";"2,33";"3,67";"3,67";"5,0";"3,84";"30";"1,0";"1";"5,0";"1,0";"3,0";"3,0";"1,0";"1,0";"1,0";"1,0";"1,0";"1,0";"4";"4";"3";"4";"3";"3";"3";"2";"3";"2";"2";"5";"3";"2";"1";"1";"1";"1";"1";"5";"1,72";"4";"3";"3";"5";"4";"1";"5";"3";"3";"2";"4";"4";"5";"1";"4";"4";"4";"3";"3";"4";"3";"3";"2";"2";"Onderwijs en Innovatie (ONI)";"Vrouw";"23";"Dordrecht";"3";"0";"Havo";"Bij mijn ouder(s)/verzorger(s)"
"3";"4";"3";"4";"4";"3";"4";"5,0";"4,2";"3,8";"2";"2";"2";"2";"4";"3";"2";"2";"5";"1";"4";"3,8";"4,6";"2,33";"3,67";"2,33";"2,33";"2,33";"2,33";"2,33";"3,67";"3,76";"30";"1,0";"1";"1,0";"1,0";"5,0";"3,0";"3,0";"3,0";"1,0";"1,0";"1,0";"1,0";"5";"4";"3";"5";"5";"5";"5";"4";"5";"4";"3";"5";"5";"3";"4";"3";"4";"5";"1";"4";"1,64";"4";"4";"4";"4";"1";"1";"5";"5";"4";"4";"3";"3";"4";"2";"3";"5";"2";"4";"3";"5";"4";"4";"2";"2";"Verloskunde Academie";"Vrouw";"24";"Groningen (Verloskunde Academie)";"3";"0";"Havo";"Met een of enkele huisgenoten / vrienden (geen relatie)"
"2";"4";"3";"3";"4";"3";"4";"3,4";"3,8";"3,8";"2";"2";"2";"3";"3";"3";"3";"3";"3";"3";"4";"3,8";"3,8";"1,0";"2,33";"2,33";"2,33";"1,0";"2,33";"1,0";"2,33";"3,4";"30";"3,4";"0";"1,0";"1,0";"3,0";"3,0";"5,0";"3,0";"1,0";"1,0";"1,0";"1,0";"4";"5";"3";"5";"5";"5";"5";"5";"5";"5";"4";"5";"4";"4";"3";"1";"2";"2";"1";"3";"1,64";"2";"2";"2";"3";"4";"2";"4";"4";"2";"4";"3";"4";"4";"2";"3";"3";"4";"5";"4";"4";"3";"4";"1";"3";"Gezondheid, Sport en Welzijn (GSW)";"Vrouw";"22";"Amsterdam";"4";"0";"Havo";"Bij mijn ouder(s)/verzorger(s)"
"3";"4";"2";"4";"4";"4";"4";"2,6";"3,8";"2,6";"5";"5";"2";"5";"5";"5";"2";"4";"5";"4";"4";"3,8";"4,2";"3,67";"3,67";"3,67";"3,67";"2,33";"3,67";"3,67";"3,67";"4,2";"30";"1,0";"1";"1,0";"1,0";"1,0";"3,0";"3,0";"3,0";"3,0";"3,0";"3,0";"3,0";"3";"5";"3";"4";"2";"2";"2";"2";"3";"2";"3";"4";"3";"3";"2";"3";"2";"2";"1";"5";"1,96";"";"";"";"";"";"";"";"";"";"";"";"";"";"";"";"";"";"";"";"";"";"";"";"";"Creative Business (CB)";"Vrouw";"23";"Amsterdam";"4";"0";"Mbo";"Bij mijn ouder(s)/verzorger(s)"
"4";"4";"4";"3";"2";"4";"3";"4,2";"3,4";"4,2";"4";"4";"4";"3";"5";"4";"2";"3";"4";"2";"4";"4,2";"3,8";"1,0";"2,33";"2,33";"1,0";"1,0";"1,0";"2,33";"2,33";"4,04";"30";"1,0";"0";"1,0";"1,0";"1,0";"3,0";"1,0";"3,0";"1,0";"1,0";"1,0";"1,0";"5";"5";"2";"4";"4";"4";"4";"4";"3";"3";"3";"5";"3";"3";"4";"2";"2";"1";"1";"3";"1,8";"1";"1";"2";"1";"2";"3";"5";"4";"3";"4";"3";"2";"5";"3";"4";"3";"4";"3";"4";"4";"3";"4";"3";"3";"Agri, Food and Life Sciences (AFL)";"Vrouw";"21";"Amsterdam";"4";"0";"Havo";"Bij mijn ouder(s)/verzorger(s)"
"2";"3";"4";"4";"4";"4";"4";"3,4";"4,2";"3,0";"3";"5";"3";"3";"5";"5";"5";"4";"5";"3";"2";"3,4";"4,2";"3,67";"3,67";"3,67";"3,67";"3,67";"3,67";"5,0";"3,67";"3,8";"30";"1,0";"0";"3,0";"5,0";"5,0";"3,0";"1,0";"5,0";"1,0";"1,0";"1,0";"1,0";"5";"5";"2";"5";"5";"5";"4";"4";"5";"4";"2";"5";"3";"4";"2";"1";"1";"1";"1";"4";"1,96";"2";"4";"3";"4";"5";"3";"5";"4";"4";"2";"5";"4";"5";"1";"4";"5";"4";"4";"4";"5";"4";"3";"2";"2";"Gezondheid, Sport en Welzijn (GSW)";"Vrouw";"27";"Amsterdam";"4";"0";"Mbo";"Bij mijn ouder(s)/verzorger(s)"
"2";"3";"3";"3";"3";"3";"3";"2,6";"3,4";"3,4";"3";"2";"2";"1";"1";"2";"2";"2";"2";"2";"4";"3,0";"3,8";"2,33";"3,67";"3,67";"3,67";"2,33";"5,0";"1,0";"1,0";"3,8";"30";"1,0";"0";"1,0";"1,0";"1,0";"3,0";"3,0";"5,0";"5,0";"5,0";"1,0";"1,0";"4";"5";"3";"4";"4";"4";"4";"3";"4";"4";"3";"5";"3";"4";"2";"1";"1";"1";"1";"3";"2,36";"3";"2";"3";"4";"4";"4";"4";"3";"3";"3";"3";"3";"2";"3";"3";"3";"4";"4";"3";"4";"4";"4";"3";"3";"Agri, Food and Life Sciences (AFL)";"Man";"23";"Amsterdam";"4";"0";"Havo";"Alleen"
"2";"3";"2";"3";"2";"4";"3";"2,6";"3,4";"3,0";"1";"4";"2";"3";"5";"4";"4";"2";"5";"4";"4";"3,4";"4,2";"2,33";"3,67";"3,67";"3,67";"1,0";"3,67";"2,33";"3,67";"4,08";"30";"1,0";"0";"3,0";"1,0";"1,0";"3,0";"1,0";"5,0";"1,0";"1,0";"1,0";"1,0";"4";"5";"1";"5";"4";"5";"5";"5";"5";"5";"3";"5";"4";"4";"1";"1";"1";"1";"1";"3";"2,2";"4";"2";"1";"3";"5";"1";"5";"3";"2";"3";"4";"4";"4";"2";"2";"4";"4";"4";"4";"5";"4";"3";"3";"4";"Business, Finance and Law (BFL)";"Vrouw";"25";"Amsterdam";"4";"0";"Mbo";"Met een of enkele huisgenoten / vrienden (geen relatie)"
"3";"4";"4";"5";"4";"5";"5";"2,6";"4,2";"3,0";"4";"3";"1";"3";"2";"4";"2";"5";"5";"4";"4";"3,0";"4,2";"2,33";"3,67";"3,67";"2,33";"1,0";"3,67";"1,0";"3,67";"4,04";"30";"1,0";"0";"1,0";"5,0";"3,0";"3,0";"3,0";"3,0";"1,0";"1,0";"1,0";"1,0";"4";"5";"3";"4";"4";"4";"5";"5";"5";"5";"3";"4";"3";"4";"4";"1";"2";"2";"1";"4";"1,48";"4";"3";"3";"4";"5";"5";"4";"3";"2";"4";"4";"4";"3";"3";"3";"4";"2";"4";"4";"4";"4";"4";"2";"2";"Agri, Food and Life Sciences (AFL)";"Man";"21";"Amsterdam";"4";"0";"Havo";"Bij mijn ouder(s)/verzorger(s)"
"3";"3";"4";"3";"3";"4";"2";"3,8";"5,0";"3,8";"2";"2";"";"";"4";"3";"3";"4";"4";"5";"4";"4,2";"4,6";"1,0";"2,33";"3,67";"3,67";"1,0";"3,67";"2,33";"1,0";"4,2";"30";"1,0";"0";"1,0";"5,0";"5,0";"3,0";"3,0";"3,0";"5,0";"1,0";"5,0";"1,0";"5";"5";"2";"5";"4";"4";"4";"4";"4";"4";"3";"5";"4";"4";"2";"3";"1";"1";"1";"1";"3,72";"";"";"";"";"";"";"";"";"";"";"";"";"";"";"";"";"";"";"";"";"";"";"";"";"Creative Business (CB)";"Vrouw";"23";"Amsterdam";"4";"0";"Anders, namelijk (vul in):";"Met mijn partner / een relatie"
"2";"3";"3";"2";"4";"2";"4";"2,6";"4,2";"3,4";"2";"5";"1";"5";"5";"5";"3";"4";"5";"3";"4";"3,8";"3,4";"3,67";"2,33";"5,0";"2,33";"1,0";"2,33";"2,33";"5,0";"3,44";"30";"1,0";"1";"1,0";"1,0";"1,0";"3,0";"1,0";"5,0";"1,0";"1,0";"1,0";"1,0";"3";"4";"4";"5";"2";"4";"5";"5";"4";"4";"4";"5";"4";"3";"2";"1";"1";"1";"1";"5";"2,6";"";"";"";"";"";"";"";"";"";"";"";"";"";"";"";"";"";"";"";"";"";"";"";"";"Onderwijs en Innovatie (ONI)";"Vrouw";"20";"Amsterdam";"4";"0";"Havo";"Bij mijn ouder(s)/verzorger(s)"
"2";"3";"3";"4";"4";"4";"5";"2,2";"4,2";"3,4";"5";"5";"5";"5";"5";"3";"1";"4";"3";"5";"4";"4,2";"3,4";"2,33";"2,33";"3,67";"2,33";"1,0";"2,33";"1,0";"2,33";"3,96";"30";"1,0";"0";"1,0";"1,0";"1,0";"3,0";"3,0";"3,0";"1,0";"1,0";"1,0";"1,0";"4";"3";"1";"3";"3";"2";"2";"3";"3";"3";"1";"2";"3";"3";"2";"3";"3";"3";"1";"5";"4,2";"";"";"";"";"";"";"";"";"";"";"";"";"";"";"";"";"";"";"";"";"";"";"";"";"Gezondheid, Sport en Welzijn (GSW)";"Vrouw";"22";"Amsterdam";"4";"0";"Havo";"Bij mijn ouder(s)/verzorger(s)"
"3";"3";"4";"5";"5";"4";"2";"3,8";"4,2";"3,4";"4";"3";"3";"4";"4";"1";"2";"4";"3";"4";"4";"3,4";"3,4";"1,0";"1,0";"5,0";"1,0";"2,33";"3,67";"2,33";"1,0";"3,52";"30";"1,0";"0";"1,0";"1,0";"1,0";"3,0";"3,0";"5,0";"1,0";"1,0";"1,0";"1,0";"5";"4";"3";"4";"4";"4";"5";"3";"3";"4";"3";"4";"3";"4";"1";"1";"1";"1";"1";"4";"3,08";"";"";"";"";"";"";"";"";"";"";"";"";"";"";"";"";"";"";"";"";"";"";"";"";"Gezondheid, Sport en Welzijn (GSW)";"Vrouw";"23";"Amsterdam";"4";"0";"Mbo";"Alleen"
"2";"3";"3";"3";"3";"2";"4";"1,8";"2,2";"2,6";"2";"3";"2";"3";"3";"4";"2";"5";"3";"2";"4";"3,8";"3,4";"2,33";"3,67";"1,0";"2,33";"1,0";"3,67";"2,33";"3,67";"3,8";"30";"1,0";"0";"1,0";"1,0";"1,0";"3,0";"3,0";"3,0";"1,0";"1,0";"1,0";"1,0";"3";"4";"2";"3";"3";"4";"4";"3";"3";"4";"3";"5";"4";"3";"2";"1";"2";"4";"1";"3";"1,0";"2";"1";"3";"2";"2";"1";"3";"4";"2";"3";"4";"3";"4";"3";"3";"2";"4";"4";"3";"4";"3";"4";"4";"4";"Techniek, Ontwerpen en Informatica (TOI)";"Man";"21";"Alkmaar";"4";"0";"Havo";"Bij mijn ouder(s)/verzorger(s)"
"3";"3";"2";"2";"2";"2";"2";"3,8";"2,6";"3,8";"";"3";"";"";"";"";"2";"";"";"";"4";"4,2";"4,6";"1,0";"1,0";"2,33";"2,33";"2,33";"2,33";"1,0";"5,0";"3,72";"30";"1,0";"0";"5,0";"1,0";"1,0";"3,0";"1,0";"3,0";"5,0";"1,0";"1,0";"1,0";"3";"4";"4";"4";"4";"5";"3";"2";"4";"3";"3";"5";"4";"3";"3";"1";"3";"3";"1";"4";"2,36";"2";"2";"3";"4";"4";"3";"4";"3";"2";"4";"3";"2";"4";"4";"2";"4";"4";"4";"3";"4";"4";"4";"3";"3";"Techniek, Ontwerpen en Informatica (TOI)";"Man";"23";"Alkmaar";"4";"0";"Mbo";"Bij mijn ouder(s)/verzorger(s)"
"2";"4";"4";"2";"2";"2";"2";"3,8";"3,4";"3,8";"2";"3";"3";"3";"4";"4";"2";"2";"4";"3";"4";"3,8";"4,2";"2,33";"2,33";"2,33";"2,33";"1,0";"2,33";"1,0";"2,33";"3,88";"30";"1,0";"0";"1,0";"1,0";"1,0";"3,0";"3,0";"3,0";"3,0";"1,0";"1,0";"1,0";"4";"5";"1";"4";"4";"4";"3";"4";"4";"4";"4";"5";"3";"4";"3";"1";"3";"1";"1";"3";"4,28";"1";"2";"2";"2";"3";"3";"4";"3";"3";"4";"3";"3";"3";"3";"2";"4";"3";"5";"5";"5";"5";"5";"5";"5";"Techniek, Ontwerpen en Informatica (TOI)";"Vrouw";"20";"Alkmaar";"4";"0";"Havo";"Bij mijn ouder(s)/verzorger(s)"
"3";"5";"4";"4";"2";"2";"2";"4,2";"4,2";"3,8";"3";"4";"3";"4";"4";"4";"2";"3";"5";"1";"4";"3,8";"4,6";"2,33";"3,67";"1,0";"2,33";"1,0";"3,67";"2,33";"2,33";"4,12";"30";"1,8";"0";"5,0";"3,0";"3,0";"3,0";"1,0";"5,0";"1,0";"1,0";"1,0";"1,0";"4";"4";"3";"5";"4";"4";"4";"4";"4";"4";"4";"4";"4";"4";"4";"4";"4";"1";"1";"4";"3,0";"4";"2";"3";"3";"3";"2";"4";"2";"4";"4";"4";"4";"2";"4";"2";"4";"4";"4";"4";"5";"5";"5";"4";"4";"Gezondheid, Sport en Welzijn (GSW)";"Vrouw";"26";"Alkmaar";"4";"0";"Mbo";"Met mijn partner / een relatie"
"4";"3";"2";"1";"1";"1";"3";"4,2";"2,2";"3,4";"1";"3";"1";"1";"1";"1";"1";"2";"1";"1";"2";"4,2";"3,4";"1,0";"1,0";"1,0";"1,0";"2,33";"1,0";"1,0";"1,0";"3,6";"30";"1,0";"0";"1,0";"1,0";"1,0";"3,0";"3,0";"3,0";"5,0";"1,0";"1,0";"1,0";"4";"4";"3";"5";"3";"4";"2";"3";"1";"2";"2";"5";"3";"3";"2";"1";"2";"1";"1";"3";"2,36";"2";"1";"2";"2";"4";"2";"2";"4";"3";"5";"1";"1";"1";"5";"2";"3";"3";"2";"3";"4";"3";"5";"3";"3";"Business, Finance and Law (BFL)";"Man";"20";"Alkmaar";"4";"0";"Havo";"Bij mijn ouder(s)/verzorger(s)"
"4";"5";"5";"2";"2";"4";"2";"5,0";"2,6";"3,8";"2";"3";"3";"2";"4";"4";"2";"3";"3";"";"4";"3,0";"3,4";"2,33";"1,0";"2,33";"3,67";"3,67";"3,67";"2,33";"1,0";"4,24";"30";"1,0";"0";"1,0";"1,0";"5,0";"3,0";"1,0";"5,0";"1,0";"1,0";"1,0";"1,0";"5";"5";"1";"5";"5";"4";"4";"3";"2";"2";"4";"5";"5";"5";"4";"3";"1";"1";"1";"3";"2,92";"1";"4";"2";"3";"4";"4";"5";"2";"2";"4";"2";"2";"2";"4";"2";"4";"3";"5";"5";"5";"5";"5";"5";"5";"Gezondheid, Sport en Welzijn (GSW)";"Vrouw";"22";"Alkmaar";"4";"0";"Vwo";"Bij mijn ouder(s)/verzorger(s)"
"3";"4";"4";"2";"1";"2";"1";"4,2";"2,6";"4,6";"1";"2";"1";"2";"2";"1";"";"2";"3";"2";"3";"3,8";"3,0";"2,33";"1,0";"3,67";"2,33";"1,0";"2,33";"1,0";"3,67";"4,16";"30";"1,0";"0";"1,0";"1,0";"1,0";"3,0";"3,0";"3,0";"3,0";"1,0";"1,0";"1,0";"4";"4";"3";"5";"5";"5";"4";"3";"4";"3";"4";"5";"5";"5";"5";"5";"3";"4";"1";"2";"1,56";"2";"3";"4";"1";"2";"2";"4";"4";"4";"4";"2";"2";"1";"4";"1";"4";"4";"5";"5";"5";"5";"5";"5";"5";"Techniek, Ontwerpen en Informatica (TOI)";"Man";"22";"Alkmaar";"4";"0";"Mbo";"Bij mijn ouder(s)/verzorger(s)"
"3";"4";"4";"2";"2";"1";"2";"4,2";"2,6";"4,2";"1";"1";"1";"1";"3";"2";"1";"1";"3";"1";"5";"4,2";"4,2";"2,33";"2,33";"5,0";"1,0";"1,0";"2,33";"1,0";"2,33";"4,12";"30";"1,0";"0";"1,0";"1,0";"1,0";"3,0";"3,0";"3,0";"3,0";"1,0";"1,0";"1,0";"4";"5";"1";"5";"4";"5";"4";"4";"4";"4";"4";"4";"4";"4";"3";"3";"2";"1";"1";"4";"2,6";"2";"1";"2";"3";"4";"1";"4";"3";"4";"4";"2";"2";"3";"4";"3";"4";"4";"4";"4";"4";"4";"4";"4";"3";"Gezondheid, Sport en Welzijn (GSW)";"Man";"22";"Alkmaar";"4";"0";"Mbo";"Bij mijn ouder(s)/verzorger(s)"
"3";"4";"4";"1";"1";"1";"1";"4,2";"2,2";"3,8";"2";"1";"1";"3";"1";"3";"1";"1";"1";"1";"4";"5,0";"5,0";"1,0";"2,33";"1,0";"1,0";"1,0";"1,0";"1,0";"2,33";"3,64";"30";"1,0";"0";"1,0";"1,0";"1,0";"3,0";"3,0";"3,0";"5,0";"3,0";"3,0";"3,0";"4";"4";"1";"4";"4";"4";"5";"5";"5";"5";"5";"5";"5";"5";"2";"1";"1";"1";"1";"4";"1,8";"";"";"";"";"";"";"";"";"";"";"";"";"";"";"";"";"";"";"";"";"";"";"";"";"Business, Finance and Law (BFL)";"Vrouw";"20";"Alkmaar";"4";"0";"Havo";"Bij mijn ouder(s)/verzorger(s)"
"2";"3";"2";"3";"2";"3";"3";"2,6";"2,2";"2,2";"3";"4";"3";"5";"5";"4";"2";"4";"";"";"3";"4,2";"3,4";"1,0";"2,33";"3,67";"1,0";"1,0";"1,0";"1,0";"3,67";"4,16";"30";"1,0";"1";"1,0";"1,0";"1,0";"3,0";"1,0";"5,0";"5,0";"1,0";"1,0";"1,0";"4";"2";"2";"4";"1";"1";"1";"1";"1";"1";"3";"4";"3";"3";"2";"1";"4";"1";"1";"3";"2,28";"2";"4";"3";"5";"5";"1";"4";"1";"3";"4";"2";"2";"2";"4";"2";"4";"2";"4";"3";"4";"4";"4";"3";"4";"Techniek, Ontwerpen en Informatica (TOI)";"Vrouw";"22";"Alkmaar";"4";"0";"Vwo";"Bij mijn ouder(s)/verzorger(s)"
"3";"4";"3";"3";"1";"3";"3";"3,8";"2,2";"3,8";"1";"2";"2";"2";"3";"2";"2";"2";"3";"2";"4";"4,6";"4,6";"1,0";"1,0";"1,0";"1,0";"1,0";"1,0";"1,0";"2,33";"4,6";"30";"1,0";"0";"3,0";"1,0";"1,0";"3,0";"1,0";"3,0";"3,0";"3,0";"1,0";"1,0";"5";"5";"1";"5";"5";"5";"5";"3";"4";"3";"3";"5";"3";"4";"4";"4";"3";"2";"1";"5";"2,28";"";"";"";"";"";"";"";"";"";"";"";"";"";"";"";"";"";"";"";"";"";"";"";"";"Techniek, Ontwerpen en Informatica (TOI)";"Man";"21";"Alkmaar";"4";"0";"Havo";"Bij mijn ouder(s)/verzorger(s)"
"2";"4";"3";"1";"1";"1";"3";"3,4";"1,8";"3,8";"1";"2";"1";"2";"3";"3";"";"1";"3";"";"5";"4,2";"3,8";"1,0";"1,0";"2,33";"1,0";"1,0";"2,33";"1,0";"2,33";"3,8";"30";"1,0";"0";"3,0";"1,0";"1,0";"3,0";"1,0";"3,0";"1,0";"1,0";"1,0";"1,0";"3";"4";"2";"3";"4";"5";"4";"4";"5";"3";"2";"5";"1";"4";"1";"2";"1";"1";"1";"1";"1,64";"2";"3";"2";"2";"3";"4";"3";"4";"2";"4";"3";"2";"3";"4";"2";"3";"3";"5";"4";"5";"4";"5";"4";"3";"Techniek, Ontwerpen en Informatica (TOI)";"Man";"23";"Alkmaar";"4";"0";"Mbo";"Bij mijn ouder(s)/verzorger(s)"
"2";"4";"3";"4";"4";"3";"3";"3,8";"3,8";"3,0";"2";"3";"4";"4";"5";"4";"3";"2";"3";"3";"4";"3,8";"4,6";"1,0";"2,33";"2,33";"3,67";"1,0";"3,67";"2,33";"2,33";"3,8";"30";"1,0";"0";"1,0";"5,0";"1,0";"3,0";"3,0";"1,0";"1,0";"1,0";"1,0";"1,0";"4";"4";"3";"5";"4";"5";"4";"4";"3";"3";"1";"5";"2";"2";"4";"5";"3";"5";"1";"1";"2,28";"4";"4";"4";"4";"3";"5";"4";"3";"3";"4";"1";"2";"2";"4";"3";"4";"5";"5";"3";"3";"3";"4";"3";"2";"Techniek, Ontwerpen en Informatica (TOI)";"Man";"27";"Haarlem";"4";"0";"Havo";"Met mijn partner / een relatie"
"2";"4";"4";"4";"2";"2";"3";"4,2";"4,6";"3,8";"1";"3";"1";"5";"4";"4";"2";"1";"2";"5";"4";"3,8";"4,2";"2,33";"3,67";"1,0";"2,33";"1,0";"3,67";"1,0";"3,67";"3,6";"30";"1,0";"0";"3,0";"1,0";"1,0";"3,0";"3,0";"3,0";"1,0";"1,0";"1,0";"1,0";"4";"3";"2";"3";"4";"3";"4";"3";"4";"3";"2";"5";"3";"4";"1";"1";"1";"2";"1";"2";"";"";"";"";"";"";"";"";"";"";"";"";"";"";"";"";"";"";"";"";"";"";"";"";"";"Techniek, Ontwerpen en Informatica (TOI)";"Man";"21";"Haarlem";"4";"0";"Havo";"Bij mijn ouder(s)/verzorger(s)"
"3";"4";"4";"2";"1";"1";"3";"3,8";"3,4";"4,2";"1";"1";"3";"2";"2";"5";"1";"2";"5";"5";"3";"4,2";"4,6";"1,0";"3,67";"5,0";"2,33";"1,0";"3,67";"1,0";"3,67";"4,2";"30";"1,0";"0";"1,0";"5,0";"1,0";"3,0";"3,0";"3,0";"3,0";"1,0";"1,0";"1,0";"5";"5";"2";"4";"5";"5";"5";"5";"5";"5";"5";"5";"5";"5";"5";"5";"5";"5";"1";"1";"3,88";"2";"3";"5";"5";"5";"4";"4";"4";"3";"2";"2";"2";"3";"4";"3";"4";"2";"5";"4";"4";"2";"5";"4";"5";"Creative Business (CB)";"Man";"24";"Haarlem";"4";"0";"Mbo";"In een studentenhuis / met meerdere studenten samen"
"4";"4";"3";"1";"2";"2";"3";"4,6";"1,8";"3,0";"5";"5";"5";"5";"5";"3";"5";"3";"5";"5";"4";"3,8";"4,2";"2,33";"2,33";"3,67";"3,67";"2,33";"3,67";"3,67";"3,67";"4,0";"30";"1,0";"1";"5,0";"1,0";"5,0";"3,0";"1,0";"1,0";"3,0";"1,0";"1,0";"1,0";"4";"4";"1";"4";"2";"2";"2";"1";"2";"3";"2";"5";"3";"4";"5";"3";"4";"1";"1";"3";"1,0";"2";"4";"5";"4";"5";"4";"4";"4";"4";"4";"3";"2";"2";"4";"2";"2";"2";"2";"2";"2";"2";"2";"2";"1";"Techniek, Ontwerpen en Informatica (TOI)";"Vrouw";"23";"Haarlem";"4";"1";"Ik heb een buitenlandse vooropleiding afgerond (bv. A-levels)";"Bij mijn ouder(s)/verzorger(s)"
"3";"4";"3";"3";"3";"3";"3";"4,6";"3,8";"3,8";"4";"3";"3";"5";"5";"5";"4";"2";"5";"5";"2";"4,2";"3,8";"1,0";"1,0";"2,33";"1,0";"1,0";"1,0";"2,33";"2,33";"3,84";"30";"1,0";"0";"1,0";"1,0";"1,0";"3,0";"3,0";"3,0";"3,0";"3,0";"3,0";"3,0";"4";"4";"2";"4";"4";"4";"4";"4";"4";"4";"3";"5";"3";"4";"3";"2";"2";"2";"1";"2";"1,64";"1";"1";"3";"4";"5";"4";"3";"3";"3";"4";"2";"3";"4";"4";"2";"4";"3";"4";"3";"4";"4";"4";"1";"1";"Techniek, Ontwerpen en Informatica (TOI)";"Man";"23";"Haarlem";"4";"0";"Havo";"Bij mijn ouder(s)/verzorger(s)"
"1";"2";"1";"5";"5";"5";"4";"2,2";"3,8";"1,4";"5";"4";"4";"2";"4";"5";"";"3";"5";"3";"3";"2,6";"3,8";"2,33";"3,67";"3,67";"5,0";"1,0";"3,67";"2,33";"3,67";"4,08";"30";"1,0";"0";"5,0";"5,0";"5,0";"3,0";"5,0";"3,0";"5,0";"1,0";"1,0";"1,0";"4";"4";"2";"5";"2";"3";"4";"4";"5";"3";"2";"5";"3";"4";"4";"1";"4";"2";"1";"1";"2,6";"4";"3";"5";"5";"5";"5";"5";"4";"2";"1";"5";"5";"5";"1";"5";"3";"3";"4";"3";"4";"3";"4";"2";"2";"Creative Business (CB)";"Vrouw";"24";"Haarlem";"4";"1";"Anders, namelijk (vul in):";"Met mijn partner / een relatie"
"4";"4";"4";"5";"4";"4";"4";"4,2";"4,6";"1,8";"5";"2";"5";"5";"5";"3";"1";"3";"4";"2";"2";"2,2";"3,8";"2,33";"2,33";"3,67";"2,33";"3,67";"3,67";"2,33";"2,33";"4,08";"30";"1,0";"0";"1,0";"5,0";"1,0";"3,0";"3,0";"5,0";"5,0";"3,0";"3,0";"3,0";"5";"5";"2";"5";"5";"5";"4";"2";"3";"4";"1";"5";"5";"4";"5";"3";"3";"3";"1";"1";"1,0";"3";"4";"3";"5";"5";"3";"4";"5";"4";"";"";"";"";"";"";"";"";"";"";"";"";"";"";"";"Techniek, Ontwerpen en Informatica (TOI)";"Man";"28";"Haarlem";"4";"1";"Ik heb een buitenlandse vooropleiding afgerond (bv. A-levels)";"Alleen"
"2";"3";"4";"4";"2";"2";"3";"2,6";"4,2";"3,4";"2";"2";"2";"3";"3";"4";"2";"2";"3";"1";"4";"3,0";"3,8";"3,67";"3,67";"2,33";"3,67";"3,67";"3,67";"3,67";"5,0";"3,56";"30";"1,8";"0";"3,0";"1,0";"5,0";"3,0";"1,0";"3,0";"1,0";"1,0";"1,0";"1,0";"4";"4";"4";"4";"4";"4";"4";"4";"4";"3";"2";"5";"3";"5";"3";"1";"1";"1";"1";"5";"1,96";"";"";"";"";"";"";"";"";"";"";"";"";"";"";"";"";"";"";"";"";"";"";"";"";"Business, Finance and Law (BFL)";"Man";"22";"Haarlem";"4";"0";"Anders, namelijk (vul in):";"Bij mijn ouder(s)/verzorger(s)"
"1";"1";"1";"5";"4";"5";"5";"1,0";"4,6";"1,0";"";"5";"";"3";"";"";"";"";"3";"5";"2";"2,6";"3,8";"2,33";"2,33";"2,33";"5,0";"1,0";"5,0";"2,33";"5,0";"3,76";"30";"4,2";"0";"3,0";"1,0";"1,0";"3,0";"3,0";"5,0";"3,0";"1,0";"5,0";"1,0";"4";"5";"5";"5";"1";"2";"3";"4";"4";"3";"4";"5";"1";"5";"2";"1";"1";"1";"1";"3";"";"4";"1";"1";"4";"1";"5";"4";"4";"3";"2";"3";"4";"4";"3";"2";"4";"4";"4";"3";"3";"4";"4";"1";"1";"Creative Business (CB)";"Vrouw";"22";"Haarlem";"4";"0";"Havo";"Bij mijn ouder(s)/verzorger(s)"
"3";"4";"4";"3";"4";"4";"2";"4,6";"4,6";"3,0";"2";"4";"2";"3";"3";"4";"2";"5";"4";"";"4";"3,8";"4,2";"5,0";"5,0";"5,0";"3,67";"1,0";"3,67";"3,67";"5,0";"3,92";"30";"1,0";"0";"3,0";"1,0";"5,0";"3,0";"3,0";"5,0";"3,0";"1,0";"1,0";"1,0";"4";"3";"3";"5";"4";"5";"3";"2";"4";"4";"3";"5";"3";"3";"1";"2";"1";"1";"1";"3";"2,6";"4";"2";"3";"3";"1";"1";"4";"4";"4";"4";"2";"2";"2";"4";"2";"4";"4";"4";"4";"4";"4";"4";"2";"2";"Business, Finance and Law (BFL)";"Vrouw";"26";"Rotterdam";"4";"0";"Mbo";"Met mijn partner / een relatie"
"2";"3";"2";"4";"3";"3";"3";"3,0";"4,2";"3,0";"2";"4";"3";"5";"5";"5";"5";"3";"5";"1";"4";"2,6";"3,8";"2,33";"2,33";"1,0";"5,0";"2,33";"3,67";"2,33";"2,33";"4,0";"30";"1,8";"0";"1,0";"1,0";"1,0";"3,0";"3,0";"3,0";"3,0";"3,0";"3,0";"3,0";"4";"5";"3";"4";"3";"4";"2";"2";"2";"3";"1";"4";"2";"2";"1";"1";"1";"1";"1";"5";"3,56";"4";"2";"3";"2";"4";"4";"4";"3";"2";"2";"4";"4";"4";"2";"3";"3";"4";"2";"2";"4";"3";"4";"4";"4";"Business, Finance and Law (BFL)";"Vrouw";"21";"Rotterdam";"4";"0";"Havo";"Bij mijn ouder(s)/verzorger(s)"
"3";"4";"4";"3";"1";"3";"5";"4,6";"3,8";"3,8";"3";"4";"4";"3";"2";"3";"";"1";"3";"5";"3";"4,2";"3,8";"2,33";"1,0";"2,33";"2,33";"1,0";"3,67";"2,33";"3,67";"4,24";"30";"1,0";"0";"1,0";"1,0";"1,0";"3,0";"1,0";"3,0";"1,0";"1,0";"3,0";"1,0";"5";"5";"1";"5";"3";"3";"4";"5";"5";"4";"4";"5";"3";"4";"1";"2";"1";"1";"1";"4";"1,96";"1";"3";"3";"1";"3";"1";"5";"1";"1";"1";"5";"4";"4";"2";"3";"5";"2";"5";"4";"5";"5";"3";"2";"2";"Business, Finance and Law (BFL)";"Vrouw";"22";"Rotterdam";"4";"0";"Havo";"Met mijn partner / een relatie"
"2";"4";"3";"2";"1";"2";"4";"3,4";"3,0";"3,4";"2";"3";"2";"2";"4";"3";"2";"1";"3";"4";"4";"3,8";"3,4";"2,33";"1,0";"2,33";"3,67";"2,33";"2,33";"1,0";"3,67";"4,12";"30";"1,0";"0";"5,0";"1,0";"1,0";"3,0";"1,0";"3,0";"3,0";"1,0";"1,0";"1,0";"3";"3";"4";"4";"2";"4";"4";"3";"4";"3";"2";"4";"2";"3";"1";"1";"3";"2";"1";"2";"1,64";"2";"2";"2";"1";"3";"3";"4";"2";"3";"4";"2";"2";"2";"4";"2";"4";"4";"3";"3";"3";"3";"4";"2";"2";"Business, Finance and Law (BFL)";"Man";"21";"Rotterdam";"4";"0";"Havo";"Bij mijn ouder(s)/verzorger(s)"
"4";"4";"4";"1";"1";"2";"2";"3,8";"1,0";"4,2";"4";"4";"4";"2";"3";"2";"1";"1";"2";"2";"4";"4,2";"3,8";"1,0";"1,0";"2,33";"2,33";"1,0";"2,33";"1,0";"1,0";"3,76";"30";"1,0";"0";"1,0";"1,0";"3,0";"3,0";"3,0";"5,0";"5,0";"1,0";"1,0";"1,0";"2";"4";"1";"4";"4";"4";"4";"3";"4";"4";"3";"4";"2";"4";"2";"1";"1";"1";"1";"5";"1,64";"1";"3";"2";"1";"3";"3";"3";"2";"2";"4";"2";"2";"4";"4";"2";"3";"4";"4";"4";"4";"4";"4";"2";"3";"Business, Finance and Law (BFL)";"Vrouw";"23";"Rotterdam";"4";"0";"Vwo";"Bij mijn ouder(s)/verzorger(s)"
"3";"3";"3";"2";"1";"3";"3";"3,4";"2,6";"3,4";"2";"2";"3";"2";"2";"3";"1";"2";"3";"1";"3";"3,4";"4,2";"2,33";"2,33";"2,33";"2,33";"2,33";"2,33";"2,33";"2,33";"4,04";"30";"1,0";"0";"1,0";"1,0";"1,0";"3,0";"3,0";"3,0";"3,0";"1,0";"1,0";"1,0";"4";"5";"2";"4";"4";"3";"3";"3";"3";"3";"3";"3";"3";"3";"2";"2";"3";"2";"1";"3";"2,44";"1";"1";"3";"2";"4";"4";"4";"2";"3";"3";"2";"2";"2";"3";"3";"3";"3";"3";"3";"3";"3";"4";"3";"3";"Creative Business (CB)";"Vrouw";"23";"Den Haag";"4";"1";"Ik heb een buitenlandse vooropleiding afgerond (bv. A-levels)";"Met een of enkele huisgenoten / vrienden (geen relatie)"
"3";"4";"2";"3";"2";"4";"2";"4,6";"3,0";"3,4";"3";"4";"2";"2";"4";"3";"1";"2";"4";"";"4";"3,8";"3,4";"1,0";"2,33";"2,33";"2,33";"1,0";"2,33";"2,33";"2,33";"4,24";"30";"1,0";"0";"3,0";"1,0";"1,0";"3,0";"3,0";"1,0";"1,0";"1,0";"1,0";"3,0";"5";"5";"2";"5";"4";"4";"5";"4";"4";"4";"4";"5";"3";"3";"3";"4";"2";"1";"1";"3";"1,16";"2";"3";"4";"3";"1";"4";"2";"4";"1";"4";"3";"3";"4";"2";"4";"4";"2";"5";"4";"3";"4";"4";"4";"4";"Agri, Food and Life Sciences (AFL)";"Vrouw";"23";"Delft";"4";"0";"Vwo";"Met mijn partner / een relatie"
"3";"4";"4";"3";"2";"2";"3";"4,2";"2,6";"3,8";"3";"3";"2";"2";"4";"3";"1";"1";"2";"2";"4";"4,2";"4,2";"1,0";"3,67";"3,67";"2,33";"1,0";"1,0";"2,33";"2,33";"4,28";"30";"1,0";"0";"1,0";"1,0";"1,0";"3,0";"3,0";"3,0";"1,0";"1,0";"3,0";"1,0";"5";"4";"1";"4";"3";"4";"4";"5";"4";"4";"2";"5";"2";"4";"2";"1";"2";"2";"1";"5";"1,8";"1";"1";"1";"1";"4";"2";"4";"4";"3";"4";"1";"1";"3";"4";"2";"4";"4";"3";"3";"4";"3";"3";"4";"3";"Techniek, Ontwerpen en Informatica (TOI)";"Man";"21";"Delft";"4";"0";"Vwo";"Bij mijn ouder(s)/verzorger(s)"
"2";"3";"1";"3";"2";"2";"2";"2,6";"2,2";"3,0";"4";"4";"3";"4";"2";"2";"3";"1";"3";"2";"4";"3,0";"3,8";"2,33";"2,33";"3,67";"3,67";"2,33";"3,67";"2,33";"2,33";"3,84";"30";"1,0";"0";"1,0";"1,0";"1,0";"3,0";"3,0";"3,0";"3,0";"3,0";"1,0";"1,0";"4";"4";"3";"4";"4";"4";"4";"4";"4";"3";"3";"5";"3";"4";"3";"3";"3";"3";"1";"3";"2,2";"3";"3";"3";"2";"1";"4";"3";"3";"3";"3";"4";"4";"5";"2";"4";"4";"4";"4";"4";"4";"4";"5";"4";"5";"Agri, Food and Life Sciences (AFL)";"Vrouw";"21";"Delft";"4";"0";"Havo";"Bij mijn ouder(s)/verzorger(s)"
"5";"4";"5";"1";"1";"1";"1";"4,2";"1,0";"4,2";"1";"1";"1";"1";"1";"1";"1";"1";"1";"1";"4";"4,2";"4,2";"1,0";"1,0";"1,0";"2,33";"1,0";"2,33";"1,0";"1,0";"3,52";"30";"1,0";"0";"1,0";"1,0";"1,0";"3,0";"3,0";"3,0";"5,0";"3,0";"3,0";"3,0";"4";"3";"2";"3";"4";"5";"4";"2";"5";"4";"2";"5";"4";"4";"3";"1";"1";"1";"1";"3";"1,8";"";"";"";"";"";"";"";"";"";"";"";"";"";"";"";"";"";"";"";"";"";"";"";"";"Agri, Food and Life Sciences (AFL)";"Man";"21";"Delft";"4";"0";"Havo";"Bij mijn ouder(s)/verzorger(s)"
"1";"1";"2";"1";"1";"1";"5";"1,8";"1,8";"1,0";"1";"3";"1";"3";"2";"1";"1";"1";"2";"2";"3";"3,0";"4,2";"2,33";"2,33";"1,0";"3,67";"3,67";"3,67";"2,33";"3,67";"3,8";"30";"1,0";"0";"1,0";"1,0";"1,0";"3,0";"5,0";"5,0";"3,0";"1,0";"1,0";"1,0";"1";"1";"1";"1";"2";"4";"3";"2";"1";"1";"1";"4";"1";"1";"1";"1";"1";"1";"1";"4";"2,6";"";"";"";"";"";"";"";"";"";"";"";"";"";"";"";"";"";"";"";"";"";"";"";"";"Agri, Food and Life Sciences (AFL)";"Man";"21";"Delft";"4";"0";"Vwo";"Bij mijn ouder(s)/verzorger(s)"
"2";"3";"4";"4";"3";"3";"3";"3,8";"4,2";"3,4";"4";"4";"4";"4";"4";"4";"4";"4";"4";"3";"1";"4,2";"4,2";"1,0";"2,33";"1,0";"2,33";"1,0";"1,0";"1,0";"2,33";"3,44";"30";"4,2";"0";"3,0";"3,0";"3,0";"3,0";"3,0";"5,0";"5,0";"3,0";"1,0";"1,0";"4";"4";"3";"4";"4";"4";"4";"4";"4";"4";"3";"4";"4";"4";"4";"1";"2";"2";"1";"4";"2,04";"";"";"";"";"";"";"";"";"";"";"";"";"";"";"";"";"";"";"";"";"";"";"";"";"Agri, Food and Life Sciences (AFL)";"Man";"21";"Delft";"4";"0";"Havo";"Bij mijn ouder(s)/verzorger(s)"
"3";"4";"3";"3";"3";"3";"3";"1,8";"3,8";"3,0";"3";"5";"2";"4";"5";"2";"4";"5";"2";"";"4";"3,8";"3,4";"1,0";"2,33";"2,33";"1,0";"1,0";"1,0";"2,33";"1,0";"3,32";"30";"2,6";"0";"3,0";"3,0";"3,0";"3,0";"3,0";"3,0";"3,0";"3,0";"1,0";"1,0";"2";"4";"3";"3";"3";"3";"3";"3";"3";"3";"3";"3";"3";"3";"3";"3";"3";"3";"1";"5";"1,64";"";"";"";"";"";"";"";"";"";"";"";"";"";"";"";"";"";"";"";"";"";"";"";"";"Agri, Food and Life Sciences (AFL)";"Man";"20";"Delft";"4";"0";"Havo";"Bij mijn ouder(s)/verzorger(s)"
"3";"4";"4";"2";"2";"3";"4";"3,8";"3,4";"3,8";"3";"3";"2";"4";"4";"4";"2";"3";"4";"1";"3";"3,8";"4,2";"2,33";"3,67";"2,33";"2,33";"1,0";"2,33";"2,33";"3,67";"4,2";"30";"1,0";"0";"1,0";"1,0";"1,0";"3,0";"1,0";"3,0";"3,0";"1,0";"1,0";"1,0";"4";"5";"3";"4";"4";"4";"5";"4";"5";"3";"4";"5";"3";"3";"4";"4";"3";"4";"1";"4";"1,96";"2";"1";"4";"4";"2";"5";"5";"4";"3";"3";"3";"3";"4";"2";"4";"4";"4";"5";"4";"3";"3";"4";"3";"4";"Agri, Food and Life Sciences (AFL)";"Vrouw";"22";"Delft";"4";"0";"Vwo";"Bij mijn ouder(s)/verzorger(s)"
"3";"4";"3";"3";"4";"3";"3";"3,8";"4,2";"4,2";"2";"3";"2";"4";"4";"3";"3";"2";"3";"4";"4";"4,2";"3,4";"2,33";"3,67";"5,0";"2,33";"1,0";"1,0";"1,0";"3,67";"4,2";"30";"1,0";"0";"1,0";"1,0";"1,0";"3,0";"3,0";"3,0";"3,0";"3,0";"3,0";"3,0";"4";"4";"2";"3";"4";"4";"4";"5";"4";"4";"3";"5";"3";"3";"2";"3";"2";"3";"1";"4";"1,32";"";"";"";"";"";"";"";"";"";"";"";"";"";"";"";"";"";"";"";"";"";"";"";"";"Agri, Food and Life Sciences (AFL)";"Vrouw";"21";"Delft";"4";"0";"Vwo";"Bij mijn ouder(s)/verzorger(s)"
"3";"4";"4";"2";"3";"3";"2";"4,2";"3,0";"4,2";"3";"3";"3";"2";"3";"2";"1";"1";"2";"2";"4";"4,2";"4,2";"1,0";"1,0";"2,33";"2,33";"1,0";"2,33";"1,0";"2,33";"3,8";"30";"1,0";"0";"1,0";"1,0";"1,0";"3,0";"1,0";"3,0";"5,0";"1,0";"1,0";"1,0";"4";"5";"2";"4";"4";"4";"4";"3";"4";"4";"3";"5";"4";"4";"2";"1";"1";"2";"1";"5";"1,8";"2";"2";"3";"2";"3";"3";"4";"3";"3";"4";"3";"2";"2";"4";"2";"4";"4";"5";"3";"4";"4";"4";"3";"4";"Agri, Food and Life Sciences (AFL)";"Vrouw";"21";"Delft";"4";"0";"Havo";"Bij mijn ouder(s)/verzorger(s)"
"3";"4";"3";"3";"3";"4";"2";"3,4";"4,2";"3,8";"4";"4";"4";"3";"5";"3";"2";"3";"5";"4";"4";"3,4";"3,8";"2,33";"2,33";"5,0";"3,67";"1,0";"3,67";"2,33";"2,33";"2,2";"30";"4,2";"1";"5,0";"1,0";"3,0";"3,0";"1,0";"5,0";"3,0";"1,0";"1,0";"1,0";"4";"4";"3";"4";"3";"3";"2";"2";"3";"3";"4";"4";"3";"4";"2";"1";"1";"1";"1";"3";"1,16";"5";"2";"4";"4";"3";"5";"5";"3";"2";"2";"4";"5";"5";"2";"4";"3";"4";"4";"3";"4";"3";"3";"4";"3";"Agri, Food and Life Sciences (AFL)";"Vrouw";"23";"Delft";"4";"0";"Havo";"Met mijn partner / een relatie"
"2";"4";"3";"3";"2";"4";"1";"4,2";"3,8";"3,8";"2";"3";"";"";"";"2";"1";"3";"2";"5";"3";"2,2";"3,4";"2,33";"2,33";"3,67";"3,67";"1,0";"3,67";"2,33";"2,33";"4,2";"30";"1,0";"0";"3,0";"1,0";"3,0";"3,0";"5,0";"5,0";"3,0";"1,0";"3,0";"1,0";"4";"5";"3";"5";"4";"3";"2";"2";"3";"1";"2";"5";"1";"4";"3";"3";"1";"2";"1";"3";"";"2";"3";"1";"1";"2";"3";"4";"2";"2";"1";"3";"5";"2";"3";"2";"2";"3";"5";"5";"5";"4";"5";"5";"5";"Agri, Food and Life Sciences (AFL)";"Vrouw";"28";"Amsterdam";"5 of hoger";"0";"Havo";"Bij mijn ouder(s)/verzorger(s)"
"4";"4";"4";"2";"2";"2";"2";"4,2";"4,2";"4,6";"1";"1";"2";"3";"2";"2";"3";"2";"2";"1";"4";"4,2";"4,6";"1,0";"2,33";"1,0";"2,33";"1,0";"1,0";"2,33";"2,33";"3,72";"30";"1,0";"0";"1,0";"1,0";"1,0";"3,0";"5,0";"3,0";"3,0";"3,0";"3,0";"3,0";"5";"5";"3";"5";"5";"5";"4";"4";"3";"3";"4";"5";"4";"4";"3";"3";"2";"4";"1";"4";"2,92";"3";"3";"3";"2";"3";"1";"3";"1";"1";"4";"3";"3";"4";"3";"3";"4";"5";"5";"5";"5";"5";"4";"4";"4";"Techniek, Ontwerpen en Informatica (TOI)";"Man";"27";"Alkmaar";"5 of hoger";"0";"Mbo";"Bij mijn ouder(s)/verzorger(s)"
"2";"2";"2";"4";"4";"4";"4";"2,2";"3,4";"1,8";"4";"5";"3";"5";"5";"5";"";"5";"4";"3";"2";"2,2";"3,4";"3,67";"3,67";"3,67";"3,67";"2,33";"3,67";"3,67";"5,0";"3,8";"30";"1,0";"0";"1,0";"1,0";"1,0";"3,0";"3,0";"3,0";"1,0";"1,0";"1,0";"1,0";"3";"5";"3";"5";"3";"2";"4";"2";"3";"3";"1";"5";"4";"3";"3";"1";"4";"1";"1";"3";"3,0";"4";"3";"5";"4";"4";"4";"5";"3";"4";"3";"2";"3";"3";"3";"3";"3";"3";"4";"3";"4";"5";"4";"2";"1";"Creative Business (CB)";"Man";"26";"Haarlem";"5 of hoger";"0";"Havo";"Bij mijn ouder(s)/verzorger(s)"
"2";"3";"2";"4";"3";"4";"5";"3,8";"4,2";"2,6";"5";"5";"5";"5";"5";"5";"";"3";"5";"4";"4";"4,2";"4,2";"1,0";"3,67";"3,67";"2,33";"1,0";"2,33";"1,0";"3,67";"3,8";"30";"1,0";"0";"1,0";"1,0";"1,0";"3,0";"1,0";"3,0";"5,0";"1,0";"1,0";"1,0";"4";"4";"2";"4";"3";"3";"2";"2";"3";"3";"3";"4";"2";"3";"2";"2";"2";"2";"1";"5";"3,0";"1";"1";"4";"3";"2";"5";"4";"2";"4";"3";"2";"2";"4";"4";"3";"5";"2";"2";"3";"3";"2";"4";"3";"4";"Business, Finance and Law (BFL)";"Vrouw";"21";"Haarlem";"5 of hoger";"0";"Havo";"Met mijn partner / een relatie"
"3";"4";"4";"2";"2";"4";"2";"4,2";"2,6";"3,4";"1";"3";"";"3";"";"";"";"1";"";"";"5";"4,6";"3,4";"2,33";"1,0";"3,67";"3,67";"1,0";"3,67";"2,33";"1,0";"3,96";"30";"1,0";"0";"1,0";"1,0";"1,0";"3,0";"1,0";"3,0";"3,0";"1,0";"1,0";"1,0";"4";"3";"2";"4";"3";"5";"2";"1";"1";"1";"1";"4";"3";"4";"1";"1";"1";"2";"1";"4";"";"3";"1";"2";"2";"1";"1";"4";"1";"1";"4";"3";"1";"3";"4";"1";"5";"3";"2";"3";"4";"3";"3";"2";"2";"Techniek, Ontwerpen en Informatica (TOI)";"Man";"23";"Delft";"5 of hoger";"0";"Havo";"In een studentenhuis / met meerdere studenten samen"
"3";"5";"5";"3";"1";"3";"3";"4,2";"2,2";"4,2";"";"";"";"";"";"";"3";"1";"1";"3";"4";"4,2";"3,8";"2,33";"2,33";"2,33";"2,33";"3,67";"3,67";"2,33";"2,33";"3,2";"30";"2,6";"0";"5,0";"5,0";"1,0";"5,0";"1,0";"5,0";"1,0";"1,0";"1,0";"1,0";"4";"4";"2";"4";"5";"4";"4";"3";"1";"3";"3";"4";"3";"3";"2";"1";"1";"1";"1";"";"2,28";"";"";"";"";"";"";"";"";"";"";"";"";"";"";"";"";"";"";"";"";"";"";"";"";"Gezondheid, Sport en Welzijn (GSW)";"Vrouw";"39";"Amsterdam";"1";"1";"Anders, namelijk (vul in):";"Alleen"
"4";"5";"4";"3";"3";"4";"2";"4,6";"4,6";"4,6";"2";"2";"2";"4";"5";"4";"5";"4";"3";"2";"4";"4,2";"3,4";"2,33";"1,0";"3,67";"1,0";"2,33";"1,0";"2,33";"2,33";"3,8";"30";"1,8";"0";"3,0";"1,0";"3,0";"5,0";"5,0";"5,0";"1,0";"1,0";"1,0";"1,0";"5";"5";"2";"5";"5";"3";"5";"3";"4";"4";"3";"5";"2";"5";"3";"2";"2";"3";"1";"5";"1,32";"";"";"";"";"";"";"";"";"";"";"";"";"";"";"";"";"";"";"";"";"";"";"";"";"Gezondheid, Sport en Welzijn (GSW)";"Vrouw";"17";"Amsterdam";"1";"0";"Havo";"Bij mijn ouder(s)/verzorger(s)"
"3";"5";"4";"5";"3";"3";"4";"5,0";"3,8";"4,6";"2";"1";"";"2";"2";"3";"2";"2";"3";"1";"4";"3,8";"5,0";"2,33";"1,0";"2,33";"2,33";"2,33";"2,33";"2,33";"2,33";"4,2";"30";"1,0";"0";"3,0";"3,0";"3,0";"5,0";"1,0";"1,0";"5,0";"3,0";"1,0";"1,0";"5";"5";"5";"5";"4";"5";"5";"5";"5";"5";"5";"5";"5";"5";"5";"5";"5";"3";"1";"5";"1,8";"5";"5";"5";"3";"2";"4";"5";"5";"4";"4";"4";"4";"4";"4";"3";"3";"3";"5";"5";"5";"5";"3";"5";"5";"Business, Finance and Law (BFL)";"Vrouw";"22";"Amsterdam";"1";"1";"Havo";"Alleen"
"3";"3";"4";"3";"5";"5";"5";"4,2";"4,6";"3,8";"5";"5";"5";"3";"5";"2";"3";"5";"5";"3";"2";"3,0";"3,8";"3,67";"2,33";"3,67";"3,67";"5,0";"3,67";"3,67";"2,33";"3,64";"30";"2,6";"0";"1,0";"3,0";"5,0";"5,0";"1,0";"3,0";"1,0";"1,0";"1,0";"1,0";"5";"4";"3";"3";"1";"3";"5";"3";"1";"2";"1";"5";"2";"3";"1";"1";"4";"2";"1";"1";"1,64";"5";"5";"5";"5";"4";"4";"5";"3";"4";"3";"5";"5";"5";"4";"3";"3";"4";"1";"3";"4";"2";"4";"3";"3";"Creative Business (CB)";"Vrouw";"19";"Den Haag";"1";"1";"Mbo";"Met mijn partner / een relatie"
"3";"4";"4";"4";"3";"5";"2";"4,6";"4,2";"3,8";"5";"4";"5";"4";"5";"3";"4";"5";"5";"5";"4";"3,4";"2,6";"3,67";"5,0";"3,67";"3,67";"3,67";"3,67";"3,67";"3,67";"3,52";"30";"1,0";"0";"5,0";"1,0";"5,0";"5,0";"3,0";"5,0";"3,0";"1,0";"1,0";"1,0";"4";"5";"2";"5";"2";"2";"3";"2";"1";"3";"3";"5";"3";"4";"3";"5";"3";"2";"1";"5";"1,16";"3";"2";"2";"2";"1";"3";"5";"4";"3";"1";"4";"4";"5";"1";"4";"4";"5";"5";"3";"3";"4";"4";"3";"3";"Agri, Food and Life Sciences (AFL)";"Vrouw";"18";"Delft";"2";"0";"Havo";"Bij mijn ouder(s)/verzorger(s)"
"3";"4";"4";"2";"4";"4";"3";"4,2";"2,2";"4,2";"3";"5";"3";"5";"5";"5";"3";"5";"4";"4";"4";"3,4";"3,8";"2,33";"2,33";"2,33";"1,0";"1,0";"2,33";"2,33";"1,0";"3,8";"30";"5,0";"0";"1,0";"1,0";"3,0";"5,0";"5,0";"5,0";"3,0";"1,0";"1,0";"1,0";"5";"4";"3";"4";"4";"3";"5";"5";"5";"5";"3";"4";"3";"3";"5";"5";"3";"2";"1";"5";"1,0";"2";"3";"3";"1";"3";"1";"4";"4";"3";"4";"3";"3";"3";"3";"3";"4";"2";"3";"4";"4";"3";"4";"4";"4";"Gezondheid, Sport en Welzijn (GSW)";"Vrouw";"21";"Amsterdam";"3";"0";"Havo";"Bij mijn ouder(s)/verzorger(s)"
"4";"4";"4";"2";"1";"2";"3";"3,8";"3,4";"4,2";"2";"3";"2";"3";"4";"4";"1";"3";"4";"1";"5";"3,8";"5,0";"1,0";"2,33";"1,0";"2,33";"3,67";"2,33";"1,0";"2,33";"4,24";"30";"1,0";"0";"3,0";"1,0";"1,0";"5,0";"3,0";"3,0";"3,0";"1,0";"1,0";"1,0";"4";"3";"1";"4";"4";"5";"4";"5";"5";"5";"4";"5";"5";"4";"4";"4";"3";"4";"1";"3";"2,6";"4";"2";"3";"4";"4";"3";"3";"3";"2";"5";"2";"2";"2";"4";"2";"4";"4";"4";"3";"4";"4";"4";"3";"4";"Business, Finance and Law (BFL)";"Man";"22";"Rotterdam";"3";"0";"Havo";"Bij mijn ouder(s)/verzorger(s)"
"3";"4";"3";"3";"4";"4";"4";"3,4";"3,8";"3,8";"3";"4";"4";"1";"2";"5";"3";"3";"4";"4";"4";"3,8";"4,2";"2,33";"2,33";"5,0";"1,0";"2,33";"2,33";"2,33";"1,0";"3,8";"30";"1,0";"0";"1,0";"1,0";"1,0";"5,0";"1,0";"5,0";"1,0";"1,0";"1,0";"1,0";"3";"5";"4";"5";"4";"4";"5";"5";"5";"4";"2";"5";"3";"3";"2";"1";"5";"4";"1";"4";"1,0";"2";"3";"4";"2";"4";"4";"4";"4";"4";"";"";"";"";"";"";"";"";"";"";"";"";"";"";"";"Creative Business (CB)";"Vrouw";"20";"Den Haag";"3";"0";"Havo";"Bij mijn ouder(s)/verzorger(s)"
"3";"4";"4";"4";"3";"1";"3";"5,0";"3,8";"3,4";"4";"3";"";"";"";"";"";"1";"2";"";"5";"4,6";"3,8";"2,33";"2,33";"2,33";"1,0";"1,0";"1,0";"2,33";"3,67";"3,92";"30";"1,0";"0";"1,0";"1,0";"1,0";"5,0";"3,0";"5,0";"1,0";"1,0";"1,0";"1,0";"5";"2";"1";"5";"3";"5";"1";"3";"2";"2";"2";"2";"1";"4";"1";"2";"1";"1";"1";"4";"3,08";"4";"1";"3";"1";"1";"1";"5";"5";"2";"4";"2";"2";"4";"4";"2";"5";"5";"4";"3";"4";"4";"4";"3";"3";"Business, Finance and Law (BFL)";"Vrouw";"25";"Alkmaar";"4";"0";"Mbo";"Anders"
"3";"3";"3";"4";"4";"3";"4";"3,4";"4,6";"3,4";"3";"3";"4";"4";"4";"4";"3";"4";"4";"4";"4";"3,8";"3,0";"3,67";"3,67";"3,67";"3,67";"2,33";"3,67";"2,33";"3,67";"4,0";"30";"2,6";"0";"1,0";"1,0";"1,0";"5,0";"3,0";"5,0";"5,0";"1,0";"3,0";"1,0";"4";"4";"4";"4";"4";"4";"4";"4";"4";"3";"3";"4";"3";"3";"4";"4";"3";"2";"1";"4";"1,8";"4";"2";"4";"4";"4";"2";"5";"4";"4";"3";"4";"4";"4";"2";"4";"4";"4";"4";"4";"4";"4";"4";"2";"2";"Gezondheid, Sport en Welzijn (GSW)";"Vrouw";"20";"Alkmaar";"4";"0";"Havo";"Bij mijn ouder(s)/verzorger(s)"
"2";"3";"2";"4";"4";"4";"4";"2,6";"3,8";"3,0";"";"2";"";"3";"";"3";"";"3";"3";"2";"3";"3,0";"3,8";"2,33";"5,0";"3,67";"5,0";"2,33";"3,67";"2,33";"5,0";"4,2";"30";"4,2";"0";"3,0";"1,0";"3,0";"5,0";"5,0";"5,0";"1,0";"3,0";"3,0";"3,0";"3";"3";"4";"3";"3";"3";"3";"2";"3";"2";"3";"3";"3";"3";"1";"1";"1";"1";"1";"4";"2,12";"4";"3";"2";"3";"4";"3";"4";"3";"4";"2";"4";"4";"4";"2";"3";"4";"3";"4";"4";"4";"4";"3";"2";"3";"Gezondheid, Sport en Welzijn (GSW)";"Vrouw";"26";"Alkmaar";"4";"0";"Vwo";"Bij mijn ouder(s)/verzorger(s)"
"3";"3";"4";"2";"3";"1";"2";"4,2";"3,8";"3,4";"3";"4";"4";"5";"4";"5";"3";"3";"4";"1";"4";"2,6";"3,4";"3,67";"2,33";"2,33";"2,33";"2,33";"2,33";"2,33";"2,33";"3,8";"30";"1,8";"0";"1,0";"1,0";"1,0";"5,0";"1,0";"5,0";"1,0";"1,0";"1,0";"1,0";"4";"5";"3";"4";"4";"3";"4";"2";"2";"3";"3";"5";"3";"4";"2";"1";"2";"1";"1";"4";"3,24";"3";"2";"3";"3";"4";"2";"4";"3";"4";"4";"4";"4";"4";"3";"3";"5";"4";"4";"4";"4";"4";"3";"3";"3";"Gezondheid, Sport en Welzijn (GSW)";"Vrouw";"26";"Haarlem";"4";"0";"Havo";"Bij mijn ouder(s)/verzorger(s)"
"2";"3";"2";"2";"2";"3";"4";"3,4";"2,2";"3,0";"3";"3";"3";"3";"3";"4";"2";"4";"2";"2";"3";"2,6";"3,8";"2,33";"5,0";"3,67";"2,33";"1,0";"2,33";"2,33";"5,0";"4,08";"30";"1,0";"0";"1,0";"1,0";"1,0";"5,0";"3,0";"3,0";"5,0";"3,0";"5,0";"1,0";"2";"4";"2";"4";"3";"4";"5";"4";"3";"4";"3";"4";"3";"3";"3";"4";"3";"3";"1";"4";"1,64";"2";"2";"3";"3";"4";"4";"3";"3";"3";"4";"3";"2";"3";"3";"2";"4";"3";"4";"3";"4";"4";"3";"2";"1";"Creative Business (CB)";"Vrouw";"21";"Haarlem";"4";"0";"Havo";"Alleen"
"3";"4";"4";"1";"1";"1";"2";"4,6";"3,4";"3,8";"5";"5";"";"4";"5";"5";"";"2";"2";"1";"4";"4,6";"3,8";"1,0";"1,0";"3,67";"1,0";"1,0";"1,0";"1,0";"2,33";"4,2";"30";"1,0";"0";"1,0";"1,0";"1,0";"5,0";"3,0";"1,0";"5,0";"1,0";"1,0";"1,0";"4";"5";"1";"4";"4";"4";"4";"3";"4";"4";"3";"5";"3";"5";"4";"5";"1";"1";"1";"4";"2,28";"1";"1";"3";"1";"3";"1";"5";"1";"4";"4";"4";"3";"5";"3";"2";"3";"3";"5";"4";"4";"4";"5";"3";"4";"Gezondheid, Sport en Welzijn (GSW)";"Vrouw";"21";"Den Haag";"4";"0";"Havo";"Bij mijn ouder(s)/verzorger(s)"
"2";"4";"3";"3";"4";"3";"3";"3,4";"4,2";"3,8";"2";"4";"3";"5";"5";"5";"3";"2";"4";"2";"2";"2,6";"3,8";"2,33";"3,67";"3,67";"2,33";"2,33";"2,33";"2,33";"3,67";"3,6";"30";"1,0";"0";"3,0";"1,0";"3,0";"5,0";"5,0";"3,0";"1,0";"1,0";"1,0";"1,0";"4";"4";"4";"4";"4";"4";"3";"3";"2";"3";"2";"4";"2";"3";"2";"1";"1";"3";"1";"3";"2,6";"4";"4";"3";"2";"2";"4";"4";"4";"4";"4";"4";"5";"5";"2";"4";"4";"4";"3";"3";"4";"3";"4";"4";"4";"Agri, Food and Life Sciences (AFL)";"Vrouw";"23";"Delft";"5 of hoger";"0";"Havo";"Met mijn partner / een relatie"
"3";"4";"3";"4";"3";"3";"4";"3,0";"3,8";"3,4";"";"2";"2";"3";"3";"3";"3";"3";"3";"";"4";"3,4";"3,8";"2,33";"3,67";"1,0";"3,67";"2,33";"3,67";"2,33";"3,67";"3,92";"29";"2,6";"0";"1,0";"1,0";"1,0";"1,0";"1,0";"3,0";"1,0";"1,0";"1,0";"1,0";"4";"5";"3";"4";"4";"3";"3";"3";"4";"4";"3";"4";"3";"3";"2";"3";"4";"4";"1";"3";"1,4";"3";"4";"2";"2";"2";"2";"4";"4";"3";"3";"4";"3";"4";"2";"3";"4";"3";"4";"4";"4";"4";"4";"3";"2";"Verloskunde Academie";"Vrouw";"20";"Amsterdam";"2";"0";"Vwo";"Bij mijn ouder(s)/verzorger(s)"
"2";"4";"4";"3";"4";"3";"4";"3,8";"3,4";"4,2";"5";"2";"5";"2";"5";"2";"2";"2";"3";"2";"4";"4,6";"3,8";"2,33";"2,33";"2,33";"2,33";"1,0";"2,33";"2,33";"3,67";"3,6";"29";"1,0";"0";"1,0";"1,0";"1,0";"1,0";"1,0";"1,0";"1,0";"1,0";"1,0";"1,0";"4";"5";"3";"4";"4";"4";"4";"4";"4";"4";"2";"5";"3";"4";"2";"3";"3";"1";"1";"5";"1,8";"";"";"";"";"";"";"";"";"";"";"";"";"";"";"";"";"";"";"";"";"";"";"";"";"Gezondheid, Sport en Welzijn (GSW)";"Vrouw";"19";"Amsterdam";"2";"0";"Vwo";"Bij mijn ouder(s)/verzorger(s)"
"3";"4";"3";"3";"2";"3";"2";"4,2";"4,2";"4,2";"";"3";"2";"3";"4";"3";"3";"3";"3";"2";"4";"4,2";"3,8";"2,33";"2,33";"2,33";"2,33";"2,33";"2,33";"2,33";"2,33";"4,0";"29";"2,6";"0";"1,0";"1,0";"1,0";"1,0";"1,0";"3,0";"3,0";"1,0";"1,0";"1,0";"4";"5";"3";"4";"4";"4";"4";"4";"4";"4";"3";"4";"3";"4";"2";"2";"4";"2";"1";"5";"2,04";"2";"3";"3";"4";"2";"2";"4";"3";"4";"4";"2";"3";"3";"4";"2";"3";"3";"4";"4";"4";"4";"3";"3";"3";"Gezondheid, Sport en Welzijn (GSW)";"Man";"20";"Haarlem";"2";"0";"Havo";"Bij mijn ouder(s)/verzorger(s)"
"1";"3";"3";"3";"2";"3";"3";"3,8";"2,6";"3,0";"2";"3";"1";"3";"3";"3";"4";"2";"2";"2";"3";"4,2";"5,0";"2,33";"2,33";"2,33";"2,33";"1,0";"3,67";"2,33";"3,67";"3,4";"29";"2,6";"0";"1,0";"1,0";"1,0";"1,0";"1,0";"5,0";"1,0";"1,0";"1,0";"1,0";"3";"4";"3";"3";"4";"5";"3";"2";"4";"2";"3";"3";"3";"3";"3";"2";"1";"1";"1";"4";"2,6";"";"";"";"";"";"";"";"";"";"";"";"";"";"";"";"";"";"";"";"";"";"";"";"";"Business, Finance and Law (BFL)";"Man";"21";"Rotterdam";"2";"0";"Havo";"Bij mijn ouder(s)/verzorger(s)"
"3";"4";"3";"1";"1";"1";"1";"4,2";"3,8";"2,6";"2";"4";"1";"3";"3";"1";"3";"3";"3";"";"4";"4,6";"3,8";"1,0";"2,33";"1,0";"2,33";"1,0";"3,67";"1,0";"2,33";"4,0";"29";"2,6";"0";"1,0";"1,0";"1,0";"1,0";"1,0";"1,0";"1,0";"1,0";"1,0";"1,0";"4";"4";"3";"4";"4";"4";"4";"4";"4";"4";"4";"4";"4";"4";"1";"1";"1";"1";"1";"1";"1,8";"4";"3";"4";"4";"1";"3";"4";"3";"3";"2";"3";"2";"4";"3";"3";"3";"3";"4";"4";"4";"4";"4";"3";"3";"Onderwijs en Innovatie (ONI)";"Man";"34";"Alkmaar";"4";"0";"Mbo";"Met mijn partner / een relatie"
"2";"2";"2";"4";"4";"4";"4";"4,2";"3,8";"1,4";"1";"1";"1";"3";"4";"1";"1";"2";"1";"5";"3";"2,6";"3,0";"5,0";"5,0";"5,0";"5,0";"5,0";"3,67";"5,0";"5,0";"3,72";"29";"1,0";"1";"1,0";"1,0";"1,0";"3,0";"3,0";"3,0";"1,0";"1,0";"1,0";"1,0";"4";"5";"1";"5";"2";"2";"2";"1";"4";"1";"1";"2";"1";"4";"1";"1";"1";"1";"";"1";"1,48";"4";"5";"3";"4";"4";"4";"4";"4";"4";"5";"2";"2";"4";"4";"3";"1";"1";"3";"4";"4";"4";"4";"4";"4";"Agri, Food and Life Sciences (AFL)";"Man";"20";"Amsterdam";"1";"0";"Havo";"Bij mijn ouder(s)/verzorger(s)"
"3";"4";"3";"3";"4";"3";"4";"3,8";"4,2";"3,0";"2";"3";"2";"3";"3";"1";"5";"1";"2";"3";"3";"3,4";"4,2";"2,33";"2,33";"5,0";"3,67";"5,0";"3,67";"2,33";"3,67";"3,8";"29";"1,0";"0";"1,0";"1,0";"1,0";"3,0";"3,0";"3,0";"3,0";"3,0";"3,0";"3,0";"3";"4";"2";"4";"3";"3";"3";"2";"3";"3";"2";"4";"3";"3";"2";"1";"2";"1";"1";"2";"2,2";"4";"4";"3";"3";"2";"3";"4";"2";"3";"";"";"";"";"";"";"";"";"";"";"";"";"";"";"";"Agri, Food and Life Sciences (AFL)";"Man";"22";"Amsterdam";"1";"0";"Mbo";"Bij mijn ouder(s)/verzorger(s)"
"4";"4";"4";"3";"3";"3";"2";"4,2";"3,4";"3,8";"1";"";"";"";"";"";"3";"3";"4";"";"3";"3,8";"3,8";"2,33";"2,33";"5,0";"3,67";"2,33";"2,33";"2,33";"2,33";"3,6";"29";"1,0";"0";"3,0";"1,0";"1,0";"3,0";"5,0";"5,0";"3,0";"1,0";"1,0";"1,0";"4";"4";"3";"4";"4";"4";"3";"3";"4";"3";"3";"4";"4";"4";"2";"3";"1";"1";"1";"3";"";"";"";"";"";"";"";"";"";"";"";"";"";"";"";"";"";"";"";"";"";"";"";"";"";"Business, Finance and Law (BFL)";"Man";"36";"Alkmaar";"1";"0";"Havo";"Bij mijn ouder(s)/verzorger(s)"
"3";"4";"5";"2";"1";"3";"3";"3,8";"3,4";"4,2";"2";"";"2";"2";"3";"3";"3";"2";"2";"2";"3";"4,2";"3,8";"1,0";"1,0";"2,33";"1,0";"1,0";"1,0";"1,0";"1,0";"4,0";"29";"1,0";"0";"3,0";"1,0";"1,0";"3,0";"1,0";"3,0";"1,0";"1,0";"1,0";"1,0";"4";"4";"3";"5";"5";"5";"4";"4";"4";"4";"3";"4";"3";"4";"4";"3";"4";"2";"1";"4";"1,8";"";"";"";"";"";"";"";"";"";"";"";"";"";"";"";"";"";"";"";"";"";"";"";"";"Creative Business (CB)";"Man";"18";"Haarlem";"1";"0";"Vwo";"Bij mijn ouder(s)/verzorger(s)"
"4";"4";"3";"4";"5";"5";"4";"4,2";"4,6";"4,2";"3";"4";"4";"4";"5";"5";"4";"4";"4";"2";"4";"3,0";"3,8";"2,33";"3,67";"2,33";"2,33";"2,33";"3,67";"2,33";"2,33";"3,8";"29";"3,4";"0";"1,0";"1,0";"3,0";"3,0";"5,0";"5,0";"3,0";"1,0";"1,0";"1,0";"5";"3";"5";"5";"4";"4";"4";"3";"3";"2";"4";"5";"3";"3";"3";"3";"4";"4";"1";"2";"";"4";"4";"3";"4";"3";"3";"4";"4";"3";"2";"4";"4";"4";"2";"4";"4";"4";"3";"3";"3";"3";"4";"3";"3";"Agri, Food and Life Sciences (AFL)";"Vrouw";"24";"Delft";"1";"0";"Havo";"Met een of enkele huisgenoten / vrienden (geen relatie)"
"4";"4";"4";"3";"2";"2";"2";"4,6";"3,8";"4,2";"3";"2";"3";"4";"2";"2";"5";"2";"2";"5";"4";"3,4";"2,6";"1,0";"3,67";"2,33";"2,33";"1,0";"2,33";"2,33";"1,0";"3,84";"29";"2,6";"0";"5,0";"5,0";"3,0";"3,0";"5,0";"5,0";"3,0";"1,0";"1,0";"1,0";"5";"4";"3";"4";"3";"4";"4";"5";"5";"4";"2";"4";"4";"3";"4";"4";"2";"3";"1";"1";"1,96";"4";"2";"5";"4";"5";"2";"5";"2";"4";"4";"1";"1";"2";"4";"2";"4";"3";"5";"4";"5";"5";"4";"4";"5";"Techniek, Ontwerpen en Informatica (TOI)";"Man";"33";"Delft";"1";"1";"Ik heb een buitenlandse vooropleiding afgerond (bv. A-levels)";"Met mijn partner / een relatie"
"3";"4";"3";"3";"4";"3";"3";"3,4";"3,8";"3,8";"3";"3";"4";"4";"5";"3";"5";"3";"4";"2";"3";"3,4";"4,2";"2,33";"2,33";"3,67";"2,33";"1,0";"2,33";"2,33";"3,67";"3,56";"29";"2,6";"0";"1,0";"1,0";"1,0";"3,0";"1,0";"3,0";"3,0";"1,0";"1,0";"1,0";"4";"5";"2";"3";"4";"4";"4";"3";"4";"3";"2";"4";"3";"4";"3";"3";"1";"1";"1";"4";"2,12";"4";"3";"3";"4";"4";"5";"4";"3";"4";"2";"4";"4";"3";"3";"4";"4";"4";"4";"4";"4";"4";"3";"4";"4";"Agri, Food and Life Sciences (AFL)";"Vrouw";"19";"Delft";"1";"0";"Havo";"Bij mijn ouder(s)/verzorger(s)"
"2";"3";"2";"4";"4";"3";"4";"3,0";"4,2";"3,0";"4";"5";"3";"5";"4";"4";"1";"2";"3";"3";"4";"3,8";"4,6";"3,67";"5,0";"3,67";"3,67";"2,33";"5,0";"2,33";"5,0";"4,0";"29";"1,0";"0";"5,0";"5,0";"1,0";"3,0";"1,0";"1,0";"1,0";"1,0";"1,0";"1,0";"4";"4";"3";"4";"2";"4";"4";"4";"4";"3";"1";"2";"2";"3";"2";"1";"1";"4";"1";"1";"2,36";"1";"1";"4";"4";"1";"3";"4";"2";"1";"3";"2";"3";"2";"3";"3";"4";"4";"2";"2";"3";"1";"4";"3";"3";"Gezondheid, Sport en Welzijn (GSW)";"Vrouw";"24";"Amsterdam";"2";"0";"Vwo";"Met een of enkele huisgenoten / vrienden (geen relatie)"
"3";"4";"3";"4";"5";"5";"5";"2,2";"4,2";"2,6";"5";"4";"5";"4";"4";"3";"5";"2";"1";"5";"3";"3,4";"4,2";"3,67";"5,0";"3,67";"3,67";"1,0";"5,0";"3,67";"3,67";"3,88";"29";"3,4";"1";"3,0";"5,0";"3,0";"3,0";"1,0";"5,0";"1,0";"1,0";"1,0";"1,0";"3";"4";"3";"4";"4";"5";"4";"3";"3";"4";"2";"5";"4";"3";"4";"3";"2";"1";"1";"3";"1,8";"5";"4";"3";"5";"4";"5";"4";"5";"5";"4";"3";"3";"3";"2";"2";"5";"2";"4";"4";"4";"4";"4";"3";"4";"Gezondheid, Sport en Welzijn (GSW)";"Vrouw";"21";"Haarlem";"2";"0";"Havo";"Bij mijn ouder(s)/verzorger(s)"
"3";"4";"4";"3";"2";"4";"2";"4,2";"3,4";"4,2";"";"3";"";"";"4";"4";"2";"3";"2";"1";"4";"4,2";"3,8";"1,0";"1,0";"2,33";"2,33";"1,0";"2,33";"2,33";"2,33";"3,8";"29";"1,0";"0";"1,0";"1,0";"1,0";"3,0";"1,0";"5,0";"1,0";"1,0";"1,0";"1,0";"5";"5";"2";"5";"5";"5";"5";"5";"5";"4";"4";"5";"4";"4";"2";"1";"3";"4";"1";"5";"1,0";"2";"3";"2";"2";"1";"1";"5";"2";"2";"2";"4";"4";"4";"2";"4";"5";"3";"4";"4";"4";"4";"4";"4";"4";"Onderwijs en Innovatie (ONI)";"Vrouw";"18";"Den Haag";"2";"0";"Havo";"Bij mijn ouder(s)/verzorger(s)"
"3";"3";"4";"2";"2";"1";"4";"3,8";"1,8";"4,2";"1";"3";"1";"1";"2";"2";"3";"2";"3";"2";"5";"4,2";"4,2";"1,0";"2,33";"3,67";"1,0";"1,0";"2,33";"1,0";"3,67";"4,56";"29";"1,0";"1";"1,0";"1,0";"1,0";"3,0";"3,0";"3,0";"1,0";"1,0";"1,0";"1,0";"3";"4";"2";"2";"4";"5";"4";"4";"4";"4";"3";"5";"3";"3";"1";"1";"2";"1";"1";"4";"1,4";"4";"1";"2";"2";"1";"4";"4";"2";"2";"4";"4";"3";"3";"4";"4";"4";"4";"4";"4";"4";"4";"1";"1";"1";"Techniek, Ontwerpen en Informatica (TOI)";"Man";"22";"Haarlem";"3";"0";"Mbo";"Bij mijn ouder(s)/verzorger(s)"
"4";"2";"3";"4";"4";"4";"4";"4,2";"2,6";"1,8";"3";"5";"2";"5";"4";"4";"";"4";"5";"4";"4";"3,8";"4,6";"2,33";"5,0";"2,33";"1,0";"2,33";"1,0";"1,0";"5,0";"4,08";"29";"1,0";"1";"5,0";"5,0";"1,0";"3,0";"3,0";"5,0";"3,0";"3,0";"1,0";"1,0";"4";"5";"2";"4";"3";"4";"4";"4";"4";"4";"2";"5";"3";"3";"4";"5";"5";"5";"1";"4";"2,6";"2";"2";"4";"3";"3";"2";"5";"3";"3";"5";"2";"2";"2";"5";"2";"3";"2";"5";"3";"4";"4";"4";"1";"1";"Techniek, Ontwerpen en Informatica (TOI)";"Man";"24";"Haarlem";"3";"0";"Anders, namelijk (vul in):";"Bij mijn ouder(s)/verzorger(s)"
"3";"3";"2";"3";"4";"4";"3";"3,4";"3,8";"3,8";"3";"5";"2";"4";"5";"4";"5";"4";"5";"4";"4";"3,8";"3,4";"2,33";"3,67";"2,33";"2,33";"2,33";"2,33";"2,33";"2,33";"3,56";"29";"1,0";"1";"1,0";"1,0";"3,0";"5,0";"3,0";"1,0";"3,0";"1,0";"1,0";"1,0";"4";"4";"3";"5";"1";"5";"5";"3";"3";"3";"1";"4";"3";"2";"3";"4";"4";"2";"1";"5";"";"3";"3";"3";"3";"1";"3";"4";"5";"3";"3";"4";"4";"4";"2";"4";"3";"3";"3";"2";"4";"3";"4";"3";"5";"Agri, Food and Life Sciences (AFL)";"Man";"21";"Amsterdam";"1";"1";"Vwo";"Bij mijn ouder(s)/verzorger(s)"
"1";"4";"3";"3";"3";"3";"3";"3,8";"3,4";"3,8";"4";"2";"2";"2";"1";"2";"2";"2";"2";"2";"5";"3,4";"4,2";"1,0";"2,33";"2,33";"3,67";"2,33";"2,33";"2,33";"2,33";"3,8";"29";"1,0";"0";"1,0";"1,0";"1,0";"5,0";"1,0";"1,0";"1,0";"1,0";"1,0";"1,0";"4";"4";"3";"5";"4";"4";"4";"3";"4";"3";"3";"5";"4";"4";"5";"2";"4";"4";"1";"2";"1,8";"3";"3";"3";"3";"3";"3";"4";"2";"3";"4";"4";"4";"3";"3";"2";"3";"3";"4";"4";"4";"4";"4";"3";"3";"Creative Business (CB)";"Man";"22";"Haarlem";"1";"0";"Havo";"Alleen"
"3";"4";"5";"4";"3";"4";"2";"4,2";"4,2";"4,2";"4";"2";"";"2";"5";"2";"";"3";"2";"1";"4";"4,2";"3,0";"2,33";"5,0";"2,33";"3,67";"1,0";"3,67";"2,33";"2,33";"3,72";"29";"2,6";"1";"1,0";"1,0";"5,0";"5,0";"1,0";"5,0";"3,0";"1,0";"1,0";"1,0";"5";"5";"3";"5";"5";"5";"5";"4";"3";"4";"4";"5";"3";"3";"3";"5";"3";"5";"1";"3";"1,4";"2";"2";"3";"3";"3";"1";"4";"3";"4";"4";"2";"2";"5";"2";"3";"3";"2";"5";"3";"5";"4";"3";"2";"2";"Onderwijs en Innovatie (ONI)";"Vrouw";"20";"Alkmaar";"2";"0";"Vwo";"Bij mijn ouder(s)/verzorger(s)"
"4";"5";"4";"3";"4";"3";"2";"4,2";"2,6";"4,2";"1";"2";"1";"2";"3";"2";"1";"1";"2";"3";"3";"3,4";"4,6";"1,0";"2,33";"3,67";"2,33";"1,0";"2,33";"1,0";"1,0";"3,6";"29";"1,0";"0";"3,0";"3,0";"1,0";"5,0";"5,0";"5,0";"5,0";"3,0";"1,0";"1,0";"5";"4";"3";"4";"5";"5";"3";"1";"2";"2";"1";"5";"2";"1";"1";"4";"2";"2";"1";"5";"2,2";"";"";"";"";"";"";"";"";"";"";"";"";"";"";"";"";"";"";"";"";"";"";"";"";"Techniek, Ontwerpen en Informatica (TOI)";"Man";"21";"Delft";"2";"1";"Vwo";"Anders"
"3";"3";"4";"3";"3";"4";"2";"3,8";"3,0";"3,8";"3";"3";"3";"4";"4";"4";"4";"3";"5";"3";"4";"3,8";"3,8";"1,0";"2,33";"2,33";"2,33";"1,0";"2,33";"1,0";"3,67";"3,48";"28";"1,8";"0";"1,0";"1,0";"1,0";"1,0";"1,0";"1,0";"3,0";"1,0";"1,0";"1,0";"4";"3";"3";"4";"4";"3";"4";"3";"4";"4";"1";"5";"5";"3";"4";"1";"3";"3";"1";"2";"2,6";"3";"3";"4";"3";"2";"4";"2";"3";"3";"2";"5";"3";"3";"4";"2";"4";"2";"5";"5";"5";"4";"4";"4";"5";"Business, Finance and Law (BFL)";"Man";"24";"Amsterdam";"1";"0";"Havo";"Bij mijn ouder(s)/verzorger(s)"
"3";"5";"5";"3";"4";"3";"2";"5,0";"1,0";"4,6";"1";"1";"1";"1";"1";"1";"1";"1";"1";"1";"4";"4,2";"3,8";"1,0";"2,33";"1,0";"2,33";"1,0";"2,33";"1,0";"1,0";"4,08";"28";"1,0";"0";"1,0";"1,0";"1,0";"1,0";"1,0";"3,0";"1,0";"1,0";"1,0";"1,0";"5";"3";"2";"4";"5";"5";"4";"4";"2";"3";"1";"4";"1";"1";"2";"3";"1";"1";"1";"2";"1,0";"";"";"";"";"";"";"";"";"";"";"";"";"";"";"";"";"";"";"";"";"";"";"";"";"Techniek, Ontwerpen en Informatica (TOI)";"Man";"17";"Alkmaar";"1";"0";"Havo";"Bij mijn ouder(s)/verzorger(s)"
"3";"3";"2";"4";"2";"3";"3";"3,8";"5,0";"3,8";"3";"4";"3";"3";"4";"5";"3";"3";"4";"1";"4";"3,4";"4,2";"1,0";"5,0";"2,33";"2,33";"1,0";"1,0";"2,33";"2,33";"3,4";"28";"2,6";"1";"3,0";"1,0";"1,0";"1,0";"5,0";"3,0";"1,0";"1,0";"1,0";"1,0";"2";"3";"4";"4";"4";"4";"4";"4";"4";"4";"4";"4";"4";"4";"3";"3";"3";"3";"1";"3";"2,6";"";"";"";"";"";"";"";"";"";"";"";"";"";"";"";"";"";"";"";"";"";"";"";"";"Gezondheid, Sport en Welzijn (GSW)";"Vrouw";"18";"Alkmaar";"1";"0";"Havo";"Bij mijn ouder(s)/verzorger(s)"
"3";"5";"5";"2";"2";"4";"2";"5,0";"5,0";"5,0";"4";"1";"";"4";"4";"3";"4";"1";"3";"2";"4";"4,6";"4,6";"2,33";"1,0";"1,0";"2,33";"1,0";"2,33";"2,33";"2,33";"3,72";"28";"1,0";"0";"1,0";"1,0";"1,0";"1,0";"1,0";"3,0";"1,0";"1,0";"1,0";"1,0";"5";"5";"3";"5";"5";"4";"5";"5";"5";"5";"5";"5";"3";"5";"4";"4";"3";"4";"1";"5";"1,56";"";"";"";"";"";"";"";"";"";"";"";"";"";"";"";"";"";"";"";"";"";"";"";"";"Verloskunde Academie";"Vrouw";"20";"Groningen (Verloskunde Academie)";"1";"0";"Havo";"Bij mijn ouder(s)/verzorger(s)"
"4";"5";"5";"3";"2";"3";"1";"4,6";"2,2";"4,6";"4";"2";"3";"3";"4";"4";"1";"2";"4";"1";"4";"5,0";"3,8";"1,0";"1,0";"1,0";"1,0";"1,0";"1,0";"1,0";"1,0";"4,0";"28";"1,0";"0";"1,0";"1,0";"3,0";"1,0";"1,0";"5,0";"1,0";"1,0";"1,0";"1,0";"4";"4";"1";"3";"5";"5";"4";"5";"4";"3";"4";"5";"3";"5";"3";"1";"1";"1";"1";"2";"1,0";"";"";"";"";"";"";"";"";"";"";"";"";"";"";"";"";"";"";"";"";"";"";"";"";"Verloskunde Academie";"Vrouw";"25";"Groningen (Verloskunde Academie)";"1";"0";"Mbo";"Met mijn partner / een relatie"
"4";"5";"4";"3";"2";"2";"4";"4,6";"3,8";"3,8";"3";"3";"3";"2";"3";"3";"4";"2";"2";"3";"3";"3,8";"3,8";"2,33";"2,33";"2,33";"2,33";"1,0";"2,33";"2,33";"2,33";"3,48";"28";"1,0";"0";"1,0";"1,0";"1,0";"1,0";"5,0";"5,0";"1,0";"1,0";"1,0";"1,0";"4";"4";"3";"4";"5";"5";"5";"5";"5";"5";"3";"5";"3";"4";"3";"2";"1";"3";"1";"3";"1,8";"";"";"";"";"";"";"";"";"";"";"";"";"";"";"";"";"";"";"";"";"";"";"";"";"Verloskunde Academie";"Vrouw";"21";"Groningen (Verloskunde Academie)";"1";"0";"Vwo";"Bij mijn ouder(s)/verzorger(s)"
"4";"5";"5";"2";"1";"2";"2";"4,2";"2,2";"4,6";"";"1";"1";"1";"3";"2";"3";"3";"2";"2";"4";"4,2";"3,4";"2,33";"1,0";"1,0";"2,33";"1,0";"2,33";"1,0";"1,0";"3,84";"28";"1,0";"0";"1,0";"1,0";"1,0";"1,0";"1,0";"3,0";"1,0";"1,0";"1,0";"1,0";"4";"4";"3";"5";"4";"4";"4";"4";"4";"2";"3";"5";"3";"5";"3";"1";"2";"2";"1";"5";"1,24";"";"";"";"";"";"";"";"";"";"";"";"";"";"";"";"";"";"";"";"";"";"";"";"";"Verloskunde Academie";"Vrouw";"19";"Groningen (Verloskunde Academie)";"1";"0";"Havo";"Bij mijn ouder(s)/verzorger(s)"
"3";"4";"3";"2";"1";"3";"2";"4,2";"3,8";"3,8";"3";"3";"2";"4";"4";"3";"3";"3";"2";"4";"4";"3,8";"3,4";"2,33";"1,0";"1,0";"2,33";"2,33";"2,33";"2,33";"1,0";"3,8";"28";"1,0";"0";"1,0";"1,0";"1,0";"1,0";"1,0";"5,0";"1,0";"1,0";"1,0";"1,0";"4";"4";"2";"4";"5";"5";"4";"4";"4";"3";"4";"5";"3";"4";"4";"1";"1";"3";"1";"5";"2,6";"1";"1";"2";"3";"1";"1";"4";"3";"3";"4";"2";"2";"2";"4";"2";"3";"2";"5";"4";"4";"5";"4";"4";"4";"Verloskunde Academie";"Vrouw";"19";"Groningen (Verloskunde Academie)";"1";"0";"Vwo";"Alleen"
"3";"4";"3";"2";"2";"2";"4";"3,8";"4,2";"3,4";"2";"4";"4";"4";"4";"4";"4";"3";"4";"2";"4";"3,8";"3,8";"2,33";"1,0";"2,33";"2,33";"2,33";"2,33";"2,33";"2,33";"3,44";"28";"1,0";"0";"1,0";"1,0";"1,0";"1,0";"1,0";"1,0";"1,0";"1,0";"1,0";"1,0";"4";"4";"3";"4";"4";"4";"3";"3";"2";"3";"4";"5";"3";"4";"2";"1";"1";"1";"1";"4";"1,8";"3";"2";"3";"2";"2";"2";"3";"3";"4";"3";"4";"3";"3";"3";"4";"3";"2";"4";"4";"4";"4";"3";"3";"3";"Verloskunde Academie";"Vrouw";"18";"Groningen (Verloskunde Academie)";"1";"0";"Havo";"Bij mijn ouder(s)/verzorger(s)"
"3";"4";"4";"4";"3";"2";"2";"5,0";"4,6";"4,6";"4";"2";"2";"4";"4";"4";"4";"3";"2";"1";"5";"4,2";"4,2";"2,33";"2,33";"2,33";"2,33";"1,0";"2,33";"2,33";"1,0";"3,84";"28";"1,0";"0";"1,0";"1,0";"1,0";"1,0";"1,0";"3,0";"1,0";"1,0";"1,0";"1,0";"5";"4";"2";"5";"4";"4";"5";"4";"5";"4";"3";"5";"3";"3";"3";"2";"1";"3";"1";"5";"1,4";"";"";"";"";"";"";"";"";"";"";"";"";"";"";"";"";"";"";"";"";"";"";"";"";"Verloskunde Academie";"Vrouw";"20";"Groningen (Verloskunde Academie)";"1";"0";"Anders, namelijk (vul in):";"In een studentenhuis / met meerdere studenten samen"
"4";"5";"5";"3";"4";"2";"2";"4,2";"5,0";"4,6";"3";"2";"2";"4";"5";"3";"3";"3";"1";"2";"4";"3,8";"3,8";"1,0";"1,0";"1,0";"2,33";"1,0";"1,0";"2,33";"2,33";"3,6";"28";"1,0";"0";"3,0";"1,0";"1,0";"1,0";"1,0";"1,0";"1,0";"1,0";"1,0";"1,0";"4";"4";"1";"5";"5";"5";"4";"4";"4";"4";"2";"5";"4";"3";"3";"2";"2";"4";"1";"5";"1,72";"";"";"";"";"";"";"";"";"";"";"";"";"";"";"";"";"";"";"";"";"";"";"";"";"Verloskunde Academie";"Vrouw";"20";"Groningen (Verloskunde Academie)";"1";"0";"Havo";"Met een of enkele huisgenoten / vrienden (geen relatie)"
"3";"4";"3";"3";"3";"2";"2";"3,8";"4,2";"3,8";"3";"1";"2";"4";"4";"5";"4";"4";"4";"4";"4";"4,2";"3,8";"1,0";"2,33";"1,0";"1,0";"1,0";"2,33";"1,0";"1,0";"3,88";"28";"1,0";"0";"1,0";"5,0";"1,0";"1,0";"3,0";"3,0";"1,0";"1,0";"1,0";"1,0";"5";"4";"3";"4";"5";"4";"4";"4";"5";"4";"2";"4";"3";"3";"3";"3";"3";"4";"1";"4";"1,8";"";"";"";"";"";"";"";"";"";"";"";"";"";"";"";"";"";"";"";"";"";"";"";"";"Verloskunde Academie";"Vrouw";"21";"Groningen (Verloskunde Academie)";"1";"0";"Anders, namelijk (vul in):";"In een studentenhuis / met meerdere studenten samen"
"4";"5";"4";"3";"3";"2";"1";"4,2";"4,6";"4,2";"3";"4";"3";"5";"4";"4";"5";"2";"2";"3";"4";"4,2";"4,2";"1,0";"1,0";"2,33";"1,0";"2,33";"1,0";"2,33";"1,0";"3,32";"28";"1,0";"0";"3,0";"1,0";"1,0";"1,0";"1,0";"5,0";"1,0";"1,0";"1,0";"1,0";"4";"4";"2";"5";"5";"4";"4";"4";"4";"4";"4";"4";"4";"4";"2";"1";"1";"1";"1";"5";"1,64";"4";"1";"3";"4";"1";"1";"4";"5";"3";"4";"1";"3";"3";"3";"3";"2";"1";"4";"4";"4";"4";"3";"3";"3";"Verloskunde Academie";"Vrouw";"21";"Groningen (Verloskunde Academie)";"1";"0";"Havo";"Met mijn partner / een relatie"
"4";"5";"5";"2";"2";"3";"1";"4,2";"3,4";"4,6";"3";"2";"1";"3";"4";"2";"2";"2";"2";"4";"4";"5,0";"3,8";"2,33";"3,67";"3,67";"1,0";"1,0";"1,0";"2,33";"3,67";"3,6";"28";"1,0";"0";"1,0";"1,0";"1,0";"1,0";"1,0";"1,0";"1,0";"1,0";"1,0";"1,0";"5";"5";"2";"4";"5";"5";"5";"5";"4";"3";"4";"5";"3";"4";"4";"4";"4";"5";"1";"5";"1,72";"4";"3";"2";"4";"4";"2";"5";"3";"2";"2";"4";"3";"4";"2";"4";"5";"2";"4";"4";"4";"3";"3";"2";"3";"Verloskunde Academie";"Vrouw";"20";"Groningen (Verloskunde Academie)";"1";"0";"Havo";"In een studentenhuis / met meerdere studenten samen"
"3";"5";"3";"2";"3";"2";"3";"4,2";"3,0";"3,8";"2";"2";"1";"3";"3";"4";"2";"3";"2";"2";"3";"3,4";"4,2";"2,33";"2,33";"2,33";"2,33";"2,33";"2,33";"2,33";"2,33";"4,04";"28";"1,0";"0";"1,0";"1,0";"1,0";"1,0";"1,0";"1,0";"1,0";"1,0";"1,0";"1,0";"4";"3";"3";"4";"4";"3";"3";"3";"4";"3";"3";"4";"3";"3";"3";"3";"2";"2";"1";"4";"1,4";"2";"4";"2";"3";"2";"3";"4";"3";"3";"3";"4";"4";"4";"3";"3";"4";"2";"4";"3";"4";"4";"3";"3";"4";"Verloskunde Academie";"Vrouw";"21";"Groningen (Verloskunde Academie)";"1";"0";"Vwo";"Met een of enkele huisgenoten / vrienden (geen relatie)"
"3";"4";"3";"2";"1";"2";"3";"4,2";"3,4";"4,2";"3";"1";"2";"3";"2";"3";"2";"1";"1";"3";"3";"3,8";"4,2";"2,33";"2,33";"2,33";"2,33";"2,33";"2,33";"2,33";"2,33";"3,48";"28";"1,0";"0";"1,0";"1,0";"1,0";"1,0";"3,0";"1,0";"1,0";"3,0";"1,0";"1,0";"3";"4";"3";"4";"4";"4";"3";"4";"5";"3";"4";"5";"3";"5";"2";"1";"1";"2";"1";"5";"1,72";"2";"3";"2";"2";"2";"2";"4";"3";"4";"4";"2";"2";"2";"3";"3";"3";"3";"5";"5";"5";"5";"4";"3";"4";"Gezondheid, Sport en Welzijn (GSW)";"Vrouw";"20";"Groningen (Verloskunde Academie)";"1";"0";"Havo";"Bij mijn ouder(s)/verzorger(s)"
"3";"4";"4";"2";"2";"3";"2";"4,2";"2,2";"3,8";"4";"2";"3";"4";"3";"4";"1";"2";"3";"4";"3";"4,2";"3,8";"2,33";"2,33";"3,67";"1,0";"1,0";"2,33";"2,33";"1,0";"3,8";"28";"1,0";"0";"1,0";"1,0";"1,0";"1,0";"1,0";"3,0";"1,0";"1,0";"1,0";"1,0";"3";"4";"2";"4";"4";"4";"3";"3";"3";"2";"2";"5";"2";"3";"2";"1";"1";"2";"1";"4";"2,6";"";"";"";"";"";"";"";"";"";"";"";"";"";"";"";"";"";"";"";"";"";"";"";"";"Verloskunde Academie";"Vrouw";"18";"Groningen (Verloskunde Academie)";"1";"0";"Vwo";"Bij mijn ouder(s)/verzorger(s)"
"3";"4";"4";"2";"2";"4";"3";"3,4";"3,8";"4,2";"1";"2";"1";"2";"4";"3";"3";"3";"2";"3";"4";"4,2";"3,4";"2,33";"3,67";"2,33";"2,33";"2,33";"2,33";"2,33";"5,0";"3,4";"28";"1,0";"0";"1,0";"1,0";"1,0";"1,0";"1,0";"1,0";"1,0";"1,0";"1,0";"1,0";"4";"4";"3";"4";"4";"4";"4";"4";"4";"4";"3";"4";"3";"4";"3";"1";"1";"2";"1";"4";"1,48";"";"";"";"";"";"";"";"";"";"";"";"";"";"";"";"";"";"";"";"";"";"";"";"";"Verloskunde Academie";"Vrouw";"19";"Groningen (Verloskunde Academie)";"1";"0";"Havo";"Bij mijn ouder(s)/verzorger(s)"
"3";"3";"3";"3";"4";"4";"3";"4,6";"4,6";"3,8";"4";"5";"4";"4";"4";"4";"2";"3";"4";"5";"4";"4,2";"5,0";"2,33";"2,33";"2,33";"2,33";"2,33";"2,33";"1,0";"2,33";"4,0";"28";"1,0";"1";"1,0";"1,0";"1,0";"1,0";"1,0";"3,0";"1,0";"1,0";"1,0";"1,0";"4";"4";"1";"4";"4";"3";"4";"3";"2";"3";"2";"5";"3";"4";"3";"2";"1";"3";"";"4";"1,8";"";"";"";"";"";"";"";"";"";"";"";"";"";"";"";"";"";"";"";"";"";"";"";"";"Verloskunde Academie";"Vrouw";"21";"Groningen (Verloskunde Academie)";"1";"0";"Vwo";"Bij mijn ouder(s)/verzorger(s)"
"3";"4";"4";"3";"2";"4";"3";"3,8";"4,2";"3,8";"3";"3";"";"";"4";"";"5";"3";"3";"3";"3";"3,8";"4,2";"1,0";"2,33";"5,0";"2,33";"2,33";"2,33";"2,33";"1,0";"3,48";"28";"1,0";"0";"1,0";"1,0";"3,0";"1,0";"1,0";"3,0";"1,0";"1,0";"1,0";"1,0";"4";"3";"2";"4";"4";"4";"4";"4";"4";"4";"3";"5";"3";"3";"1";"1";"1";"1";"1";"5";"1,0";"";"";"";"";"";"";"";"";"";"";"";"";"";"";"";"";"";"";"";"";"";"";"";"";"Verloskunde Academie";"Vrouw";"21";"Groningen (Verloskunde Academie)";"1";"0";"Havo";"Bij mijn ouder(s)/verzorger(s)"
"2";"4";"4";"4";"4";"4";"3";"4,2";"3,8";"4,2";"2";"4";"2";"5";"5";"4";"4";"4";"4";"3";"5";"4,2";"3,4";"2,33";"2,33";"1,0";"2,33";"2,33";"2,33";"2,33";"2,33";"3,88";"28";"1,0";"0";"3,0";"1,0";"1,0";"1,0";"1,0";"5,0";"1,0";"1,0";"1,0";"1,0";"5";"4";"2";"4";"3";"4";"4";"4";"4";"5";"3";"5";"3";"4";"4";"2";"2";"4";"1";"5";"2,2";"";"";"";"";"";"";"";"";"";"";"";"";"";"";"";"";"";"";"";"";"";"";"";"";"Verloskunde Academie";"Vrouw";"19";"Groningen (Verloskunde Academie)";"1";"0";"Havo";"Bij mijn ouder(s)/verzorger(s)"
"4";"4";"4";"3";"3";"3";"1";"4,2";"3,4";"4,2";"2";"3";"2";"2";"3";"2";"2";"3";"2";"2";"4";"3,8";"3,8";"1,0";"1,0";"2,33";"2,33";"1,0";"1,0";"1,0";"1,0";"3,48";"28";"1,0";"0";"1,0";"1,0";"1,0";"1,0";"3,0";"3,0";"1,0";"3,0";"1,0";"1,0";"5";"4";"2";"4";"4";"4";"4";"4";"4";"4";"3";"4";"1";"4";"3";"1";"2";"3";"1";"5";"3,64";"";"";"";"";"";"";"";"";"";"";"";"";"";"";"";"";"";"";"";"";"";"";"";"";"Verloskunde Academie";"Vrouw";"18";"Groningen (Verloskunde Academie)";"1";"0";"Havo";"Bij mijn ouder(s)/verzorger(s)"
"3";"5";"5";"2";"1";"4";"2";"4,6";"3,0";"5,0";"";"3";"";"";"4";"3";"3";"2";"2";"1";"4";"4,2";"3,8";"3,67";"1,0";"1,0";"1,0";"2,33";"2,33";"2,33";"2,33";"3,92";"28";"2,6";"0";"1,0";"1,0";"1,0";"1,0";"1,0";"3,0";"1,0";"1,0";"1,0";"1,0";"4";"3";"3";"4";"4";"4";"4";"3";"3";"4";"2";"5";"3";"2";"1";"1";"1";"1";"1";"5";"1,16";"2";"2";"3";"4";"1";"2";"3";"4";"2";"4";"2";"2";"4";"3";"3";"4";"3";"4";"4";"3";"3";"3";"3";"3";"Verloskunde Academie";"Vrouw";"18";"Groningen (Verloskunde Academie)";"1";"0";"Havo";"Bij mijn ouder(s)/verzorger(s)"
"3";"3";"1";"2";"2";"1";"1";"3,8";"3,0";"3,4";"2";"3";"2";"";"";"";"2";"2";"2";"";"4";"4,2";"3,4";"1,0";"1,0";"2,33";"2,33";"1,0";"2,33";"1,0";"2,33";"3,56";"28";"2,6";"0";"1,0";"1,0";"1,0";"1,0";"1,0";"1,0";"1,0";"1,0";"1,0";"1,0";"4";"5";"3";"3";"4";"4";"4";"4";"3";"3";"2";"5";"3";"2";"2";"1";"1";"1";"1";"3";"2,6";"";"";"";"";"";"";"";"";"";"";"";"";"";"";"";"";"";"";"";"";"";"";"";"";"Business, Finance and Law (BFL)";"Man";"18";"Rotterdam";"2";"0";"Havo";"Bij mijn ouder(s)/verzorger(s)"
"3";"3";"3";"4";"4";"2";"4";"3,0";"4,2";"3,0";"2";"5";"1";"2";"4";"4";"1";"1";"";"1";"3";"2,6";"4,2";"3,67";"3,67";"3,67";"3,67";"2,33";"3,67";"3,67";"2,33";"3,88";"28";"1,0";"1";"1,0";"1,0";"1,0";"1,0";"1,0";"1,0";"1,0";"1,0";"1,0";"1,0";"5";"4";"3";"4";"3";"4";"4";"3";"2";"3";"2";"5";"2";"1";"1";"1";"1";"1";"";"3";"1,64";"3";"4";"3";"3";"1";"1";"4";"5";"3";"2";"4";"3";"4";"2";"3";"4";"4";"2";"2";"3";"2";"2";"2";"1";"Gezondheid, Sport en Welzijn (GSW)";"Vrouw";"19";"Alkmaar";"3";"0";"Havo";"Bij mijn ouder(s)/verzorger(s)"
"3";"4";"4";"2";"1";"2";"3";"4,2";"3,0";"3,8";"3";"2";"1";"2";"2";"2";"2";"1";"3";"1";"4";"3,8";"3,4";"1,0";"2,33";"2,33";"2,33";"1,0";"2,33";"1,0";"2,33";"4,2";"28";"1,0";"0";"3,0";"1,0";"1,0";"1,0";"3,0";"3,0";"1,0";"1,0";"1,0";"1,0";"5";"4";"2";"4";"4";"4";"5";"4";"4";"4";"3";"4";"3";"2";"1";"1";"1";"1";"1";"5";"1,4";"";"";"";"";"";"";"";"";"";"";"";"";"";"";"";"";"";"";"";"";"";"";"";"";"Gezondheid, Sport en Welzijn (GSW)";"Vrouw";"19";"Alkmaar";"3";"0";"Havo";"Bij mijn ouder(s)/verzorger(s)"
"3";"2";"1";"4";"4";"4";"4";"1,8";"3,4";"2,2";"3";"2";"2";"4";"4";"4";"5";"4";"4";"3";"2";"3,4";"2,2";"2,33";"2,33";"1,0";"3,67";"1,0";"2,33";"1,0";"3,67";"3,8";"28";"1,8";"1";"1,0";"1,0";"1,0";"3,0";"3,0";"5,0";"3,0";"1,0";"1,0";"1,0";"3";"3";"4";"4";"3";"4";"4";"4";"3";"3";"4";"4";"4";"4";"4";"2";"3";"4";"0";"4";"3,08";"5";"4";"4";"1";"1";"4";"4";"4";"3";"2";"4";"4";"4";"2";"4";"4";"4";"4";"4";"4";"4";"4";"4";"3";"Gezondheid, Sport en Welzijn (GSW)";"Vrouw";"22";"Alkmaar";"1";"0";"Mbo";"Bij mijn ouder(s)/verzorger(s)"
"2";"3";"2";"3";"3";"3";"3";"3,4";"3,4";"3,4";"3";"2";"2";"4";"3";"4";"4";"3";"3";"1";"3";"3,8";"3,8";"1,0";"5,0";"1,0";"2,33";"1,0";"2,33";"1,0";"3,67";"3,6";"28";"1,8";"1";"3,0";"1,0";"1,0";"3,0";"1,0";"5,0";"1,0";"1,0";"1,0";"1,0";"3";"3";"4";"3";"3";"4";"3";"3";"3";"3";"3";"4";"3";"3";"1";"1";"1";"1";"";"3";"2,28";"";"";"";"";"";"";"";"";"";"";"";"";"";"";"";"";"";"";"";"";"";"";"";"";"Gezondheid, Sport en Welzijn (GSW)";"Man";"22";"Alkmaar";"1";"0";"Mbo";"Bij mijn ouder(s)/verzorger(s)"
"3";"5";"4";"3";"2";"3";"3";"4,6";"4,6";"5,0";"5";"2";"2";"3";"4";"4";"4";"3";"2";"2";"4";"4,2";"3,4";"1,0";"1,0";"2,33";"2,33";"1,0";"2,33";"1,0";"2,33";"3,8";"28";"1,0";"0";"1,0";"1,0";"1,0";"3,0";"3,0";"3,0";"1,0";"1,0";"1,0";"1,0";"4";"4";"2";"4";"4";"4";"4";"5";"5";"5";"3";"4";"3";"5";"3";"4";"2";"4";"1";"3";"2,2";"";"";"";"";"";"";"";"";"";"";"";"";"";"";"";"";"";"";"";"";"";"";"";"";"Verloskunde Academie";"Vrouw";"21";"Groningen (Verloskunde Academie)";"1";"0";"Anders, namelijk (vul in):";"Met een of enkele huisgenoten / vrienden (geen relatie)"
"4";"5";"4";"2";"1";"2";"2";"4,2";"2,6";"4,6";"3";"3";"3";"4";"4";"3";"3";"2";"3";"3";"4";"4,2";"3,4";"1,0";"1,0";"1,0";"1,0";"1,0";"1,0";"1,0";"1,0";"3,6";"28";"1,0";"0";"1,0";"1,0";"1,0";"3,0";"1,0";"3,0";"1,0";"1,0";"1,0";"1,0";"4";"4";"2";"4";"5";"5";"4";"4";"5";"4";"3";"4";"3";"4";"4";"1";"2";"2";"1";"5";"1,8";"";"";"";"";"";"";"";"";"";"";"";"";"";"";"";"";"";"";"";"";"";"";"";"";"Verloskunde Academie";"Vrouw";"21";"Groningen (Verloskunde Academie)";"1";"0";"Havo";"Bij mijn ouder(s)/verzorger(s)"
"3";"4";"4";"3";"3";"4";"4";"4,2";"3,8";"4,2";"2";"1";"1";"2";"4";"2";"1";"1";"4";"2";"4";"3,0";"3,8";"3,67";"3,67";"5,0";"3,67";"3,67";"3,67";"3,67";"3,67";"3,84";"28";"1,8";"0";"5,0";"1,0";"3,0";"3,0";"3,0";"5,0";"3,0";"1,0";"1,0";"1,0";"4";"4";"3";"3";"4";"4";"5";"4";"4";"3";"4";"5";"3";"5";"3";"1";"1";"1";"1";"4";"1,8";"4";"4";"2";"3";"4";"3";"4";"4";"4";"3";"3";"5";"4";"2";"4";"4";"3";"5";"4";"4";"4";"4";"3";"4";"Gezondheid, Sport en Welzijn (GSW)";"Vrouw";"20";"Amsterdam";"2";"0";"Havo";"Bij mijn ouder(s)/verzorger(s)"
"2";"3";"3";"3";"4";"4";"4";"3,0";"4,2";"3,8";"1";"2";"1";"2";"3";"3";"4";"2";"3";"";"3";"3,4";"3,8";"2,33";"3,67";"3,67";"3,67";"2,33";"3,67";"1,0";"3,67";"3,8";"28";"2,6";"0";"5,0";"1,0";"5,0";"3,0";"1,0";"5,0";"1,0";"3,0";"5,0";"5,0";"3";"5";"5";"5";"5";"5";"4";"4";"3";"3";"3";"4";"2";"2";"2";"1";"1";"2";"1";"2";"2,2";"4";"3";"3";"4";"2";"3";"4";"4";"3";"2";"4";"4";"4";"2";"3";"4";"3";"3";"3";"4";"4";"4";"3";"3";"Onderwijs en Innovatie (ONI)";"Vrouw";"22";"Alkmaar";"2";"0";"Anders, namelijk (vul in):";"Alleen"
"2";"4";"3";"4";"3";"2";"2";"3,4";"3,8";"4,2";"1";"1";"1";"1";"3";"3";"1";"1";"3";"2";"4";"4,2";"3,4";"2,33";"3,67";"1,0";"2,33";"1,0";"1,0";"2,33";"3,67";"4,0";"28";"1,0";"1";"3,0";"1,0";"3,0";"3,0";"5,0";"5,0";"1,0";"1,0";"1,0";"1,0";"5";"5";"3";"5";"5";"5";"5";"5";"5";"5";"3";"5";"3";"3";"3";"1";"3";"1";"1";"4";"1,16";"3";"2";"3";"2";"2";"1";"4";"4";"1";"3";"2";"3";"4";"2";"3";"5";"2";"4";"3";"4";"3";"4";"2";"1";"Gezondheid, Sport en Welzijn (GSW)";"Vrouw";"20";"Alkmaar";"2";"0";"Havo";"Bij mijn ouder(s)/verzorger(s)"
"2";"2";"2";"5";"3";"2";"3";"3,0";"4,2";"2,6";"2";"5";"3";"5";"5";"5";"3";"5";"";"3";"4";"3,4";"4,2";"2,33";"2,33";"2,33";"2,33";"5,0";"2,33";"2,33";"2,33";"3,72";"28";"2,6";"1";"5,0";"5,0";"5,0";"3,0";"1,0";"1,0";"1,0";"1,0";"3,0";"1,0";"3";"5";"4";"5";"3";"3";"3";"2";"3";"4";"3";"4";"2";"4";"2";"1";"1";"2";"1";"3";"2,2";"";"";"";"";"";"";"";"";"";"";"";"";"";"";"";"";"";"";"";"";"";"";"";"";"Techniek, Ontwerpen en Informatica (TOI)";"Man";"22";"Haarlem";"2";"0";"Mbo";"Bij mijn ouder(s)/verzorger(s)"
"2";"3";"2";"2";"3";"1";"4";"2,6";"1,8";"3,0";"3";"5";"1";"1";"2";"3";"2";"1";"5";"1";"3";"3,8";"3,8";"2,33";"3,67";"2,33";"3,67";"2,33";"3,67";"2,33";"3,67";"4,08";"28";"2,6";"0";"1,0";"1,0";"1,0";"3,0";"3,0";"3,0";"5,0";"1,0";"1,0";"1,0";"2";"4";"3";"5";"3";"4";"2";"1";"1";"4";"1";"5";"2";"2";"1";"1";"1";"1";"1";"2";"2,28";"3";"4";"5";"2";"5";"3";"4";"2";"2";"4";"2";"2";"2";"3";"3";"4";"3";"2";"2";"3";"2";"4";"3";"3";"Techniek, Ontwerpen en Informatica (TOI)";"Man";"19";"Alkmaar";"3";"0";"Havo";"Bij mijn ouder(s)/verzorger(s)"
"3";"3";"2";"3";"3";"3";"4";"2,6";"4,2";"3,0";"3";"3";"3";"4";"4";"2";"1";"1";"2";"1";"4";"3,4";"3,8";"3,67";"3,67";"2,33";"3,67";"1,0";"3,67";"2,33";"3,67";"3,6";"28";"2,6";"1";"5,0";"1,0";"3,0";"3,0";"1,0";"1,0";"1,0";"1,0";"1,0";"1,0";"3";"5";"4";"5";"3";"3";"3";"2";"4";"2";"2";"5";"2";"3";"1";"1";"1";"1";"1";"3";"4,2";"";"";"";"";"";"";"";"";"";"";"";"";"";"";"";"";"";"";"";"";"";"";"";"";"Techniek, Ontwerpen en Informatica (TOI)";"Man";"25";"Alkmaar";"3";"0";"Havo";"Bij mijn ouder(s)/verzorger(s)"
"2";"2";"1";"4";"3";"2";"4";"2,2";"3,8";"2,6";"2";"4";"2";"5";"5";"";"5";"2";"";"2";"3";"3,4";"3,8";"2,33";"3,67";"2,33";"3,67";"3,67";"3,67";"2,33";"5,0";"3,4";"28";"2,6";"0";"1,0";"1,0";"1,0";"3,0";"1,0";"1,0";"1,0";"1,0";"1,0";"1,0";"3";"4";"3";"3";"4";"4";"4";"4";"4";"3";"4";"5";"4";"4";"3";"1";"1";"2";"1";"3";"1,8";"4";"4";"3";"5";"3";"4";"3";"3";"4";"3";"4";"3";"3";"4";"3";"2";"3";"4";"3";"4";"4";"4";"4";"3";"Techniek, Ontwerpen en Informatica (TOI)";"Man";"20";"Alkmaar";"4";"0";"Havo";"Bij mijn ouder(s)/verzorger(s)"
"4";"4";"4";"3";"2";"3";"2";"4,2";"3,4";"3,8";"3";"4";"4";"4";"4";"3";"5";"2";"4";"2";"4";"4,6";"3,4";"1,0";"1,0";"2,33";"2,33";"1,0";"2,33";"1,0";"1,0";"3,4";"28";"4,2";"0";"1,0";"1,0";"1,0";"3,0";"3,0";"5,0";"3,0";"3,0";"3,0";"3,0";"3";"5";"3";"5";"5";"5";"4";"4";"4";"4";"4";"4";"4";"4";"4";"4";"4";"4";"1";"4";"3,88";"";"";"";"";"";"";"";"";"";"";"";"";"";"";"";"";"";"";"";"";"";"";"";"";"Gezondheid, Sport en Welzijn (GSW)";"Man";"30";"Rotterdam";"5 of hoger";"0";"Mbo";"Met mijn partner / een relatie"
"3";"3";"3";"3";"3";"4";"3";"3,4";"3,8";"3,0";"3";"2";"4";"3";"2";"4";"4";"5";"4";"4";"3";"3,4";"4,2";"5,0";"5,0";"5,0";"3,67";"2,33";"3,67";"5,0";"5,0";"4,12";"28";"1,0";"0";"3,0";"5,0";"3,0";"5,0";"1,0";"5,0";"1,0";"1,0";"1,0";"1,0";"4";"3";"3";"4";"3";"3";"4";"4";"4";"4";"5";"3";"3";"4";"3";"4";"3";"2";"1";"4";"2,28";"4";"5";"3";"5";"5";"4";"4";"4";"4";"2";"3";"4";"5";"1";"4";"4";"3";"4";"3";"4";"4";"4";"3";"3";"Gezondheid, Sport en Welzijn (GSW)";"Man";"24";"Alkmaar";"2";"0";"Mbo";"Anders"
"2";"4";"3";"4";"3";"4";"3";"3,8";"4,2";"3,8";"2";"1";"1";"3";"5";"3";"5";"4";"2";"2";"4";"1,8";"3,4";"3,67";"3,67";"3,67";"3,67";"2,33";"3,67";"3,67";"3,67";"4,0";"27";"1,0";"0";"1,0";"5,0";"5,0";"1,0";"1,0";"5,0";"1,0";"1,0";"1,0";"1,0";"3";"4";"4";"5";"4";"2";"4";"3";"3";"2";"3";"4";"3";"4";"1";"1";"1";"2";"1";"5";"";"4";"4";"3";"4";"5";"2";"5";"4";"2";"2";"5";"4";"4";"2";"4";"4";"1";"3";"4";"4";"4";"4";"2";"2";"Verloskunde Academie";"Vrouw";"24";"Amsterdam";"1";"0";"Vwo";"Alleen"
"3";"4";"4";"3";"3";"2";"2";"4,2";"3,0";"3,8";"4";"4";"3";"4";"5";"4";"3";"2";"3";"2";"4";"3,4";"4,6";"1,0";"2,33";"2,33";"2,33";"1,0";"2,33";"1,0";"1,0";"3,84";"27";"2,6";"0";"1,0";"1,0";"3,0";"1,0";"1,0";"1,0";"1,0";"3,0";"1,0";"3,0";"4";"4";"3";"4";"5";"4";"4";"3";"3";"4";"4";"4";"3";"3";"3";"1";"3";"4";"1";"4";"5,0";"";"";"";"";"";"";"";"";"";"";"";"";"";"";"";"";"";"";"";"";"";"";"";"";"Creative Business (CB)";"Man";"22";"Haarlem";"1";"0";"Anders, namelijk (vul in):";"Alleen"
"4";"4";"4";"2";"3";"3";"2";"4,2";"3,4";"3,8";"3";"3";"3";"3";"3";"4";"3";"4";"4";"5";"5";"3,8";"4,2";"2,33";"2,33";"3,67";"2,33";"2,33";"2,33";"1,0";"2,33";"3,6";"27";"1,0";"0";"1,0";"3,0";"1,0";"1,0";"1,0";"5,0";"1,0";"1,0";"1,0";"1,0";"4";"4";"3";"4";"4";"4";"4";"3";"3";"3";"3";"5";"4";"4";"3";"3";"3";"3";"1";"2";"2,36";"";"";"";"";"";"";"";"";"";"";"";"";"";"";"";"";"";"";"";"";"";"";"";"";"Gezondheid, Sport en Welzijn (GSW)";"Vrouw";"24";"Amsterdam";"2";"0";"Mbo";"Bij mijn ouder(s)/verzorger(s)"
"4";"3";"3";"3";"1";"2";"2";"3,8";"3,8";"3,4";"1";"3";"1";"2";"4";"5";"1";"4";"4";"1";"3";"4,6";"3,4";"1,0";"2,33";"1,0";"2,33";"1,0";"3,67";"1,0";"3,67";"4,08";"27";"1,0";"0";"3,0";"1,0";"1,0";"1,0";"1,0";"3,0";"3,0";"1,0";"1,0";"1,0";"3";"5";"2";"5";"4";"4";"4";"3";"5";"3";"5";"5";"4";"5";"4";"1";"1";"1";"1";"2";"1,64";"2";"2";"4";"3";"4";"4";"4";"3";"2";"4";"1";"1";"1";"3";"1";"4";"4";"4";"2";"5";"3";"3";"2";"1";"Business, Finance and Law (BFL)";"Man";"20";"Alkmaar";"3";"0";"Havo";"Bij mijn ouder(s)/verzorger(s)"
"4";"5";"3";"1";"1";"1";"2";"5,0";"2,6";"5,0";"4";"1";"";"2";"";"";"2";"";"";"";"4";"3,0";"3,8";"2,33";"2,33";"5,0";"2,33";"2,33";"2,33";"2,33";"2,33";"3,8";"27";"1,0";"0";"1,0";"1,0";"3,0";"3,0";"3,0";"5,0";"3,0";"3,0";"1,0";"1,0";"4";"3";"1";"5";"5";"5";"1";"2";"4";"4";"4";"4";"4";"5";"2";"1";"1";"1";"1";"2";"2,44";"3";"2";"1";"4";"2";"4";"4";"1";"1";"2";"4";"4";"4";"4";"4";"4";"5";"4";"5";"5";"5";"5";"5";"5";"Creative Business (CB)";"Vrouw";"21";"Amsterdam";"1";"0";"Vwo";"Alleen"
"2";"2";"2";"3";"4";"4";"5";"2,2";"4,6";"3,0";"5";"5";"4";"4";"5";"5";"5";"3";"4";"2";"4";"3,4";"4,2";"3,67";"3,67";"1,0";"3,67";"3,67";"2,33";"3,67";"2,33";"2,4";"27";"1,8";"1";"5,0";"1,0";"1,0";"3,0";"1,0";"5,0";"1,0";"1,0";"1,0";"1,0";"4";"5";"2";"3";"3";"2";"5";"4";"4";"4";"2";"3";"1";"2";"4";"1";"1";"1";"1";"4";"3,4";"5";"3";"5";"3";"1";"1";"4";"4";"4";"1";"2";"3";"4";"1";"3";"1";"1";"1";"2";"2";"2";"3";"2";"3";"Business, Finance and Law (BFL)";"Vrouw";"21";"Amsterdam";"1";"0";"Mbo";"Bij mijn ouder(s)/verzorger(s)"
"2";"3";"2";"4";"4";"4";"4";"2,2";"4,2";"1,8";"3";"4";"4";"4";"4";"5";"5";"5";"5";"2";"4";"3,4";"4,2";"3,67";"3,67";"3,67";"3,67";"2,33";"3,67";"3,67";"3,67";"3,28";"27";"3,4";"0";"5,0";"1,0";"5,0";"3,0";"1,0";"5,0";"1,0";"1,0";"1,0";"1,0";"3";"4";"4";"4";"2";"2";"2";"2";"2";"2";"2";"4";"2";"2";"2";"1";"1";"1";"1";"3";"2,52";"5";"5";"4";"3";"3";"3";"5";"4";"4";"2";"4";"4";"4";"1";"5";"2";"2";"4";"2";"3";"2";"3";"3";"3";"Gezondheid, Sport en Welzijn (GSW)";"Vrouw";"18";"Alkmaar";"1";"0";"Havo";"Bij mijn ouder(s)/verzorger(s)"
"3";"4";"5";"3";"4";"2";"5";"4,6";"4,2";"5,0";"4";"3";"1";"1";"5";"4";"3";"1";"2";"1";"4";"3,4";"3,4";"3,67";"3,67";"3,67";"3,67";"1,0";"3,67";"3,67";"2,33";"3,96";"27";"2,6";"0";"1,0";"1,0";"3,0";"3,0";"5,0";"3,0";"1,0";"1,0";"1,0";"1,0";"5";"4";"3";"4";"2";"2";"3";"3";"4";"3";"1";"5";"3";"4";"4";"1";"3";"1";"1";"1";"1,8";"2";"1";"4";"3";"3";"4";"4";"3";"1";"4";"3";"2";"2";"3";"2";"2";"2";"5";"3";"3";"3";"3";"2";"2";"Techniek, Ontwerpen en Informatica (TOI)";"Vrouw";"24";"Haarlem";"1";"0";"Ik heb een buitenlandse vooropleiding afgerond (bv. A-levels)";"Anders"
"2";"5";"5";"4";"3";"5";"4";"5,0";"4,2";"4,6";"1";"2";"1";"2";"1";"2";"1";"1";"1";"1";"2";"4,2";"3,8";"2,33";"2,33";"2,33";"1,0";"1,0";"3,67";"1,0";"1,0";"4,04";"27";"1,0";"0";"1,0";"1,0";"1,0";"3,0";"1,0";"3,0";"1,0";"1,0";"1,0";"1,0";"5";"4";"3";"4";"5";"4";"4";"4";"4";"4";"4";"5";"4";"4";"4";"3";"2";"1";"1";"2";"1,8";"1";"3";"2";"4";"4";"4";"5";"3";"2";"3";"5";"4";"3";"2";"4";"4";"5";"5";"5";"5";"5";"5";"5";"5";"Creative Business (CB)";"Man";"20";"Haarlem";"1";"0";"Vwo";"Bij mijn ouder(s)/verzorger(s)"
"3";"5";"3";"4";"2";"3";"3";"4,2";"3,8";"5,0";"3";"5";"2";"3";"5";"5";"5";"4";"2";"5";"4";"4,6";"4,6";"2,33";"3,67";"3,67";"2,33";"2,33";"1,0";"2,33";"2,33";"3,08";"27";"2,6";"1";"1,0";"5,0";"1,0";"3,0";"1,0";"1,0";"1,0";"1,0";"1,0";"3,0";"5";"4";"3";"4";"5";"5";"4";"5";"5";"5";"2";"4";"3";"3";"1";"1";"4";"4";"1";"3";"1,72";"5";"3";"2";"4";"5";"1";"5";"5";"2";"4";"5";"4";"5";"3";"2";"5";"4";"3";"1";"3";"2";"2";"2";"4";"Techniek, Ontwerpen en Informatica (TOI)";"Vrouw";"19";"Delft";"1";"0";"Havo";"In een studentenhuis / met meerdere studenten samen"
"2";"4";"3";"2";"2";"2";"3";"3,8";"3,4";"3,8";"5";"2";"5";"2";"4";"2";"4";"3";"3";"4";"4";"3,8";"3,0";"2,33";"3,67";"3,67";"2,33";"2,33";"2,33";"2,33";"2,33";"3,6";"27";"2,6";"0";"1,0";"1,0";"1,0";"3,0";"3,0";"3,0";"3,0";"3,0";"3,0";"3,0";"4";"4";"3";"4";"3";"3";"4";"3";"3";"3";"2";"4";"2";"3";"1";"1";"1";"2";"1";"3";"2,68";"";"";"";"";"";"";"";"";"";"";"";"";"";"";"";"";"";"";"";"";"";"";"";"";"Gezondheid, Sport en Welzijn (GSW)";"Vrouw";"21";"Haarlem";"2";"0";"Havo";"Met mijn partner / een relatie"
"3";"4";"4";"4";"4";"4";"2";"4,2";"3,8";"3,8";"3";"2";"2";"2";"3";"5";"5";"4";"3";"3";"4";"3,8";"3,8";"2,33";"2,33";"3,67";"2,33";"2,33";"2,33";"2,33";"5,0";"3,6";"27";"1,8";"0";"3,0";"1,0";"1,0";"3,0";"1,0";"5,0";"1,0";"1,0";"1,0";"1,0";"5";"4";"4";"5";"4";"4";"4";"3";"4";"3";"3";"4";"3";"4";"3";"2";"2";"1";"1";"5";"";"4";"3";"3";"3";"4";"3";"4";"4";"3";"3";"5";"4";"5";"2";"5";"4";"2";"4";"4";"4";"4";"3";"3";"3";"Onderwijs en Innovatie (ONI)";"Vrouw";"24";"Den Haag";"2";"0";"Mbo";"Bij mijn ouder(s)/verzorger(s)"
"2";"4";"3";"4";"3";"4";"3";"3,4";"4,2";"4,6";"3";"2";"1";"4";"5";"5";"1";"2";"2";"5";"4";"3,8";"3,4";"1,0";"2,33";"2,33";"1,0";"1,0";"1,0";"1,0";"2,33";"3,88";"27";"1,0";"0";"1,0";"1,0";"1,0";"3,0";"3,0";"3,0";"5,0";"1,0";"1,0";"1,0";"4";"2";"3";"1";"5";"5";"5";"5";"5";"5";"2";"5";"2";"4";"2";"1";"1";"1";"1";"5";"2,12";"";"";"";"";"";"";"";"";"";"";"";"";"";"";"";"";"";"";"";"";"";"";"";"";"Agri, Food and Life Sciences (AFL)";"Man";"21";"Delft";"2";"0";"Mbo";"Bij mijn ouder(s)/verzorger(s)"
"2";"3";"2";"3";"3";"2";"2";"3,4";"3,8";"3,0";"3";"3";"3";"4";"4";"4";"1";"4";"3";"5";"4";"4,2";"3,4";"1,0";"1,0";"1,0";"2,33";"1,0";"2,33";"1,0";"2,33";"4,0";"27";"1,8";"0";"5,0";"1,0";"1,0";"3,0";"1,0";"1,0";"5,0";"1,0";"1,0";"1,0";"3";"3";"3";"3";"1";"4";"3";"3";"3";"4";"1";"5";"3";"3";"1";"1";"1";"1";"1";"4";"2,2";"";"";"";"";"";"";"";"";"";"";"";"";"";"";"";"";"";"";"";"";"";"";"";"";"Agri, Food and Life Sciences (AFL)";"Man";"20";"Delft";"2";"0";"Mbo";"Bij mijn ouder(s)/verzorger(s)"
"2";"3";"3";"3";"2";"3";"3";"2,6";"3,4";"3,4";"4";"4";"1";"2";"3";"3";"4";"1";"4";"1";"3";"3,8";"4,2";"2,33";"3,67";"5,0";"2,33";"1,0";"2,33";"2,33";"3,67";"3,72";"27";"2,6";"0";"5,0";"1,0";"5,0";"3,0";"1,0";"3,0";"1,0";"1,0";"1,0";"1,0";"4";"3";"4";"4";"4";"4";"4";"4";"4";"3";"3";"5";"4";"4";"2";"1";"2";"2";"1";"2";"2,2";"";"";"";"";"";"";"";"";"";"";"";"";"";"";"";"";"";"";"";"";"";"";"";"";"Gezondheid, Sport en Welzijn (GSW)";"Man";"19";"Alkmaar";"3";"0";"Havo";"Bij mijn ouder(s)/verzorger(s)"
"3";"3";"3";"3";"3";"3";"2";"4,2";"3,0";"4,2";"2";"3";"1";"1";"3";"3";"3";"3";"2";"3";"4";"3,4";"4,2";"5,0";"5,0";"5,0";"5,0";"2,33";"3,67";"5,0";"3,67";"4,24";"26";"1,8";"0";"5,0";"1,0";"1,0";"1,0";"5,0";"3,0";"1,0";"1,0";"1,0";"1,0";"4";"5";"3";"5";"5";"5";"5";"3";"3";"3";"3";"5";"3";"3";"2";"1";"1";"1";"1";"3";"3,88";"3";"3";"3";"3";"2";"3";"4";"4";"2";"4";"3";"3";"3";"3";"3";"3";"3";"4";"4";"4";"3";"4";"4";"4";"Business, Finance and Law (BFL)";"Vrouw";"44";"Amsterdam";"1";"0";"Mbo";"Alleen"
"3";"4";"3";"2";"3";"4";"4";"4,2";"3,4";"3,8";"3";"2";"";"2";"2";"3";"3";"4";"2";"1";"4";"3,8";"3,0";"1,0";"2,33";"1,0";"2,33";"1,0";"2,33";"2,33";"2,33";"3,8";"26";"2,6";"0";"5,0";"1,0";"1,0";"1,0";"1,0";"3,0";"1,0";"1,0";"1,0";"1,0";"4";"4";"3";"4";"3";"3";"4";"4";"4";"4";"3";"4";"2";"3";"3";"1";"2";"1";"1";"4";"1,48";"3";"2";"4";"2";"1";"1";"4";"4";"4";"4";"2";"2";"2";"3";"2";"4";"2";"4";"3";"4";"4";"4";"4";"3";"Verloskunde Academie";"Vrouw";"19";"Groningen (Verloskunde Academie)";"1";"0";"Vwo";"Bij mijn ouder(s)/verzorger(s)"
"2";"4";"4";"3";"2";"1";"2";"2,2";"2,2";"2,6";"";"2";"2";"2";"2";"3";"5";"4";"3";"4";"4";"3,8";"3,8";"2,33";"2,33";"1,0";"2,33";"2,33";"2,33";"2,33";"2,33";"3,84";"26";"1,0";"0";"1,0";"1,0";"1,0";"1,0";"1,0";"3,0";"1,0";"1,0";"1,0";"1,0";"4";"5";"2";"4";"3";"3";"4";"3";"5";"4";"3";"2";"3";"4";"4";"4";"3";"2";"1";"1";"";"2";"3";"3";"4";"1";"3";"5";"5";"5";"3";"3";"2";"2";"4";"2";"2";"2";"3";"3";"3";"3";"4";"3";"2";"Verloskunde Academie";"Vrouw";"30";"Amsterdam";"2";"0";"Mbo";"Anders"
"2";"3";"3";"4";"3";"4";"4";"2,6";"4,2";"2,6";"3";"2";"3";"3";"4";"4";"5";"3";"3";"1";"3";"3,8";"5,0";"2,33";"2,33";"3,67";"2,33";"2,33";"3,67";"2,33";"2,33";"3,4";"26";"1,8";"1";"1,0";"1,0";"1,0";"1,0";"1,0";"5,0";"1,0";"1,0";"1,0";"1,0";"4";"3";"3";"4";"3";"3";"3";"1";"2";"3";"3";"3";"2";"3";"2";"1";"2";"1";"1";"3";"3,0";"";"";"";"";"";"";"";"";"";"";"";"";"";"";"";"";"";"";"";"";"";"";"";"";"Business, Finance and Law (BFL)";"Vrouw";"22";"Rotterdam";"2";"0";"Mbo";"Bij mijn ouder(s)/verzorger(s)"
"4";"4";"3";"3";"3";"3";"2";"3,8";"3,0";"3,4";"";"2";"";"3";"1";"3";"";"3";"2";"1";"4";"3,8";"5,0";"2,33";"2,33";"5,0";"2,33";"2,33";"2,33";"1,0";"3,67";"3,6";"26";"3,4";"1";"3,0";"1,0";"3,0";"1,0";"5,0";"3,0";"1,0";"1,0";"1,0";"1,0";"3";"3";"4";"3";"5";"5";"3";"3";"3";"3";"1";"1";"1";"2";"3";"1";"1";"1";"1";"2";"3,16";"4";"2";"2";"4";"1";"1";"5";"4";"3";"3";"4";"4";"5";"2";"3";"4";"4";"3";"4";"4";"3";"3";"3";"3";"Onderwijs en Innovatie (ONI)";"Vrouw";"31";"Den Haag";"2";"0";"Vwo";"Met mijn partner / een relatie"
"3";"4";"4";"3";"3";"4";"3";"3,8";"3,4";"4,2";"4";"2";"2";"2";"4";"5";"1";"5";"3";"1";"5";"4,2";"3,8";"1,0";"2,33";"2,33";"1,0";"2,33";"1,0";"2,33";"3,67";"3,96";"26";"1,0";"0";"1,0";"1,0";"3,0";"1,0";"1,0";"1,0";"1,0";"1,0";"1,0";"1,0";"4";"3";"4";"4";"4";"4";"3";"4";"4";"4";"2";"4";"2";"4";"1";"3";"1";"1";"1";"2";"2,2";"2";"2";"2";"5";"5";"2";"5";"4";"2";"4";"2";"3";"2";"4";"2";"4";"2";"3";"4";"4";"4";"5";"4";"3";"Verloskunde Academie";"Vrouw";"23";"Groningen (Verloskunde Academie)";"2";"0";"Havo";"Met een of enkele huisgenoten / vrienden (geen relatie)"
"2";"3";"3";"2";"2";"2";"2";"2,6";"1,8";"3,0";"2";"3";"2";"2";"3";"3";"2";"2";"3";"1";"5";"4,2";"3,8";"2,33";"1,0";"2,33";"2,33";"2,33";"3,67";"2,33";"1,0";"3,68";"26";"1,0";"1";"5,0";"1,0";"1,0";"1,0";"1,0";"3,0";"5,0";"1,0";"1,0";"1,0";"2";"3";"1";"3";"2";"3";"3";"1";"2";"3";"2";"4";"3";"3";"3";"1";"1";"1";"1";"2";"2,6";"2";"1";"3";"2";"2";"2";"3";"2";"2";"4";"2";"2";"2";"4";"2";"1";"2";"2";"3";"4";"3";"3";"3";"3";"Techniek, Ontwerpen en Informatica (TOI)";"Man";"20";"Alkmaar";"3";"0";"Havo";"Bij mijn ouder(s)/verzorger(s)"
"3";"5";"4";"2";"2";"2";"2";"4,6";"3,4";"4,6";"4";"5";"3";"5";"5";"5";"3";"3";"4";"4";"4";"4,2";"3,4";"1,0";"2,33";"1,0";"2,33";"2,33";"2,33";"2,33";"3,67";"3,8";"26";"1,0";"0";"1,0";"1,0";"1,0";"3,0";"3,0";"3,0";"1,0";"1,0";"1,0";"1,0";"4";"5";"3";"5";"4";"4";"4";"4";"4";"3";"3";"4";"3";"5";"2";"1";"1";"3";"1";"4";"1,16";"3";"3";"2";"4";"5";"2";"4";"5";"3";"4";"3";"3";"4";"3";"3";"4";"2";"3";"4";"5";"4";"4";"3";"2";"Verloskunde Academie";"Vrouw";"21";"Groningen (Verloskunde Academie)";"1";"0";"Havo";"Bij mijn ouder(s)/verzorger(s)"
"2";"2";"3";"4";"5";"5";"5";"1,4";"4,6";"2,2";"2";"3";"2";"3";"3";"4";"1";"3";"3";"1";"3";"3,0";"3,8";"3,67";"3,67";"3,67";"3,67";"5,0";"3,67";"3,67";"5,0";"3,92";"26";"1,8";"1";"3,0";"1,0";"3,0";"3,0";"3,0";"5,0";"1,0";"1,0";"1,0";"1,0";"3";"4";"5";"4";"3";"4";"3";"3";"3";"3";"3";"5";"3";"3";"3";"3";"2";"2";"1";"3";"1,4";"4";"3";"4";"2";"1";"2";"4";"4";"4";"2";"4";"4";"4";"2";"4";"4";"2";"4";"3";"4";"3";"4";"3";"3";"Onderwijs en Innovatie (ONI)";"Vrouw";"22";"Haarlem";"2";"0";"Vwo";"Bij mijn ouder(s)/verzorger(s)"
"3";"3";"3";"3";"3";"4";"4";"3,4";"3,0";"3,4";"2";"4";"2";"4";"4";"4";"2";"4";"3";"1";"4";"3,4";"3,4";"2,33";"3,67";"3,67";"3,67";"2,33";"3,67";"2,33";"3,67";"4,2";"26";"4,2";"0";"1,0";"1,0";"1,0";"3,0";"1,0";"1,0";"1,0";"1,0";"1,0";"1,0";"4";"4";"4";"4";"3";"5";"4";"4";"5";"4";"3";"4";"4";"5";"2";"1";"3";"2";"1";"1";"2,2";"";"";"";"";"";"";"";"";"";"";"";"";"";"";"";"";"";"";"";"";"";"";"";"";"Business, Finance and Law (BFL)";"Vrouw";"29";"Rotterdam";"2";"0";"Mbo";"Alleen"
"2";"4";"3";"4";"4";"4";"4";"3,4";"3,8";"3,4";"2";"";"2";"";"3";"3";"3";"1";"";"3";"2";"3,4";"4,2";"2,33";"3,67";"3,67";"3,67";"2,33";"2,33";"2,33";"5,0";"3,88";"26";"5,0";"0";"3,0";"1,0";"5,0";"3,0";"1,0";"5,0";"1,0";"1,0";"3,0";"3,0";"3";"2";"5";"4";"4";"3";"4";"1";"4";"2";"1";"3";"1";"2";"3";"1";"2";"2";"1";"1";"1,48";"4";"5";"2";"3";"2";"3";"5";"3";"4";"4";"2";"2";"4";"4";"3";"5";"5";"2";"3";"4";"4";"5";"4";"4";"Techniek, Ontwerpen en Informatica (TOI)";"Man";"22";"Delft";"2";"0";"Vwo";"Met een of enkele huisgenoten / vrienden (geen relatie)"
"2";"3";"2";"2";"2";"3";"5";"2,6";"2,2";"3,0";"1";"2";"1";"3";"3";"5";"2";"4";"3";"4";"4";"3,8";"4,2";"2,33";"3,67";"1,0";"1,0";"1,0";"2,33";"1,0";"3,67";"4,2";"26";"5,0";"1";"3,0";"1,0";"1,0";"3,0";"3,0";"3,0";"3,0";"1,0";"1,0";"1,0";"3";"5";"2";"3";"3";"5";"2";"3";"4";"4";"4";"5";"5";"4";"4";"1";"2";"1";"1";"4";"1,64";"4";"1";"4";"4";"5";"5";"4";"5";"4";"5";"2";"2";"2";"4";"2";"4";"5";"5";"3";"5";"3";"3";"3";"3";"Creative Business (CB)";"Man";"22";"Amsterdam";"4";"0";"Havo";"Bij mijn ouder(s)/verzorger(s)"
"3";"3";"3";"2";"3";"3";"3";"2,2";"3,4";"3,0";"4";"4";"4";"5";"5";"4";"4";"3";"4";"5";"3";"4,2";"3,4";"1,0";"1,0";"2,33";"2,33";"1,0";"2,33";"1,0";"2,33";"3,72";"26";"2,6";"0";"3,0";"1,0";"1,0";"3,0";"3,0";"3,0";"1,0";"1,0";"1,0";"1,0";"4";"5";"3";"4";"3";"4";"4";"3";"4";"4";"2";"3";"3";"4";"3";"1";"1";"1";"1";"4";"1,4";"4";"2";"3";"2";"2";"2";"3";"4";"3";"4";"2";"2";"3";"4";"2";"3";"2";"4";"4";"4";"4";"4";"4";"3";"Business, Finance and Law (BFL)";"Man";"21";"Rotterdam";"4";"0";"Havo";"Bij mijn ouder(s)/verzorger(s)"
"3";"2";"4";"4";"2";"3";"3";"3,4";"4,2";"3,0";"3";"3";"3";"4";"5";"4";"3";"2";"4";"2";"4";"3,8";"3,8";"2,33";"2,33";"1,0";"2,33";"1,0";"2,33";"3,67";"2,33";"3,96";"26";"1,8";"0";"3,0";"1,0";"3,0";"5,0";"1,0";"5,0";"1,0";"1,0";"1,0";"1,0";"5";"4";"4";"4";"4";"3";"4";"3";"5";"2";"4";"5";"4";"4";"2";"1";"2";"3";"1";"4";"1,0";"";"";"";"";"";"";"";"";"";"";"";"";"";"";"";"";"";"";"";"";"";"";"";"";"Onderwijs en Innovatie (ONI)";"Vrouw";"19";"Alkmaar";"2";"0";"Havo";"Bij mijn ouder(s)/verzorger(s)"
"2";"4";"3";"4";"4";"4";"4";"3,4";"4,6";"3,4";"3";"4";"4";"4";"4";"5";"4";"4";"5";"3";"3";"3,4";"4,2";"3,67";"5,0";"3,67";"2,33";"2,33";"3,67";"3,67";"3,67";"4,08";"26";"1,8";"0";"5,0";"1,0";"5,0";"5,0";"1,0";"5,0";"3,0";"1,0";"1,0";"1,0";"4";"4";"4";"4";"4";"4";"4";"3";"4";"3";"4";"5";"4";"4";"4";"5";"3";"3";"1";"3";"1,8";"5";"4";"4";"4";"2";"3";"4";"4";"3";"3";"4";"4";"4";"2";"3";"4";"2";"5";"4";"4";"4";"3";"3";"3";"Onderwijs en Innovatie (ONI)";"Vrouw";"23";"Alkmaar";"2";"0";"Mbo";"Met mijn partner / een relatie"
"3";"4";"4";"4";"2";"1";"3";"4,2";"4,2";"4,2";"2";"3";"2";"2";"3";"4";"5";"4";"4";"2";"4";"3,8";"2,6";"2,33";"2,33";"1,0";"2,33";"1,0";"2,33";"2,33";"2,33";"3,96";"25";"1,0";"1";"1,0";"1,0";"5,0";"1,0";"1,0";"3,0";"1,0";"1,0";"1,0";"1,0";"4";"4";"2";"4";"4";"3";"3";"2";"4";"3";"3";"4";"4";"3";"2";"2";"4";"4";"1";"5";"1,64";"4";"4";"3";"3";"1";"4";"4";"4";"2";"4";"2";"2";"2";"3";"3";"4";"4";"4";"3";"3";"4";"4";"4";"3";"Verloskunde Academie";"Vrouw";"21";"Amsterdam";"1";"0";"Havo";"In een studentenhuis / met meerdere studenten samen"
"4";"4";"4";"2";"2";"2";"3";"3,8";"3,4";"4,2";"4";"3";"1";"3";"4";"3";"2";"3";"4";"3";"4";"3,8";"3,8";"2,33";"3,67";"1,0";"2,33";"1,0";"2,33";"2,33";"2,33";"3,84";"25";"1,0";"0";"1,0";"1,0";"1,0";"1,0";"1,0";"3,0";"1,0";"1,0";"1,0";"1,0";"4";"4";"3";"4";"4";"4";"4";"5";"5";"3";"2";"4";"2";"3";"1";"3";"2";"1";"1";"5";"1,56";"2";"1";"3";"1";"2";"1";"4";"4";"3";"3";"4";"2";"4";"2";"3";"5";"3";"3";"4";"4";"3";"5";"3";"3";"Verloskunde Academie";"Vrouw";"20";"Amsterdam";"1";"0";"Vwo";"Bij mijn ouder(s)/verzorger(s)"
"3";"4";"2";"2";"3";"2";"4";"3,4";"3,8";"3,8";"3";"2";"1";"1";"3";"3";"2";"5";"5";"2";"4";"4,2";"2,6";"1,0";"2,33";"2,33";"2,33";"2,33";"1,0";"1,0";"3,67";"3,68";"25";"1,0";"1";"1,0";"1,0";"1,0";"1,0";"1,0";"3,0";"1,0";"1,0";"1,0";"1,0";"3";"2";"4";"4";"3";"3";"4";"4";"4";"4";"2";"2";"1";"3";"3";"4";"3";"1";"1";"3";"1,0";"2";"3";"2";"2";"2";"1";"5";"2";"4";"4";"2";"2";"2";"4";"2";"4";"3";"3";"4";"3";"3";"4";"2";"4";"Verloskunde Academie";"Vrouw";"22";"Amsterdam";"1";"0";"Mbo";"Met mijn partner / een relatie"
"3";"4";"4";"2";"2";"3";"3";"4,6";"2,6";"4,2";"2";"3";"3";"4";"4";"4";"4";"2";"3";"2";"4";"3,4";"3,4";"1,0";"2,33";"2,33";"2,33";"1,0";"2,33";"1,0";"2,33";"3,64";"25";"1,0";"0";"5,0";"1,0";"1,0";"1,0";"1,0";"3,0";"1,0";"1,0";"1,0";"1,0";"4";"5";"2";"4";"4";"4";"5";"4";"4";"3";"3";"4";"3";"3";"3";"2";"4";"5";"1";"4";"1,32";"2";"3";"3";"2";"4";"2";"4";"4";"2";"4";"2";"3";"2";"4";"2";"4";"2";"3";"4";"3";"3";"4";"3";"3";"Verloskunde Academie";"Vrouw";"19";"Amsterdam";"1";"0";"Havo";"Bij mijn ouder(s)/verzorger(s)"
"3";"4";"3";"3";"3";"2";"2";"3,8";"3,8";"3,4";"";"3";"";"1";"";"3";"";"3";"4";"";"3";"3,4";"4,2";"2,33";"2,33";"2,33";"5,0";"2,33";"3,67";"2,33";"1,0";"3,8";"25";"1,0";"0";"1,0";"1,0";"1,0";"1,0";"1,0";"1,0";"1,0";"1,0";"1,0";"1,0";"4";"4";"3";"5";"4";"4";"4";"3";"3";"2";"4";"4";"4";"4";"3";"1";"3";"1";"1";"1";"3,56";"3";"2";"2";"1";"1";"1";"4";"4";"1";"4";"3";"2";"3";"4";"2";"5";"5";"3";"3";"5";"4";"3";"3";"3";"Gezondheid, Sport en Welzijn (GSW)";"Vrouw";"44";"Haarlem";"1";"0";"Mbo";"Anders"
"3";"4";"4";"3";"3";"3";"3";"3,8";"4,2";"3,8";"1";"2";"1";"1";"1";"1";"";"1";"1";"1";"4";"3,8";"4,2";"2,33";"2,33";"3,67";"3,67";"1,0";"2,33";"2,33";"2,33";"4,44";"25";"1,0";"0";"1,0";"1,0";"3,0";"1,0";"1,0";"1,0";"1,0";"1,0";"1,0";"1,0";"5";"5";"3";"5";"5";"5";"3";"4";"4";"3";"3";"5";"3";"3";"3";"1";"2";"1";"1";"3";"2,92";"3";"1";"1";"4";"1";"3";"5";"3";"1";"3";"4";"4";"5";"2";"4";"5";"5";"3";"4";"5";"4";"3";"3";"3";"Gezondheid, Sport en Welzijn (GSW)";"Vrouw";"29";"Haarlem";"1";"0";"Havo";"Met mijn partner / een relatie"
"2";"3";"1";"5";"4";"5";"5";"1,8";"4,6";"1,8";"2";"4";"2";"3";"5";"5";"5";"4";"5";"2";"4";"2,2";"3,4";"3,67";"5,0";"5,0";"3,67";"3,67";"3,67";"3,67";"5,0";"4,2";"25";"1,0";"1";"1,0";"1,0";"3,0";"1,0";"1,0";"3,0";"1,0";"1,0";"1,0";"1,0";"4";"4";"4";"4";"3";"3";"4";"4";"4";"2";"2";"4";"3";"3";"2";"1";"1";"3";"1";"4";"2,84";"";"";"";"";"";"";"";"";"";"";"";"";"";"";"";"";"";"";"";"";"";"";"";"";"Onderwijs en Innovatie (ONI)";"Vrouw";"21";"Dordrecht";"1";"0";"Mbo";"Bij mijn ouder(s)/verzorger(s)"
"4";"4";"3";"3";"2";"1";"2";"3,8";"3,8";"4,2";"1";"1";"1";"1";"1";"1";"1";"1";"1";"1";"4";"3,8";"4,2";"1,0";"3,67";"1,0";"2,33";"1,0";"2,33";"2,33";"3,67";"4,2";"25";"1,0";"0";"1,0";"1,0";"1,0";"1,0";"1,0";"3,0";"1,0";"1,0";"1,0";"1,0";"4";"5";"2";"4";"4";"5";"4";"4";"4";"4";"4";"4";"4";"4";"3";"1";"1";"1";"1";"2";"3,72";"";"";"";"";"";"";"";"";"";"";"";"";"";"";"";"";"";"";"";"";"";"";"";"";"Onderwijs en Innovatie (ONI)";"Vrouw";"24";"Dordrecht";"1";"0";"Mbo";"Alleen"
"3";"4";"4";"1";"2";"3";"2";"4,2";"3,4";"4,2";"1";"3";"1";"3";"3";"1";"2";"1";"3";"1";"4";"4,2";"3,4";"1,0";"1,0";"2,33";"2,33";"1,0";"2,33";"2,33";"2,33";"4,12";"25";"1,0";"0";"1,0";"1,0";"1,0";"1,0";"1,0";"1,0";"1,0";"1,0";"1,0";"1,0";"4";"5";"2";"5";"5";"5";"4";"4";"4";"3";"2";"5";"3";"3";"2";"2";"1";"4";"1";"4";"2,44";"";"";"";"";"";"";"";"";"";"";"";"";"";"";"";"";"";"";"";"";"";"";"";"";"Onderwijs en Innovatie (ONI)";"Vrouw";"22";"Dordrecht";"1";"0";"Mbo";"Bij mijn ouder(s)/verzorger(s)"
"2";"3";"2";"3";"3";"3";"4";"3,0";"3,0";"3,0";"2";"2";"1";"3";"2";"2";"4";"2";"2";"4";"4";"3,8";"4,2";"2,33";"2,33";"2,33";"2,33";"2,33";"2,33";"2,33";"2,33";"3,48";"25";"2,6";"1";"1,0";"1,0";"1,0";"1,0";"1,0";"5,0";"1,0";"3,0";"1,0";"3,0";"3";"4";"3";"4";"3";"3";"4";"3";"3";"3";"2";"4";"3";"2";"3";"1";"1";"4";"";"4";"1,96";"";"";"";"";"";"";"";"";"";"";"";"";"";"";"";"";"";"";"";"";"";"";"";"";"Verloskunde Academie";"Vrouw";"20";"Groningen (Verloskunde Academie)";"1";"0";"Vwo";"Bij mijn ouder(s)/verzorger(s)"
"3";"4";"4";"3";"2";"4";"3";"3,8";"2,6";"3,8";"2";"4";"3";"5";"5";"4";"3";"3";"4";"";"4";"3,4";"4,2";"2,33";"2,33";"2,33";"2,33";"1,0";"2,33";"2,33";"2,33";"3,96";"25";"1,0";"0";"5,0";"5,0";"1,0";"1,0";"1,0";"3,0";"1,0";"1,0";"1,0";"1,0";"4";"4";"3";"4";"5";"4";"4";"5";"5";"4";"3";"5";"4";"5";"3";"3";"3";"5";"1";"5";"1,96";"";"";"";"";"";"";"";"";"";"";"";"";"";"";"";"";"";"";"";"";"";"";"";"";"Verloskunde Academie";"Vrouw";"23";"Groningen (Verloskunde Academie)";"1";"0";"Anders, namelijk (vul in):";"In een studentenhuis / met meerdere studenten samen"
"4";"4";"4";"2";"1";"1";"2";"4,6";"4,2";"4,2";"";"3";"1";"";"3";"";"2";"2";"";"2";"4";"4,2";"3,8";"1,0";"1,0";"1,0";"2,33";"1,0";"2,33";"1,0";"1,0";"4,4";"25";"1,0";"0";"1,0";"1,0";"5,0";"1,0";"3,0";"3,0";"1,0";"1,0";"1,0";"1,0";"5";"5";"2";"5";"3";"3";"3";"3";"4";"3";"3";"5";"5";"4";"3";"1";"1";"1";"1";"5";"1,32";"";"";"";"";"";"";"";"";"";"";"";"";"";"";"";"";"";"";"";"";"";"";"";"";"Verloskunde Academie";"Vrouw";"20";"Groningen (Verloskunde Academie)";"1";"0";"Vwo";"Met mijn partner / een relatie"
"1";"1";"1";"5";"5";"5";"5";"1,0";"1,0";"1,0";"5";"5";"5";"5";"5";"5";"1";"1";"5";"1";"5";"2,6";"3,0";"5,0";"1,0";"1,0";"2,33";"1,0";"3,67";"1,0";"1,0";"3,6";"25";"1,0";"1";"1,0";"1,0";"1,0";"1,0";"1,0";"3,0";"1,0";"1,0";"1,0";"1,0";"3";"3";"2";"4";"1";"1";"4";"1";"3";"4";"1";"3";"3";"1";"5";"3";"1";"1";"";"3";"1,0";"";"";"";"";"";"";"";"";"";"";"";"";"";"";"";"";"";"";"";"";"";"";"";"";"Business, Finance and Law (BFL)";"Man";"19";"Haarlem";"2";"0";"Havo";"Bij mijn ouder(s)/verzorger(s)"
"2";"3";"3";"2";"3";"4";"4";"2,6";"3,4";"3,0";"4";"2";"2";"4";"5";"4";"5";"3";"3";"4";"4";"3,8";"3,8";"3,67";"3,67";"3,67";"3,67";"2,33";"2,33";"2,33";"2,33";"3,76";"25";"2,6";"0";"1,0";"1,0";"1,0";"1,0";"1,0";"5,0";"1,0";"1,0";"1,0";"1,0";"4";"5";"3";"4";"4";"4";"4";"3";"3";"3";"2";"5";"2";"3";"2";"2";"4";"2";"1";"4";"1,8";"3";"4";"3";"4";"3";"3";"4";"4";"4";"2";"4";"4";"3";"3";"3";"4";"2";"3";"4";"4";"4";"4";"3";"3";"Gezondheid, Sport en Welzijn (GSW)";"Vrouw";"20";"Alkmaar";"3";"0";"Havo";"Bij mijn ouder(s)/verzorger(s)"
"2";"3";"2";"2";"1";"2";"2";"3,8";"2,2";"3,4";"3";"";"";"4";"3";"";"";"2";"";"2";"4";"4,2";"3,8";"2,33";"1,0";"2,33";"2,33";"1,0";"2,33";"2,33";"1,0";"3,4";"25";"1,0";"0";"1,0";"1,0";"1,0";"1,0";"1,0";"1,0";"1,0";"1,0";"1,0";"1,0";"3";"4";"3";"2";"3";"4";"2";"3";"2";"1";"2";"4";"2";"4";"2";"1";"4";"1";"1";"5";"1,0";"2";"1";"3";"2";"1";"1";"4";"2";"3";"4";"3";"2";"2";"4";"1";"4";"3";"4";"5";"5";"4";"4";"3";"3";"Business, Finance and Law (BFL)";"Man";"19";"Haarlem";"3";"0";"Havo";"Bij mijn ouder(s)/verzorger(s)"
"1";"4";"3";"3";"2";"1";"4";"3,4";"2,2";"3,0";"1";"2";"1";"3";"3";"3";"4";"3";"5";"1";"5";"3,0";"4,2";"1,0";"2,33";"3,67";"2,33";"1,0";"3,67";"1,0";"2,33";"4,2";"25";"1,8";"0";"1,0";"1,0";"1,0";"1,0";"1,0";"1,0";"1,0";"1,0";"1,0";"1,0";"4";"4";"3";"5";"5";"5";"4";"3";"2";"4";"3";"3";"3";"3";"1";"1";"3";"3";"1";"2";"2,68";"4";"2";"3";"4";"3";"2";"2";"2";"2";"4";"2";"3";"4";"4";"2";"4";"1";"3";"3";"4";"2";"4";"3";"3";"Business, Finance and Law (BFL)";"Man";"24";"Rotterdam";"4";"0";"Havo";"Bij mijn ouder(s)/verzorger(s)"
"2";"4";"4";"4";"3";"4";"4";"3,8";"4,2";"3,4";"2";"2";"2";"2";"2";"3";"2";"2";"2";"2";"3";"3,4";"4,2";"3,67";"3,67";"2,33";"3,67";"3,67";"3,67";"3,67";"2,33";"4,0";"25";"1,0";"0";"1,0";"5,0";"3,0";"3,0";"3,0";"3,0";"1,0";"1,0";"1,0";"1,0";"5";"4";"1";"4";"3";"4";"4";"4";"3";"2";"2";"4";"2";"3";"3";"1";"1";"1";"1";"5";"3,16";"";"";"";"";"";"";"";"";"";"";"";"";"";"";"";"";"";"";"";"";"";"";"";"";"Verloskunde Academie";"Vrouw";"23";"Amsterdam";"1";"0";"Anders, namelijk (vul in):";"Bij mijn ouder(s)/verzorger(s)"
"3";"4";"3";"4";"4";"4";"4";"4,2";"3,8";"2,6";"4";"";"5";"5";"3";"4";"3";"3";"5";"3";"4";"3,0";"3,8";"3,67";"3,67";"5,0";"3,67";"1,0";"3,67";"2,33";"5,0";"3,64";"25";"2,6";"0";"5,0";"3,0";"3,0";"3,0";"5,0";"5,0";"1,0";"1,0";"3,0";"3,0";"5";"3";"4";"5";"4";"3";"3";"3";"3";"3";"2";"5";"2";"4";"3";"1";"1";"1";"1";"5";"2,44";"4";"4";"5";"5";"1";"3";"4";"4";"4";"2";"4";"5";"5";"2";"3";"4";"3";"2";"4";"4";"3";"2";"2";"3";"Business, Finance and Law (BFL)";"Vrouw";"21";"Rotterdam";"1";"0";"Havo";"Bij mijn ouder(s)/verzorger(s)"
"2";"4";"4";"3";"4";"2";"2";"4,2";"4,6";"3,4";"2";"5";"";"3";"";"2";"3";"2";"2";"";"4";"2,6";"3,8";"1,0";"5,0";"3,67";"3,67";"3,67";"3,67";"2,33";"3,67";"3,44";"25";"4,2";"0";"5,0";"1,0";"3,0";"3,0";"5,0";"5,0";"1,0";"1,0";"3,0";"1,0";"5";"5";"3";"5";"4";"3";"4";"4";"3";"2";"3";"5";"4";"4";"2";"1";"1";"1";"1";"2";"3,0";"5";"4";"3";"2";"1";"3";"4";"4";"3";"2";"4";"4";"4";"3";"4";"4";"3";"5";"4";"3";"4";"4";"1";"1";"Gezondheid, Sport en Welzijn (GSW)";"Vrouw";"49";"Amsterdam";"2";"0";"Anders, namelijk (vul in):";"Alleen"
"3";"4";"4";"3";"3";"4";"3";"3,4";"3,8";"3,4";"3";"3";"2";"2";"2";"4";"2";"2";"4";"4";"4";"3,4";"3,8";"3,67";"3,67";"3,67";"3,67";"2,33";"3,67";"2,33";"2,33";"3,88";"25";"1,0";"0";"1,0";"1,0";"1,0";"3,0";"3,0";"3,0";"3,0";"1,0";"5,0";"1,0";"4";"5";"3";"3";"4";"4";"4";"4";"4";"4";"4";"4";"3";"4";"4";"3";"2";"1";"1";"3";"1,96";"3";"3";"3";"3";"3";"3";"3";"3";"3";"3";"3";"4";"4";"3";"4";"4";"3";"4";"4";"4";"4";"4";"4";"3";"Creative Business (CB)";"Vrouw";"20";"Amsterdam";"2";"0";"Vwo";"Bij mijn ouder(s)/verzorger(s)"
"1";"4";"3";"4";"4";"5";"4";"3,4";"3,8";"3,8";"2";"4";"";"4";"4";"4";"4";"3";"4";"4";"3";"3,0";"4,2";"3,67";"5,0";"3,67";"3,67";"3,67";"3,67";"2,33";"3,67";"3,64";"25";"2,6";"1";"1,0";"5,0";"5,0";"3,0";"3,0";"5,0";"1,0";"1,0";"1,0";"1,0";"4";"4";"3";"4";"4";"3";"4";"3";"3";"2";"2";"5";"2";"3";"1";"1";"1";"1";"1";"4";"2,44";"4";"4";"3";"4";"4";"3";"5";"5";"2";"2";"4";"4";"4";"2";"4";"4";"4";"3";"3";"2";"3";"3";"2";"2";"Creative Business (CB)";"Vrouw";"20";"Amsterdam";"2";"0";"Anders, namelijk (vul in):";"Bij mijn ouder(s)/verzorger(s)"
"4";"4";"5";"1";"2";"3";"1";"4,2";"3,8";"4,2";"2";"3";"3";"4";"5";"2";"2";"1";"3";"3";"4";"4,6";"3,4";"1,0";"1,0";"1,0";"1,0";"1,0";"2,33";"1,0";"2,33";"3,8";"25";"1,0";"0";"1,0";"1,0";"1,0";"3,0";"3,0";"3,0";"3,0";"3,0";"1,0";"1,0";"4";"5";"2";"5";"5";"5";"4";"4";"3";"3";"1";"5";"3";"3";"2";"2";"1";"1";"1";"4";"1,8";"";"";"";"";"";"";"";"";"";"";"";"";"";"";"";"";"";"";"";"";"";"";"";"";"Business, Finance and Law (BFL)";"Vrouw";"20";"Amsterdam";"2";"0";"Mbo";"Bij mijn ouder(s)/verzorger(s)"
"2";"3";"3";"4";"2";"3";"4";"3,0";"3,4";"2,6";"3";"3";"2";"4";"4";"5";"1";"5";"3";"4";"4";"4,2";"3,4";"1,0";"1,0";"2,33";"2,33";"1,0";"2,33";"1,0";"1,0";"3,4";"25";"1,0";"0";"1,0";"1,0";"1,0";"3,0";"1,0";"3,0";"1,0";"1,0";"1,0";"1,0";"3";"5";"3";"4";"3";"3";"3";"2";"4";"4";"2";"3";"3";"3";"1";"1";"3";"2";"1";"3";"1,72";"3";"2";"4";"3";"4";"3";"3";"3";"3";"4";"2";"2";"2";"4";"2";"4";"1";"4";"3";"4";"3";"3";"3";"2";"Business, Finance and Law (BFL)";"Man";"20";"Alkmaar";"2";"0";"Vwo";"Bij mijn ouder(s)/verzorger(s)"
"3";"4";"3";"3";"3";"3";"2";"3,8";"4,2";"3,4";"3";"3";"3";"4";"4";"4";"";"2";"";"2";"3";"3,8";"3,8";"2,33";"2,33";"3,67";"2,33";"2,33";"3,67";"2,33";"2,33";"3,84";"25";"1,0";"0";"3,0";"1,0";"1,0";"3,0";"1,0";"3,0";"1,0";"1,0";"1,0";"1,0";"4";"5";"4";"5";"4";"4";"4";"4";"4";"2";"2";"4";"2";"4";"1";"1";"3";"3";"1";"3";"1,64";"3";"4";"2";"2";"2";"2";"4";"4";"4";"3";"4";"4";"4";"3";"3";"3";"2";"3";"4";"4";"4";"4";"3";"2";"Business, Finance and Law (BFL)";"Vrouw";"18";"Alkmaar";"2";"0";"Havo";"Bij mijn ouder(s)/verzorger(s)"
"2";"3";"3";"4";"4";"4";"2";"2,2";"4,2";"3,4";"2";"2";"2";"4";"5";"4";"2";"3";"4";"1";"3";"3,4";"4,6";"3,67";"2,33";"3,67";"3,67";"1,0";"5,0";"2,33";"3,67";"3,6";"25";"1,8";"0";"3,0";"1,0";"3,0";"3,0";"3,0";"3,0";"3,0";"3,0";"3,0";"3,0";"3";"4";"5";"4";"4";"4";"4";"4";"4";"4";"4";"4";"4";"5";"5";"5";"1";"2";"1";"4";"1,08";"3";"4";"2";"4";"1";"1";"4";"3";"2";"3";"4";"2";"5";"2";"4";"4";"4";"4";"4";"4";"4";"4";"4";"4";"Business, Finance and Law (BFL)";"Vrouw";"20";"Alkmaar";"2";"0";"Mbo";"Bij mijn ouder(s)/verzorger(s)"
"3";"2";"1";"4";"3";"3";"4";"2,6";"3,8";"1,0";"3";"3";"3";"4";"5";"5";"4";"5";"5";"5";"5";"2,6";"4,2";"3,67";"2,33";"2,33";"3,67";"2,33";"3,67";"2,33";"2,33";"4,0";"25";"1,0";"1";"5,0";"1,0";"5,0";"3,0";"1,0";"5,0";"1,0";"3,0";"1,0";"1,0";"5";"4";"3";"5";"3";"3";"3";"3";"4";"2";"3";"5";"3";"3";"3";"1";"4";"2";"";"4";"1,64";"4";"4";"5";"2";"1";"2";"5";"5";"3";"2";"2";"4";"4";"2";"3";"2";"2";"4";"4";"3";"4";"5";"2";"2";"Business, Finance and Law (BFL)";"Man";"20";"Alkmaar";"2";"0";"Vwo";"Bij mijn ouder(s)/verzorger(s)"
"3";"3";"3";"3";"2";"2";"2";"3,8";"2,2";"3,8";"2";"2";"1";"3";"3";"2";"1";"2";"2";"1";"4";"4,2";"3,4";"1,0";"1,0";"2,33";"2,33";"1,0";"2,33";"1,0";"2,33";"3,36";"25";"1,0";"0";"1,0";"1,0";"1,0";"3,0";"1,0";"3,0";"1,0";"1,0";"3,0";"1,0";"3";"4";"2";"4";"4";"5";"4";"5";"5";"4";"2";"5";"4";"5";"3";"1";"1";"2";"1";"4";"3,0";"";"";"";"";"";"";"";"";"";"";"";"";"";"";"";"";"";"";"";"";"";"";"";"";"Business, Finance and Law (BFL)";"Man";"21";"Alkmaar";"2";"0";"Vwo";"Bij mijn ouder(s)/verzorger(s)"
"3";"4";"3";"2";"1";"4";"4";"3,8";"2,2";"3,4";"4";"4";"2";"4";"4";"3";"2";"3";"4";"1";"4";"3,4";"4,2";"2,33";"2,33";"2,33";"2,33";"1,0";"2,33";"2,33";"2,33";"3,96";"25";"1,0";"0";"3,0";"1,0";"1,0";"3,0";"3,0";"3,0";"1,0";"1,0";"1,0";"1,0";"2";"1";"4";"4";"2";"3";"4";"2";"2";"3";"1";"5";"3";"2";"1";"2";"1";"1";"1";"1";"3,56";"1";"2";"4";"2";"1";"1";"4";"2";"4";"4";"2";"2";"3";"4";"2";"4";"1";"2";"3";"2";"2";"3";"3";"2";"Gezondheid, Sport en Welzijn (GSW)";"Vrouw";"22";"Haarlem";"2";"0";"Vwo";"Met mijn partner / een relatie"
"3";"4";"4";"2";"2";"2";"3";"3,8";"2,2";"3,8";"3";"2";"2";"3";"2";"2";"1";"2";"3";"4";"3";"3,8";"3,4";"1,0";"1,0";"2,33";"2,33";"1,0";"2,33";"1,0";"2,33";"3,8";"25";"1,0";"0";"1,0";"1,0";"1,0";"3,0";"1,0";"1,0";"5,0";"1,0";"1,0";"3,0";"5";"4";"3";"3";"5";"4";"4";"4";"4";"3";"3";"5";"4";"3";"3";"3";"1";"2";"1";"5";"1,8";"";"";"";"";"";"";"";"";"";"";"";"";"";"";"";"";"";"";"";"";"";"";"";"";"Business, Finance and Law (BFL)";"Vrouw";"20";"Haarlem";"2";"0";"Vwo";"Bij mijn ouder(s)/verzorger(s)"
"3";"4";"4";"3";"4";"4";"2";"3,8";"4,2";"3,8";"2";"4";"2";"5";"2";"4";"5";"2";"2";"3";"4";"3,8";"3,4";"3,67";"2,33";"1,0";"3,67";"2,33";"3,67";"2,33";"3,67";"3,6";"25";"3,4";"0";"3,0";"1,0";"1,0";"3,0";"5,0";"3,0";"3,0";"1,0";"1,0";"1,0";"4";"4";"3";"4";"3";"4";"4";"4";"4";"4";"3";"4";"3";"3";"3";"1";"1";"1";"1";"5";"2,6";"";"";"";"";"";"";"";"";"";"";"";"";"";"";"";"";"";"";"";"";"";"";"";"";"Gezondheid, Sport en Welzijn (GSW)";"Vrouw";"19";"Haarlem";"2";"0";"Havo";"Bij mijn ouder(s)/verzorger(s)"
"2";"3";"2";"4";"4";"4";"5";"3,0";"3,4";"3,4";"3";"3";"4";"3";"3";"3";"5";"3";"4";"5";"3";"3,8";"4,2";"3,67";"3,67";"2,33";"2,33";"2,33";"2,33";"2,33";"2,33";"3,4";"25";"3,4";"1";"3,0";"1,0";"3,0";"3,0";"3,0";"5,0";"3,0";"3,0";"3,0";"3,0";"3";"2";"4";"3";"2";"2";"3";"2";"3";"3";"4";"2";"2";"3";"2";"3";"2";"1";"1";"4";"1,64";"";"";"";"";"";"";"";"";"";"";"";"";"";"";"";"";"";"";"";"";"";"";"";"";"Gezondheid, Sport en Welzijn (GSW)";"Vrouw";"19";"Haarlem";"2";"0";"Havo";"Bij mijn ouder(s)/verzorger(s)"
"2";"4";"3";"3";"2";"3";"3";"3,8";"3,8";"3,4";"3";"2";"2";"4";"4";"5";"2";"2";"2";"3";"4";"3,0";"3,8";"2,33";"3,67";"2,33";"2,33";"1,0";"3,67";"2,33";"5,0";"3,8";"25";"2,6";"0";"5,0";"5,0";"3,0";"3,0";"3,0";"5,0";"1,0";"1,0";"1,0";"1,0";"4";"4";"4";"4";"2";"2";"3";"1";"2";"2";"2";"5";"3";"3";"2";"1";"2";"1";"1";"3";"2,04";"4";"4";"2";"4";"3";"2";"4";"4";"4";"2";"3";"4";"4";"2";"4";"4";"4";"1";"3";"2";"2";"4";"2";"3";"Gezondheid, Sport en Welzijn (GSW)";"Man";"19";"Haarlem";"2";"0";"Havo";"Bij mijn ouder(s)/verzorger(s)"
"1";"4";"3";"1";"2";"2";"1";"4,6";"4,2";"4,2";"2";"3";"1";"4";"5";"1";"5";"2";"2";"1";"4";"2,6";"3,8";"3,67";"2,33";"3,67";"3,67";"2,33";"3,67";"3,67";"2,33";"3,8";"25";"1,0";"0";"1,0";"1,0";"1,0";"3,0";"3,0";"1,0";"1,0";"1,0";"1,0";"1,0";"3";"4";"2";"4";"5";"4";"4";"3";"3";"3";"4";"5";"4";"5";"1";"1";"1";"3";"1";"3";"2,92";"";"";"";"";"";"";"";"";"";"";"";"";"";"";"";"";"";"";"";"";"";"";"";"";"Business, Finance and Law (BFL)";"Man";"22";"Haarlem";"2";"0";"Havo";"Bij mijn ouder(s)/verzorger(s)"
"2";"4";"2";"2";"2";"4";"2";"3,4";"1,8";"3,4";"4";"3";"2";"4";"5";"3";"2";"2";"4";"1";"5";"4,6";"3,4";"1,0";"1,0";"1,0";"2,33";"1,0";"2,33";"1,0";"1,0";"3,64";"25";"2,6";"0";"1,0";"1,0";"1,0";"3,0";"3,0";"3,0";"5,0";"3,0";"3,0";"3,0";"2";"4";"3";"4";"4";"4";"3";"3";"4";"4";"4";"5";"3";"3";"5";"1";"1";"1";"1";"3";"3,08";"";"";"";"";"";"";"";"";"";"";"";"";"";"";"";"";"";"";"";"";"";"";"";"";"Agri, Food and Life Sciences (AFL)";"Man";"19";"Delft";"2";"0";"Havo";"Bij mijn ouder(s)/verzorger(s)"
"1";"1";"1";"4";"4";"4";"4";"2,2";"1,4";"1,0";"2";"3";"1";"3";"2";"3";"5";"3";"4";"5";"3";"3,4";"4,2";"2,33";"2,33";"5,0";"3,67";"2,33";"5,0";"2,33";"3,67";"3,72";"25";"1,8";"0";"1,0";"1,0";"1,0";"3,0";"1,0";"3,0";"1,0";"1,0";"1,0";"1,0";"3";"3";"3";"3";"3";"3";"2";"2";"3";"3";"3";"3";"1";"2";"1";"3";"1";"1";"1";"3";"2,2";"";"";"";"";"";"";"";"";"";"";"";"";"";"";"";"";"";"";"";"";"";"";"";"";"Gezondheid, Sport en Welzijn (GSW)";"Vrouw";"24";"Amsterdam";"3";"0";"Mbo";"Alleen"
"2";"4";"4";"3";"3";"3";"3";"5,0";"3,8";"3,4";"4";"3";"4";"5";"5";"5";"3";"4";"5";"1";"4";"3,8";"3,8";"1,0";"2,33";"2,33";"3,67";"1,0";"3,67";"1,0";"2,33";"3,8";"25";"1,0";"0";"5,0";"1,0";"1,0";"3,0";"1,0";"3,0";"3,0";"1,0";"3,0";"1,0";"4";"4";"3";"5";"5";"5";"4";"3";"4";"4";"4";"5";"4";"5";"5";"5";"1";"1";"1";"3";"2,92";"";"";"";"";"";"";"";"";"";"";"";"";"";"";"";"";"";"";"";"";"";"";"";"";"Business, Finance and Law (BFL)";"Man";"29";"Amsterdam";"3";"0";"Mbo";"Anders"
"3";"4";"4";"3";"4";"5";"4";"3,8";"4,2";"3,8";"4";"3";"3";"4";"4";"3";"2";"3";"3";"5";"4";"3,8";"4,6";"1,0";"3,67";"3,67";"2,33";"1,0";"3,67";"1,0";"3,67";"3,64";"25";"1,0";"0";"5,0";"1,0";"1,0";"3,0";"3,0";"3,0";"1,0";"1,0";"5,0";"1,0";"4";"5";"3";"4";"4";"4";"3";"3";"3";"3";"2";"5";"3";"3";"3";"1";"1";"1";"1";"5";"2,28";"3";"3";"4";"3";"3";"3";"4";"4";"2";"4";"3";"3";"3";"3";"3";"3";"3";"4";"3";"3";"3";"2";"2";"4";"Business, Finance and Law (BFL)";"Man";"24";"Amsterdam";"3";"0";"Havo";"Bij mijn ouder(s)/verzorger(s)"
"3";"3";"3";"4";"4";"4";"3";"3,8";"5,0";"2,2";"4";"5";"3";"5";"4";"4";"4";"3";"3";"2";"4";"3,4";"4,2";"2,33";"3,67";"3,67";"3,67";"2,33";"3,67";"2,33";"3,67";"3,8";"25";"1,0";"0";"5,0";"1,0";"5,0";"3,0";"1,0";"1,0";"3,0";"1,0";"3,0";"1,0";"5";"4";"3";"4";"4";"4";"4";"3";"3";"4";"4";"4";"3";"3";"4";"4";"2";"2";"1";"3";"1,64";"4";"3";"3";"2";"4";"3";"5";"3";"4";"2";"5";"5";"4";"3";"5";"4";"4";"4";"4";"4";"4";"4";"3";"3";"Business, Finance and Law (BFL)";"Vrouw";"22";"Rotterdam";"4";"0";"Havo";"Bij mijn ouder(s)/verzorger(s)"
"2";"3";"2";"4";"2";"3";"3";"2,6";"3,0";"2,6";"3";"3";"2";"3";"2";"3";"2";"3";"2";"1";"3";"3,8";"3,8";"2,33";"3,67";"2,33";"2,33";"1,0";"2,33";"2,33";"2,33";"4,12";"25";"1,8";"0";"1,0";"1,0";"1,0";"3,0";"1,0";"3,0";"5,0";"1,0";"1,0";"1,0";"4";"3";"2";"3";"4";"4";"3";"3";"3";"3";"3";"4";"3";"3";"2";"3";"2";"4";"1";"3";"2,92";"3";"3";"4";"2";"4";"2";"3";"3";"3";"3";"2";"2";"1";"3";"2";"4";"3";"3";"3";"4";"3";"3";"2";"2";"Business, Finance and Law (BFL)";"Man";"21";"Rotterdam";"4";"0";"Havo";"Bij mijn ouder(s)/verzorger(s)"
"3";"3";"3";"3";"2";"3";"4";"2,6";"3,8";"3,4";"1";"2";"2";"";"3";"3";"";"";"";"3";"4";"3,4";"3,8";"1,0";"2,33";"2,33";"3,67";"2,33";"2,33";"1,0";"2,33";"3,8";"25";"1,0";"0";"1,0";"1,0";"1,0";"3,0";"1,0";"1,0";"5,0";"1,0";"1,0";"1,0";"3";"5";"3";"4";"4";"4";"3";"3";"3";"4";"2";"5";"2";"4";"1";"1";"1";"1";"1";"1";"1,8";"";"";"";"";"";"";"";"";"";"";"";"";"";"";"";"";"";"";"";"";"";"";"";"";"Agri, Food and Life Sciences (AFL)";"Vrouw";"25";"Delft";"4";"0";"Mbo";"Bij mijn ouder(s)/verzorger(s)"
"3";"4";"3";"4";"2";"3";"4";"1,0";"1,0";"1,0";"3";"5";"";"";"3";"4";"1";"4";"3";"";"2";"2,2";"3,4";"2,33";"5,0";"3,67";"3,67";"2,33";"5,0";"2,33";"5,0";"3,4";"25";"4,2";"1";"5,0";"1,0";"3,0";"3,0";"3,0";"5,0";"1,0";"1,0";"1,0";"3,0";"3";"4";"3";"5";"4";"4";"4";"2";"5";"5";"2";"5";"2";"4";"3";"2";"3";"4";"1";"4";"1,0";"4";"3";"3";"4";"3";"2";"4";"2";"4";"2";"4";"4";"4";"2";"4";"4";"2";"3";"4";"3";"3";"4";"3";"3";"Techniek, Ontwerpen en Informatica (TOI)";"Man";"32";"Alkmaar";"5 of hoger";"0";"Mbo";"Met een of enkele huisgenoten / vrienden (geen relatie)"
"2";"3";"2";"1";"1";"4";"4";"2,6";"1,0";"3,4";"1";"2";"2";"4";"5";"1";"5";"1";"2";"1";"1";"4,2";"4,6";"1,0";"1,0";"3,67";"2,33";"1,0";"3,67";"1,0";"1,0";"3,48";"25";"1,0";"0";"1,0";"1,0";"1,0";"5,0";"3,0";"3,0";"1,0";"1,0";"1,0";"1,0";"1";"2";"4";"1";"3";"2";"5";"1";"2";"2";"2";"4";"2";"3";"4";"5";"1";"2";"1";"3";"3,8";"4";"1";"1";"3";"1";"1";"2";"1";"4";"4";"1";"1";"1";"4";"1";"3";"1";"4";"3";"5";"4";"5";"1";"1";"Business, Finance and Law (BFL)";"Vrouw";"19";"Rotterdam";"1";"0";"Havo";"Bij mijn ouder(s)/verzorger(s)"
"2";"3";"3";"4";"4";"4";"4";"2,2";"4,2";"3,8";"4";"4";"5";"3";"4";"4";"3";"4";"4";"2";"2";"2,6";"3,4";"2,33";"5,0";"5,0";"3,67";"3,67";"3,67";"2,33";"3,67";"3,92";"25";"1,0";"0";"1,0";"1,0";"5,0";"5,0";"5,0";"5,0";"5,0";"1,0";"1,0";"1,0";"4";"4";"3";"4";"3";"3";"2";"2";"3";"3";"1";"5";"1";"1";"4";"4";"3";"3";"1";"1";"1,8";"4";"2";"3";"4";"4";"4";"5";"3";"3";"2";"4";"4";"4";"1";"5";"3";"4";"4";"4";"3";"3";"4";"2";"3";"Creative Business (CB)";"Anders";"20";"Haarlem";"2";"0";"Havo";"Bij mijn ouder(s)/verzorger(s)"
"2";"3";"3";"3";"1";"2";"5";"4,2";"1,4";"3,0";"1";"1";"1";"1";"1";"1";"1";"1";"1";"1";"3";"2,6";"3,4";"1,0";"1,0";"1,0";"5,0";"1,0";"2,33";"2,33";"2,33";"3,6";"24";"1,0";"1";"1,0";"1,0";"1,0";"1,0";"5,0";"5,0";"1,0";"1,0";"1,0";"1,0";"2";"4";"4";"2";"2";"5";"3";"3";"3";"3";"3";"3";"3";"3";"1";"1";"1";"2";"";"4";"1,96";"";"";"";"";"";"";"";"";"";"";"";"";"";"";"";"";"";"";"";"";"";"";"";"";"Gezondheid, Sport en Welzijn (GSW)";"Man";"18";"Alkmaar";"1";"0";"Havo";"Bij mijn ouder(s)/verzorger(s)"
"2";"2";"2";"3";"3";"1";"3";"5,0";"3,8";"2,2";"";"4";"";"";"5";"4";"";"3";"4";"4";"4";"3,8";"4,2";"1,0";"2,33";"2,33";"3,67";"2,33";"2,33";"1,0";"2,33";"4,28";"24";"2,6";"0";"1,0";"1,0";"1,0";"1,0";"1,0";"1,0";"1,0";"1,0";"1,0";"1,0";"5";"4";"4";"4";"2";"2";"4";"4";"3";"3";"2";"5";"4";"3";"4";"1";"1";"1";"1";"3";"2,6";"";"";"";"";"";"";"";"";"";"";"";"";"";"";"";"";"";"";"";"";"";"";"";"";"Onderwijs en Innovatie (ONI)";"Man";"21";"Den Haag";"2";"0";"Havo";"Bij mijn ouder(s)/verzorger(s)"
"2";"4";"3";"3";"1";"2";"3";"3,8";"3,8";"3,4";"3";"3";"4";"5";"5";"5";"";"2";"5";"1";"4";"4,2";"3,8";"1,0";"1,0";"2,33";"2,33";"1,0";"2,33";"1,0";"2,33";"3,2";"24";"3,4";"0";"3,0";"1,0";"1,0";"3,0";"3,0";"5,0";"3,0";"3,0";"1,0";"1,0";"3";"5";"4";"4";"4";"4";"4";"4";"4";"4";"2";"4";"2";"3";"4";"5";"1";"1";"1";"5";"2,2";"4";"1";"4";"1";"1";"2";"5";"4";"2";"3";"4";"2";"3";"3";"2";"4";"4";"4";"3";"4";"3";"4";"2";"2";"Business, Finance and Law (BFL)";"Man";"20";"Rotterdam";"2";"0";"Havo";"Bij mijn ouder(s)/verzorger(s)"
"3";"4";"3";"3";"4";"4";"3";"3,4";"4,2";"3,4";"4";"2";"2";"3";"2";"2";"3";"2";"3";"2";"4";"3,8";"4,2";"3,67";"3,67";"1,0";"3,67";"2,33";"3,67";"3,67";"3,67";"3,44";"24";"1,0";"0";"1,0";"1,0";"1,0";"3,0";"1,0";"3,0";"1,0";"1,0";"3,0";"1,0";"3";"4";"3";"4";"4";"4";"3";"2";"3";"3";"1";"4";"1";"3";"1";"1";"1";"1";"1";"2";"1,8";"";"";"";"";"";"";"";"";"";"";"";"";"";"";"";"";"";"";"";"";"";"";"";"";"Business, Finance and Law (BFL)";"Vrouw";"22";"Rotterdam";"2";"0";"Havo";"Bij mijn ouder(s)/verzorger(s)"
"3";"4";"4";"5";"4";"4";"4";"3,8";"4,2";"3,8";"3";"1";"";"5";"";"3";"5";"";"3";"5";"3";"2,6";"4,2";"3,67";"3,67";"5,0";"3,67";"3,67";"3,67";"3,67";"3,67";"3,52";"24";"5,0";"0";"3,0";"3,0";"3,0";"3,0";"1,0";"5,0";"3,0";"3,0";"1,0";"1,0";"4";"3";"4";"2";"3";"3";"4";"4";"4";"2";"1";"5";"1";"1";"3";"1";"1";"1";"1";"1";"2,2";"";"";"";"";"";"";"";"";"";"";"";"";"";"";"";"";"";"";"";"";"";"";"";"";"Techniek, Ontwerpen en Informatica (TOI)";"Man";"23";"Delft";"2";"1";"Ik heb een buitenlandse vooropleiding afgerond (bv. A-levels)";"Alleen"
"1";"3";"3";"4";"1";"5";"5";"1,0";"1,0";"3,0";"2";"1";"1";"1";"2";"1";"3";"1";"1";"3";"3";"2,6";"3,4";"2,33";"3,67";"1,0";"2,33";"2,33";"3,67";"1,0";"5,0";"3,92";"24";"3,4";"1";"5,0";"1,0";"5,0";"3,0";"1,0";"3,0";"3,0";"3,0";"3,0";"3,0";"1";"2";"5";"2";"3";"5";"2";"1";"3";"1";"1";"3";"1";"3";"1";"1";"1";"1";"1";"3";"1,4";"5";"4";"3";"4";"2";"1";"1";"3";"4";"1";"3";"2";"3";"4";"3";"4";"3";"2";"2";"4";"4";"5";"3";"3";"Techniek, Ontwerpen en Informatica (TOI)";"Vrouw";"19";"Delft";"2";"0";"Havo";"Alleen"
"4";"4";"5";"2";"1";"3";"3";"3,8";"2,6";"4,2";"4";"4";"4";"3";"4";"5";"3";"4";"5";"5";"3";"4,6";"3,8";"2,33";"2,33";"2,33";"2,33";"2,33";"3,67";"2,33";"3,67";"3,88";"24";"2,6";"0";"1,0";"1,0";"1,0";"3,0";"3,0";"3,0";"3,0";"3,0";"3,0";"3,0";"3";"4";"2";"4";"4";"3";"5";"3";"4";"3";"2";"5";"4";"4";"3";"1";"5";"1";"1";"4";"2,6";"";"";"";"";"";"";"";"";"";"";"";"";"";"";"";"";"";"";"";"";"";"";"";"";"Business, Finance and Law (BFL)";"Vrouw";"19";"Rotterdam";"3";"0";"Havo";"Bij mijn ouder(s)/verzorger(s)"
"3";"2";"2";"3";"3";"2";"4";"2,2";"2,6";"2,2";"3";"4";"2";"2";"1";"1";"2";"1";"2";"1";"3";"2,2";"3,8";"2,33";"3,67";"3,67";"5,0";"1,0";"3,67";"1,0";"3,67";"3,4";"24";"2,6";"0";"1,0";"1,0";"1,0";"3,0";"1,0";"3,0";"1,0";"1,0";"1,0";"1,0";"3";"4";"3";"4";"3";"3";"2";"3";"2";"1";"1";"4";"2";"2";"3";"1";"1";"1";"1";"4";"1,4";"3";"3";"2";"2";"3";"2";"4";"2";"3";"3";"3";"3";"3";"3";"3";"2";"2";"4";"3";"3";"3";"4";"3";"3";"Techniek, Ontwerpen en Informatica (TOI)";"Man";"23";"Haarlem";"4";"0";"Vwo";"Bij mijn ouder(s)/verzorger(s)"
"4";"5";"5";"3";"3";"4";"2";"4,2";"4,2";"3,8";"1";"4";"1";"3";"3";"3";"1";"3";"4";"3";"4";"3,4";"4,2";"2,33";"3,67";"3,67";"3,67";"2,33";"3,67";"2,33";"3,67";"3,4";"24";"3,4";"0";"3,0";"1,0";"5,0";"3,0";"1,0";"5,0";"1,0";"1,0";"1,0";"1,0";"4";"3";"4";"5";"5";"4";"4";"3";"5";"5";"2";"4";"4";"5";"2";"2";"3";"1";"1";"4";"3,4";"4";"3";"2";"3";"3";"2";"4";"3";"4";"2";"4";"5";"5";"2";"4";"4";"4";"3";"3";"4";"5";"4";"2";"2";"Business, Finance and Law (BFL)";"Vrouw";"21";"Rotterdam";"4";"0";"Havo";"Bij mijn ouder(s)/verzorger(s)"
"1";"2";"2";"4";"3";"2";"5";"1,0";"3,4";"1,8";"2";"3";"3";"4";"4";"4";"2";"2";"4";"1";"4";"3,8";"3,4";"3,67";"5,0";"1,0";"3,67";"3,67";"3,67";"2,33";"5,0";"3,84";"24";"2,6";"0";"3,0";"3,0";"3,0";"5,0";"5,0";"5,0";"5,0";"1,0";"1,0";"1,0";"3";"5";"2";"4";"3";"2";"3";"1";"2";"1";"1";"5";"4";"4";"2";"1";"2";"1";"1";"1";"1,72";"4";"4";"2";"4";"3";"1";"1";"3";"4";"4";"2";"2";"3";"3";"2";"2";"1";"4";"3";"3";"3";"3";"2";"2";"Business, Finance and Law (BFL)";"Man";"21";"Rotterdam";"2";"0";"Havo";"Anders"
"1";"2";"1";"4";"4";"4";"5";"1,0";"3,8";"1,4";"2";"4";"2";"3";"3";"3";"";"4";"5";"2";"4";"3,8";"3,4";"3,67";"5,0";"5,0";"5,0";"5,0";"3,67";"2,33";"5,0";"3,92";"24";"2,6";"0";"3,0";"3,0";"3,0";"5,0";"3,0";"5,0";"5,0";"1,0";"1,0";"1,0";"2";"5";"2";"4";"2";"1";"3";"1";"4";"2";"1";"4";"3";"3";"1";"1";"2";"1";"1";"2";"1,64";"2";"3";"1";"4";"3";"1";"1";"3";"3";"4";"2";"2";"2";"4";"3";"2";"2";"1";"2";"2";"3";"3";"3";"2";"Business, Finance and Law (BFL)";"Man";"21";"Rotterdam";"2";"0";"Havo";"Anders"
"1";"2";"1";"4";"3";"3";"5";"1,0";"3,8";"1,4";"3";"3";"2";"3";"4";"4";"";"3";"3";"2";"4";"3,8";"3,4";"5,0";"5,0";"5,0";"3,67";"3,67";"2,33";"2,33";"5,0";"4,12";"24";"2,6";"0";"3,0";"3,0";"3,0";"5,0";"3,0";"5,0";"5,0";"1,0";"1,0";"1,0";"3";"5";"2";"4";"2";"1";"2";"2";"3";"3";"1";"4";"2";"3";"1";"1";"1";"1";"1";"2";"1,64";"2";"4";"1";"4";"3";"1";"1";"2";"2";"4";"2";"2";"2";"4";"3";"2";"2";"3";"3";"3";"3";"3";"2";"4";"Business, Finance and Law (BFL)";"Man";"21";"Rotterdam";"2";"0";"Havo";"Anders"
"2";"2";"2";"4";"4";"4";"4";"1,4";"1,8";"1,8";"";"4";"";"";"";"4";"";"4";"4";"";"4";"3,8";"4,2";"3,67";"3,67";"3,67";"3,67";"2,33";"3,67";"3,67";"3,67";"3,56";"24";"5,0";"1";"5,0";"1,0";"1,0";"5,0";"1,0";"5,0";"1,0";"1,0";"5,0";"1,0";"4";"2";"4";"4";"2";"2";"2";"3";"2";"1";"3";"4";"2";"3";"1";"1";"1";"1";"";"4";"2,6";"5";"3";"3";"4";"1";"4";"5";"4";"2";"3";"3";"3";"3";"3";"3";"1";"2";"3";"3";"3";"3";"3";"3";"4";"Onderwijs en Innovatie (ONI)";"Vrouw";"46";"Rotterdam";"5 of hoger";"0";"Anders, namelijk (vul in):";"Met mijn partner / een relatie"
"3";"4";"3";"2";"1";"3";"2";"3,4";"2,2";"3,8";"1";"2";"2";"5";"5";"5";"3";"3";"3";"3";"3";"4,2";"2,2";"1,0";"1,0";"2,33";"2,33";"1,0";"2,33";"1,0";"2,33";"3,6";"23";"1,0";"0";"1,0";"1,0";"1,0";"1,0";"1,0";"3,0";"1,0";"1,0";"1,0";"1,0";"2";"5";"4";"4";"4";"3";"2";"2";"2";"1";"1";"4";"2";"4";"3";"1";"5";"1";"1";"5";"1,0";"2";"3";"1";"3";"1";"1";"4";"2";"3";"4";"2";"2";"2";"5";"2";"4";"3";"4";"3";"4";"3";"4";"4";"4";"Verloskunde Academie";"Vrouw";"18";"Amsterdam";"1";"0";"Mbo";"Bij mijn ouder(s)/verzorger(s)"
"1";"3";"3";"4";"3";"3";"4";"3,0";"4,2";"3,4";"";"1";"1";"3";"4";"4";"5";"";"2";"3";"4";"3,4";"4,2";"2,33";"2,33";"1,0";"2,33";"1,0";"3,67";"2,33";"2,33";"3,68";"23";"2,6";"1";"5,0";"1,0";"1,0";"1,0";"1,0";"5,0";"1,0";"1,0";"3,0";"1,0";"4";"3";"4";"5";"4";"4";"3";"4";"4";"5";"3";"5";"2";"4";"4";"4";"3";"3";"1";"5";"2,2";"5";"3";"2";"3";"4";"3";"5";"4";"2";"3";"4";"4";"4";"2";"4";"4";"4";"4";"3";"3";"3";"2";"4";"4";"Gezondheid, Sport en Welzijn (GSW)";"Vrouw";"19";"Haarlem";"2";"0";"Havo";"Bij mijn ouder(s)/verzorger(s)"
"2";"3";"3";"3";"1";"3";"1";"3,4";"3,4";"3,4";"2";"2";"";"";"";"3";"1";"1";"2";"3";"5";"4,2";"3,8";"2,33";"2,33";"1,0";"2,33";"2,33";"2,33";"1,0";"3,67";"4,2";"23";"2,6";"0";"1,0";"1,0";"1,0";"1,0";"1,0";"3,0";"1,0";"1,0";"1,0";"1,0";"4";"1";"4";"2";"4";"4";"4";"4";"4";"4";"3";"3";"4";"4";"3";"1";"2";"1";"1";"3";"2,6";"3";"1";"2";"3";"1";"1";"5";"2";"4";"4";"2";"2";"2";"4";"2";"4";"4";"3";"3";"4";"3";"4";"2";"2";"Onderwijs en Innovatie (ONI)";"Vrouw";"22";"Rotterdam";"3";"0";"Vwo";"Met een of enkele huisgenoten / vrienden (geen relatie)"
"2";"3";"2";"4";"4";"3";"4";"1,8";"4,2";"2,2";"2";"2";"1";"";"";"2";"3";"1";"4";"2";"2";"2,2";"3,4";"3,67";"5,0";"1,0";"3,67";"5,0";"5,0";"2,33";"3,67";"3,8";"23";"3,4";"1";"5,0";"1,0";"3,0";"3,0";"1,0";"5,0";"1,0";"1,0";"1,0";"1,0";"3";"4";"5";"4";"3";"3";"3";"2";"4";"2";"2";"5";"2";"4";"1";"1";"1";"1";"1";"1";"1,96";"5";"4";"2";"2";"4";"1";"5";"4";"4";"2";"4";"5";"4";"2";"4";"4";"2";"3";"5";"4";"4";"4";"3";"3";"Gezondheid, Sport en Welzijn (GSW)";"Man";"21";"Rotterdam";"1";"0";"Havo";"Bij mijn ouder(s)/verzorger(s)"
"3";"4";"4";"3";"2";"3";"2";"4,6";"3,4";"4,6";"4";"3";"4";"4";"5";"3";"4";"3";"2";"4";"5";"3,4";"3,8";"1,0";"1,0";"1,0";"3,67";"1,0";"2,33";"1,0";"2,33";"3,96";"23";"1,0";"0";"1,0";"1,0";"1,0";"3,0";"1,0";"3,0";"1,0";"1,0";"1,0";"1,0";"4";"5";"3";"4";"5";"5";"4";"5";"4";"4";"3";"4";"3";"4";"2";"3";"3";"1";"1";"4";"1,72";"2";"3";"2";"2";"5";"1";"4";"4";"2";"4";"2";"2";"2";"3";"2";"5";"3";"4";"4";"3";"3";"5";"4";"5";"Gezondheid, Sport en Welzijn (GSW)";"Vrouw";"20";"Amsterdam";"2";"0";"Havo";"Bij mijn ouder(s)/verzorger(s)"
"3";"3";"3";"2";"1";"3";"4";"2,6";"2,6";"3,4";"4";"2";"1";"1";"4";"3";"1";"2";"4";"2";"2";"2,6";"3,4";"1,0";"2,33";"5,0";"2,33";"2,33";"3,67";"1,0";"2,33";"3,4";"23";"2,6";"0";"1,0";"1,0";"1,0";"3,0";"1,0";"3,0";"1,0";"1,0";"1,0";"1,0";"3";"3";"4";"5";"3";"3";"1";"1";"1";"1";"2";"4";"4";"4";"2";"4";"2";"1";"1";"4";"2,28";"";"";"";"";"";"";"";"";"";"";"";"";"";"";"";"";"";"";"";"";"";"";"";"";"Business, Finance and Law (BFL)";"Vrouw";"21";"Rotterdam";"2";"0";"Vwo";"Bij mijn ouder(s)/verzorger(s)"
"3";"4";"2";"3";"2";"3";"3";"3,8";"3,0";"3,8";"3";"3";"3";"4";"4";"3";"3";"3";"2";"2";"4";"3,8";"4,2";"2,33";"1,0";"2,33";"2,33";"1,0";"2,33";"1,0";"3,67";"3,68";"23";"2,6";"0";"1,0";"1,0";"1,0";"3,0";"1,0";"3,0";"3,0";"1,0";"3,0";"1,0";"4";"4";"3";"4";"4";"4";"4";"4";"4";"4";"3";"4";"3";"4";"3";"2";"4";"3";"1";"4";"1,96";"";"";"";"";"";"";"";"";"";"";"";"";"";"";"";"";"";"";"";"";"";"";"";"";"Business, Finance and Law (BFL)";"Man";"21";"Rotterdam";"4";"0";"Havo";"Bij mijn ouder(s)/verzorger(s)"
"2";"4";"3";"2";"3";"4";"3";"3,8";"4,2";"3,8";"2";"4";"4";"5";"4";"2";"3";"4";"5";"1";"4";"3,4";"4,2";"3,67";"2,33";"1,0";"3,67";"2,33";"3,67";"3,67";"3,67";"3,84";"23";"1,0";"0";"1,0";"1,0";"1,0";"5,0";"1,0";"5,0";"1,0";"1,0";"5,0";"1,0";"3";"2";"3";"4";"4";"4";"4";"4";"3";"2";"2";"4";"2";"3";"2";"1";"1";"1";"1";"5";"2,6";"2";"2";"3";"1";"2";"2";"3";"2";"2";"2";"4";"4";"4";"2";"4";"3";"2";"4";"3";"3";"2";"2";"2";"2";"Gezondheid, Sport en Welzijn (GSW)";"Vrouw";"23";"Haarlem";"2";"0";"Mbo";"Bij mijn ouder(s)/verzorger(s)"
"4";"4";"4";"3";"2";"4";"2";"4,6";"3,0";"3,8";"";"";"2";"2";"4";"3";"2";"3";"2";"3";"4";"4,6";"4,2";"1,0";"1,0";"2,33";"1,0";"1,0";"2,33";"1,0";"1,0";"4,12";"22";"1,0";"0";"1,0";"1,0";"1,0";"1,0";"1,0";"3,0";"1,0";"1,0";"1,0";"1,0";"3";"5";"2";"4";"4";"4";"4";"3";"4";"2";"3";"4";"3";"4";"3";"3";"1";"1";"1";"3";"3,56";"";"";"";"";"";"";"";"";"";"";"";"";"";"";"";"";"";"";"";"";"";"";"";"";"Gezondheid, Sport en Welzijn (GSW)";"Man";"21";"Haarlem";"1";"0";"Havo";"Bij mijn ouder(s)/verzorger(s)"
"3";"4";"4";"3";"2";"2";"3";"3,4";"2,6";"4,2";"3";"4";"2";"2";"4";"3";"2";"4";"5";"1";"4";"3,4";"3,8";"2,33";"3,67";"2,33";"3,67";"2,33";"3,67";"2,33";"3,67";"3,52";"22";"2,6";"0";"1,0";"1,0";"5,0";"1,0";"1,0";"3,0";"1,0";"1,0";"1,0";"1,0";"4";"4";"3";"4";"4";"4";"4";"4";"4";"4";"5";"5";"3";"3";"5";"5";"2";"2";"1";"3";"1,32";"4";"3";"2";"2";"5";"1";"3";"4";"4";"3";"4";"3";"2";"3";"3";"3";"3";"4";"4";"4";"4";"4";"4";"4";"Gezondheid, Sport en Welzijn (GSW)";"Man";"19";"Haarlem";"3";"0";"Havo";"Bij mijn ouder(s)/verzorger(s)"
"2";"4";"3";"3";"2";"2";"2";"3,8";"2,6";"3,4";"2";"2";"";"2";"3";"3";"2";"2";"1";"3";"4";"3,8";"4,2";"2,33";"2,33";"2,33";"3,67";"1,0";"2,33";"1,0";"1,0";"4,32";"22";"1,0";"0";"1,0";"1,0";"1,0";"3,0";"1,0";"3,0";"1,0";"1,0";"1,0";"1,0";"4";"5";"2";"4";"4";"4";"4";"4";"4";"3";"3";"4";"3";"4";"3";"2";"1";"1";"1";"4";"3,88";"";"";"";"";"";"";"";"";"";"";"";"";"";"";"";"";"";"";"";"";"";"";"";"";"Gezondheid, Sport en Welzijn (GSW)";"Vrouw";"21";"Haarlem";"1";"0";"Vwo";"Alleen"
"3";"4";"4";"2";"2";"2";"3";"4,2";"2,6";"4,2";"2";"3";"2";"3";"5";"4";"3";"3";"4";"5";"3";"3,8";"3,8";"1,0";"2,33";"2,33";"2,33";"1,0";"1,0";"1,0";"2,33";"4,0";"22";"2,6";"0";"1,0";"1,0";"1,0";"3,0";"3,0";"3,0";"1,0";"1,0";"1,0";"1,0";"4";"5";"2";"4";"4";"4";"4";"4";"4";"4";"2";"3";"3";"3";"3";"2";"1";"3";"1";"2";"";"";"";"";"";"";"";"";"";"";"";"";"";"";"";"";"";"";"";"";"";"";"";"";"";"Gezondheid, Sport en Welzijn (GSW)";"Man";"18";"Haarlem";"1";"0";"Havo";"Bij mijn ouder(s)/verzorger(s)"
"2";"2";"2";"4";"3";"3";"4";"3,4";"3,8";"2,6";"4";"5";"4";"5";"5";"4";"";"2";"4";"3";"4";"3,4";"4,2";"2,33";"3,67";"3,67";"3,67";"1,0";"3,67";"2,33";"3,67";"3,8";"22";"1,8";"1";"1,0";"1,0";"3,0";"3,0";"3,0";"5,0";"1,0";"1,0";"1,0";"1,0";"4";"4";"3";"5";"2";"2";"1";"1";"1";"1";"3";"5";"4";"2";"4";"3";"4";"3";"1";"2";"3,8";"3";"3";"4";"3";"5";"4";"5";"4";"3";"2";"5";"4";"4";"2";"4";"4";"3";"2";"3";"3";"4";"2";"2";"3";"Creative Business (CB)";"Vrouw";"24";"Amsterdam";"2";"0";"Havo";"Bij mijn ouder(s)/verzorger(s)"
"3";"4";"3";"4";"5";"5";"5";"3,0";"4,2";"3,4";"4";"2";"3";"4";"4";"5";"5";"5";"4";"3";"5";"3,0";"2,2";"3,67";"5,0";"5,0";"3,67";"3,67";"3,67";"5,0";"5,0";"3,96";"22";"1,8";"0";"3,0";"5,0";"3,0";"3,0";"3,0";"5,0";"1,0";"1,0";"1,0";"1,0";"3";"1";"5";"4";"4";"3";"3";"3";"4";"4";"4";"4";"3";"4";"3";"1";"2";"2";"1";"";"2,76";"4";"3";"5";"5";"5";"2";"5";"4";"4";"2";"4";"5";"5";"1";"4";"3";"1";"4";"5";"3";"3";"4";"2";"3";"Gezondheid, Sport en Welzijn (GSW)";"Vrouw";"23";"Alkmaar";"2";"0";"Havo";"Anders"
"4";"3";"2";"1";"1";"1";"2";"4,2";"2,2";"3,4";"1";"3";"1";"4";"4";"3";"3";"1";"3";"1";"2";"4,2";"3,4";"1,0";"1,0";"2,33";"1,0";"1,0";"1,0";"2,33";"1,0";"3,6";"22";"2,6";"0";"1,0";"1,0";"1,0";"3,0";"1,0";"3,0";"3,0";"1,0";"1,0";"1,0";"3";"4";"2";"4";"3";"5";"3";"3";"4";"5";"3";"5";"1";"4";"3";"1";"1";"3";"1";"5";"1,96";"3";"1";"3";"1";"4";"2";"3";"2";"4";"5";"3";"1";"3";"4";"1";"4";"4";"3";"3";"4";"3";"5";"3";"4";"Business, Finance and Law (BFL)";"Man";"20";"Alkmaar";"4";"0";"Havo";"Bij mijn ouder(s)/verzorger(s)"
"3";"4";"4";"4";"4";"3";"3";"4,2";"4,6";"3,4";"3";"3";"2";"3";"4";"3";"3";"3";"4";"2";"3";"3,0";"3,4";"5,0";"2,33";"3,67";"3,67";"3,67";"3,67";"3,67";"2,33";"3,2";"22";"2,6";"0";"5,0";"1,0";"5,0";"5,0";"1,0";"5,0";"1,0";"3,0";"1,0";"1,0";"4";"4";"4";"5";"5";"5";"4";"4";"4";"4";"3";"5";"4";"3";"4";"5";"4";"3";"1";"2";"1,56";"5";"4";"4";"3";"4";"3";"4";"5";"3";"2";"3";"4";"4";"2";"4";"5";"1";"4";"3";"3";"3";"2";"2";"3";"Business, Finance and Law (BFL)";"Vrouw";"17";"Rotterdam";"1";"0";"Havo";"Bij mijn ouder(s)/verzorger(s)"
"2";"4";"2";"3";"3";"4";"5";"3,4";"3,8";"3,0";"3";"2";"2";"2";"3";"3";"4";"4";"2";"3";"3";"2,6";"3,8";"3,67";"2,33";"3,67";"3,67";"5,0";"3,67";"5,0";"5,0";"4,0";"21";"1,8";"0";"5,0";"1,0";"5,0";"1,0";"1,0";"1,0";"1,0";"1,0";"1,0";"1,0";"3";"2";"3";"4";"4";"3";"3";"3";"4";"1";"1";"2";"2";"1";"2";"1";"1";"2";"1";"3";"1,4";"4";"4";"3";"3";"3";"4";"4";"3";"4";"2";"5";"5";"5";"4";"3";"4";"3";"3";"3";"4";"4";"3";"2";"3";"Gezondheid, Sport en Welzijn (GSW)";"Anders";"20";"Amsterdam";"1";"0";"Havo";"Bij mijn ouder(s)/verzorger(s)"
"2";"5";"3";"1";"1";"2";"1";"5,0";"3,8";"5,0";"4";"1";"1";"1";"1";"1";"3";"3";"3";"3";"2";"3,4";"4,2";"2,33";"3,67";"5,0";"3,67";"2,33";"3,67";"3,67";"3,67";"3,0";"21";"3,4";"0";"3,0";"3,0";"3,0";"1,0";"1,0";"5,0";"1,0";"1,0";"1,0";"1,0";"2";"4";"5";"5";"5";"4";"3";"2";"3";"4";"3";"4";"4";"5";"2";"1";"1";"1";"1";"4";"3,8";"";"";"";"";"";"";"";"";"";"";"";"";"";"";"";"";"";"";"";"";"";"";"";"";"Techniek, Ontwerpen en Informatica (TOI)";"Man";"30";"Delft";"1";"0";"Havo";"Alleen"
"3";"4";"4";"2";"3";"3";"3";"4,6";"3,4";"4,6";"3";"3";"3";"4";"4";"3";"3";"3";"3";"3";"4";"4,2";"3,8";"1,0";"2,33";"2,33";"1,0";"1,0";"1,0";"2,33";"2,33";"4,44";"21";"1,0";"0";"1,0";"1,0";"1,0";"3,0";"1,0";"3,0";"1,0";"1,0";"1,0";"1,0";"5";"5";"3";"5";"5";"4";"4";"4";"4";"4";"3";"5";"3";"5";"3";"1";"1";"1";"1";"4";"2,6";"1";"1";"1";"1";"1";"1";"2";"2";"2";"3";"3";"4";"4";"2";"4";"4";"3";"5";"4";"4";"4";"3";"3";"3";"Gezondheid, Sport en Welzijn (GSW)";"Vrouw";"21";"Amsterdam";"1";"0";"Mbo";"Alleen"
"2";"4";"3";"3";"5";"2";"5";"3,8";"3,8";"4,2";"3";"3";"3";"4";"4";"3";"5";"3";"3";"3";"4";"4,2";"3,8";"2,33";"1,0";"2,33";"1,0";"1,0";"1,0";"2,33";"2,33";"3,68";"21";"1,0";"0";"1,0";"1,0";"1,0";"3,0";"1,0";"1,0";"1,0";"1,0";"1,0";"1,0";"4";"5";"3";"4";"4";"4";"4";"3";"4";"4";"4";"4";"3";"3";"3";"1";"2";"2";"1";"4";"2,2";"";"";"";"";"";"";"";"";"";"";"";"";"";"";"";"";"";"";"";"";"";"";"";"";"Gezondheid, Sport en Welzijn (GSW)";"Vrouw";"17";"Amsterdam";"1";"0";"Havo";"Bij mijn ouder(s)/verzorger(s)"
"2";"3";"3";"3";"3";"3";"3";"3,0";"3,0";"3,4";"2";"2";"2";"4";"3";"3";"4";"2";"4";"2";"3";"3,4";"4,2";"2,33";"2,33";"2,33";"3,67";"1,0";"2,33";"2,33";"2,33";"4,0";"21";"4,2";"1";"3,0";"1,0";"3,0";"3,0";"1,0";"3,0";"3,0";"1,0";"1,0";"1,0";"3";"4";"3";"4";"4";"3";"3";"4";"3";"4";"2";"4";"2";"2";"1";"1";"1";"1";"1";"3";"1,96";"";"";"";"";"";"";"";"";"";"";"";"";"";"";"";"";"";"";"";"";"";"";"";"";"Onderwijs en Innovatie (ONI)";"Vrouw";"21";"Amsterdam";"1";"0";"Havo";"Bij mijn ouder(s)/verzorger(s)"
"2";"4";"3";"3";"4";"4";"4";"3,8";"3,0";"3,4";"2";"1";"1";"2";"2";"3";"2";"1";"3";"2";"3";"3,8";"3,8";"1,0";"2,33";"1,0";"2,33";"1,0";"2,33";"1,0";"2,33";"4,36";"21";"1,0";"0";"1,0";"1,0";"1,0";"3,0";"1,0";"3,0";"1,0";"1,0";"1,0";"1,0";"3";"4";"4";"4";"4";"5";"4";"4";"5";"4";"4";"4";"4";"5";"4";"4";"1";"2";"1";"4";"2,2";"2";"2";"3";"3";"4";"3";"3";"3";"3";"2";"3";"4";"4";"3";"3";"4";"2";"5";"4";"5";"3";"4";"2";"2";"Gezondheid, Sport en Welzijn (GSW)";"Vrouw";"20";"Amsterdam";"1";"0";"Havo";"Bij mijn ouder(s)/verzorger(s)"
"2";"3";"2";"4";"3";"2";"4";"3,0";"3,8";"3,4";"2";"2";"1";"3";"3";"3";"2";"3";"2";"4";"4";"3,4";"3,4";"2,33";"2,33";"2,33";"3,67";"2,33";"3,67";"2,33";"3,67";"4,64";"21";"1,0";"1";"1,0";"1,0";"5,0";"3,0";"5,0";"3,0";"3,0";"1,0";"1,0";"1,0";"3";"5";"5";"5";"4";"4";"4";"4";"4";"2";"4";"5";"4";"4";"3";"3";"2";"3";"";"4";"2,04";"2";"4";"2";"2";"2";"3";"4";"3";"4";"4";"3";"4";"4";"3";"3";"4";"2";"4";"4";"4";"4";"4";"4";"3";"Gezondheid, Sport en Welzijn (GSW)";"Vrouw";"18";"Amsterdam";"1";"0";"Havo";"Bij mijn ouder(s)/verzorger(s)"
"3";"4";"3";"3";"3";"2";"2";"4,2";"2,6";"3,8";"2";"3";"";"3";"3";"3";"4";"3";"4";"3";"4";"3,8";"3,4";"2,33";"2,33";"2,33";"2,33";"1,0";"2,33";"2,33";"1,0";"4,2";"21";"1,0";"0";"1,0";"1,0";"1,0";"3,0";"1,0";"3,0";"3,0";"1,0";"1,0";"1,0";"4";"4";"3";"4";"4";"4";"4";"3";"4";"4";"3";"5";"3";"4";"3";"2";"1";"3";"1";"3";"1,96";"3";"1";"2";"3";"3";"2";"4";"3";"2";"3";"4";"2";"4";"3";"2";"4";"3";"4";"3";"3";"3";"3";"2";"2";"Gezondheid, Sport en Welzijn (GSW)";"Vrouw";"22";"Amsterdam";"1";"0";"Vwo";"Bij mijn ouder(s)/verzorger(s)"
"3";"4";"4";"2";"1";"2";"2";"4,2";"3,4";"4,2";"3";"3";"2";"2";"2";"2";"2";"2";"3";"3";"4";"4,2";"3,4";"2,33";"2,33";"2,33";"2,33";"1,0";"2,33";"2,33";"1,0";"4,32";"21";"1,0";"0";"3,0";"1,0";"1,0";"3,0";"3,0";"3,0";"1,0";"1,0";"1,0";"1,0";"4";"5";"2";"5";"4";"4";"4";"3";"4";"4";"4";"4";"4";"4";"4";"4";"4";"4";"1";"3";"1,96";"";"";"";"";"";"";"";"";"";"";"";"";"";"";"";"";"";"";"";"";"";"";"";"";"Gezondheid, Sport en Welzijn (GSW)";"Vrouw";"18";"Amsterdam";"1";"0";"Havo";"Bij mijn ouder(s)/verzorger(s)"
"3";"4";"3";"3";"4";"2";"3";"4,2";"3,8";"4,2";"2";"";"";"";"";"";"";"2";"2";"";"4";"4,2";"3,8";"1,0";"2,33";"3,67";"2,33";"2,33";"2,33";"2,33";"2,33";"3,8";"21";"1,0";"0";"1,0";"1,0";"1,0";"3,0";"1,0";"3,0";"1,0";"1,0";"1,0";"1,0";"5";"4";"2";"4";"4";"4";"5";"4";"4";"4";"5";"5";"4";"4";"2";"1";"1";"1";"1";"3";"2,6";"";"";"";"";"";"";"";"";"";"";"";"";"";"";"";"";"";"";"";"";"";"";"";"";"Gezondheid, Sport en Welzijn (GSW)";"Vrouw";"22";"Amsterdam";"1";"0";"Havo";"Bij mijn ouder(s)/verzorger(s)"
"2";"4";"4";"3";"2";"4";"3";"3,8";"3,0";"3,4";"2";"3";"2";"4";"3";"4";"2";"2";"2";"3";"2";"4,2";"3,8";"2,33";"2,33";"2,33";"2,33";"1,0";"2,33";"2,33";"2,33";"4,2";"21";"1,0";"0";"3,0";"1,0";"1,0";"3,0";"1,0";"3,0";"1,0";"1,0";"1,0";"1,0";"3";"4";"3";"4";"4";"4";"2";"3";"2";"3";"4";"5";"4";"4";"3";"1";"1";"1";"1";"3";"3,08";"";"";"";"";"";"";"";"";"";"";"";"";"";"";"";"";"";"";"";"";"";"";"";"";"Gezondheid, Sport en Welzijn (GSW)";"Vrouw";"21";"Amsterdam";"1";"0";"Havo";"Bij mijn ouder(s)/verzorger(s)"
"3";"2";"2";"4";"2";"3";"3";"3,4";"4,2";"2,6";"4";"3";"3";"5";"2";"2";"5";"4";"4";"3";"4";"4,2";"3,8";"2,33";"2,33";"3,67";"2,33";"2,33";"2,33";"2,33";"2,33";"3,44";"21";"2,6";"1";"3,0";"1,0";"1,0";"3,0";"1,0";"1,0";"1,0";"1,0";"1,0";"1,0";"4";"4";"4";"4";"5";"1";"4";"3";"4";"5";"3";"5";"4";"4";"4";"4";"3";"4";"";"4";"1,0";"";"";"";"";"";"";"";"";"";"";"";"";"";"";"";"";"";"";"";"";"";"";"";"";"Techniek, Ontwerpen en Informatica (TOI)";"Vrouw";"20";"Haarlem";"1";"0";"Havo";"Bij mijn ouder(s)/verzorger(s)"
"4";"5";"5";"1";"3";"2";"2";"5,0";"3,4";"5,0";"";"3";"1";"4";"4";"3";"1";"3";"4";"3";"4";"3,8";"3,4";"2,33";"1,0";"2,33";"2,33";"2,33";"2,33";"2,33";"1,0";"3,8";"21";"1,0";"0";"1,0";"1,0";"1,0";"3,0";"3,0";"5,0";"1,0";"1,0";"1,0";"1,0";"4";"5";"2";"5";"5";"5";"5";"5";"5";"5";"5";"5";"5";"5";"5";"4";"3";"1";"1";"4";"2,28";"2";"2";"3";"4";"4";"3";"4";"3";"3";"4";"3";"2";"2";"5";"2";"5";"3";"5";"5";"5";"5";"5";"5";"5";"Gezondheid, Sport en Welzijn (GSW)";"Vrouw";"20";"Amsterdam";"2";"0";"Mbo";"Bij mijn ouder(s)/verzorger(s)"
"3";"3";"2";"3";"3";"4";"4";"2,2";"3,8";"3,0";"3";"3";"4";"4";"5";"4";"";"4";"4";"3";"3";"3,4";"4,2";"2,33";"2,33";"2,33";"2,33";"2,33";"2,33";"2,33";"3,67";"3,8";"21";"1,0";"1";"5,0";"1,0";"5,0";"3,0";"1,0";"3,0";"1,0";"1,0";"1,0";"1,0";"3";"4";"3";"4";"3";"4";"3";"3";"4";"4";"4";"4";"3";"4";"2";"3";"2";"1";"";"4";"1,8";"4";"3";"4";"3";"3";"2";"4";"4";"3";"4";"4";"3";"3";"3";"2";"4";"3";"2";"4";"4";"2";"4";"3";"3";"Gezondheid, Sport en Welzijn (GSW)";"Vrouw";"18";"Amsterdam";"2";"0";"Havo";"Bij mijn ouder(s)/verzorger(s)"
"3";"4";"5";"3";"2";"2";"2";"4,6";"4,6";"3,8";"2";"3";"2";"4";"4";"4";"5";"2";"4";"1";"3";"4,2";"3,8";"2,33";"2,33";"2,33";"2,33";"1,0";"1,0";"2,33";"2,33";"3,84";"21";"1,8";"0";"3,0";"1,0";"1,0";"3,0";"3,0";"3,0";"3,0";"3,0";"3,0";"3,0";"5";"4";"2";"5";"5";"5";"5";"5";"5";"5";"5";"5";"5";"4";"4";"3";"3";"3";"1";"5";"3,08";"4";"2";"4";"2";"1";"2";"5";"3";"3";"4";"3";"2";"2";"4";"3";"4";"5";"5";"4";"4";"4";"4";"4";"4";"Onderwijs en Innovatie (ONI)";"Vrouw";"22";"Alkmaar";"2";"0";"Mbo";"Met mijn partner / een relatie"
"1";"3";"2";"3";"2";"4";"4";"2,2";"2,6";"3,0";"3";"4";"4";"4";"5";"4";"3";"3";"4";"3";"4";"4,2";"3,4";"2,33";"5,0";"2,33";"2,33";"1,0";"2,33";"1,0";"3,67";"3,68";"21";"1,8";"1";"1,0";"1,0";"1,0";"3,0";"1,0";"1,0";"1,0";"1,0";"1,0";"1,0";"3";"4";"3";"4";"4";"4";"3";"3";"3";"3";"4";"3";"3";"4";"2";"1";"1";"1";"1";"4";"1,64";"";"";"";"";"";"";"";"";"";"";"";"";"";"";"";"";"";"";"";"";"";"";"";"";"Gezondheid, Sport en Welzijn (GSW)";"Man";"20";"Alkmaar";"2";"0";"Havo";"Bij mijn ouder(s)/verzorger(s)"
"3";"4";"4";"3";"1";"1";"3";"4,2";"3,4";"3,8";"3";"4";"3";"2";"5";"3";"3";"4";"4";"1";"3";"4,2";"3,8";"1,0";"1,0";"1,0";"2,33";"1,0";"1,0";"1,0";"2,33";"3,4";"21";"2,6";"0";"3,0";"1,0";"1,0";"3,0";"1,0";"3,0";"1,0";"1,0";"1,0";"1,0";"4";"3";"2";"4";"4";"4";"4";"4";"4";"4";"4";"5";"3";"4";"3";"1";"1";"1";"1";"3";"1,48";"4";"2";"3";"1";"1";"2";"5";"4";"3";"4";"2";"1";"2";"3";"2";"4";"5";"5";"3";"3";"4";"4";"4";"4";"Techniek, Ontwerpen en Informatica (TOI)";"Man";"18";"Alkmaar";"2";"0";"Havo";"Bij mijn ouder(s)/verzorger(s)"
"2";"2";"3";"2";"2";"3";"4";"1,8";"4,2";"2,2";"3";"5";"2";"5";"5";"4";"5";"4";"2";"2";"4";"2,6";"4,2";"2,33";"2,33";"1,0";"3,67";"3,67";"2,33";"3,67";"2,33";"3,52";"21";"4,2";"1";"5,0";"1,0";"1,0";"3,0";"5,0";"3,0";"1,0";"1,0";"1,0";"1,0";"3";"3";"4";"4";"2";"3";"3";"1";"2";"4";"2";"4";"2";"2";"2";"1";"2";"1";"1";"5";"1,96";"";"";"";"";"";"";"";"";"";"";"";"";"";"";"";"";"";"";"";"";"";"";"";"";"Business, Finance and Law (BFL)";"Man";"21";"Rotterdam";"2";"0";"Havo";"Bij mijn ouder(s)/verzorger(s)"
"2";"5";"4";"4";"3";"4";"5";"3,4";"4,6";"2,6";"3";"2";"2";"1";"3";"3";"1";"2";"5";"1";"3";"1,8";"3,4";"3,67";"5,0";"3,67";"5,0";"3,67";"3,67";"5,0";"3,67";"3,4";"21";"1,0";"0";"3,0";"1,0";"3,0";"3,0";"3,0";"5,0";"5,0";"1,0";"5,0";"3,0";"4";"5";"2";"5";"5";"3";"4";"4";"4";"4";"5";"5";"3";"4";"4";"5";"4";"4";"1";"4";"1,0";"4";"3";"2";"3";"1";"4";"5";"2";"2";"2";"4";"5";"5";"2";"5";"3";"3";"5";"5";"4";"5";"2";"2";"2";"Agri, Food and Life Sciences (AFL)";"Vrouw";"22";"Delft";"5 of hoger";"0";"Havo";"Bij mijn ouder(s)/verzorger(s)"
"2";"4";"4";"3";"2";"4";"2";"4,2";"3,4";"4,2";"4";"2";"1";"2";"3";"2";"3";"2";"2";"3";"4";"3,8";"4,6";"2,33";"3,67";"2,33";"2,33";"2,33";"3,67";"2,33";"2,33";"3,8";"21";"1,0";"0";"1,0";"1,0";"1,0";"5,0";"1,0";"3,0";"1,0";"1,0";"1,0";"1,0";"4";"4";"3";"5";"5";"5";"4";"5";"5";"5";"5";"5";"3";"4";"4";"2";"1";"1";"1";"3";"1,96";"2";"1";"1";"4";"4";"3";"4";"4";"3";"3";"4";"4";"5";"1";"4";"4";"4";"4";"4";"4";"4";"5";"3";"3";"Gezondheid, Sport en Welzijn (GSW)";"Vrouw";"18";"Amsterdam";"1";"0";"Havo";"Bij mijn ouder(s)/verzorger(s)"
"3";"4";"4";"2";"3";"3";"4";"3,8";"2,6";"3,8";"1";"2";"1";"2";"4";"2";"2";"3";"4";"4";"4";"4,2";"3,4";"1,0";"2,33";"1,0";"1,0";"2,33";"1,0";"2,33";"2,33";"4,52";"21";"1,0";"0";"1,0";"1,0";"1,0";"5,0";"1,0";"3,0";"1,0";"1,0";"1,0";"1,0";"3";"4";"3";"4";"4";"4";"4";"4";"5";"5";"4";"4";"4";"4";"4";"2";"2";"3";"1";"4";"2,12";"2";"2";"2";"2";"2";"4";"2";"2";"2";"4";"4";"3";"4";"3";"3";"4";"3";"5";"4";"4";"4";"5";"5";"5";"Gezondheid, Sport en Welzijn (GSW)";"Vrouw";"17";"Amsterdam";"1";"0";"Havo";"Bij mijn ouder(s)/verzorger(s)"
"4";"5";"4";"1";"1";"2";"2";"4,2";"2,6";"4,2";"3";"3";"2";"3";"3";"2";"3";"2";"2";"2";"4";"3,8";"3,8";"1,0";"1,0";"1,0";"2,33";"1,0";"3,67";"1,0";"2,33";"4,08";"21";"1,0";"0";"1,0";"1,0";"1,0";"5,0";"1,0";"1,0";"1,0";"1,0";"1,0";"1,0";"5";"5";"2";"5";"5";"5";"4";"4";"4";"5";"2";"5";"3";"4";"2";"3";"1";"2";"1";"3";"1,96";"";"";"";"";"";"";"";"";"";"";"";"";"";"";"";"";"";"";"";"";"";"";"";"";"Gezondheid, Sport en Welzijn (GSW)";"Vrouw";"17";"Amsterdam";"1";"0";"Havo";"Bij mijn ouder(s)/verzorger(s)"
"3";"3";"3";"4";"3";"4";"4";"3,4";"4,2";"3,4";"1";"3";"1";"3";"4";"4";"2";"3";"3";"2";"4";"3,8";"3,8";"2,33";"3,67";"2,33";"2,33";"2,33";"2,33";"2,33";"3,67";"3,84";"21";"1,8";"0";"3,0";"5,0";"5,0";"5,0";"5,0";"5,0";"3,0";"3,0";"1,0";"3,0";"4";"3";"3";"4";"4";"3";"3";"3";"4";"3";"4";"5";"3";"3";"2";"1";"1";"2";"1";"3";"2,2";"4";"4";"3";"4";"5";"1";"5";"3";"2";"2";"4";"4";"5";"2";"4";"4";"2";"4";"4";"4";"4";"4";"4";"4";"Onderwijs en Innovatie (ONI)";"Vrouw";"26";"Alkmaar";"2";"0";"Mbo";"Bij mijn ouder(s)/verzorger(s)"
"2";"4";"4";"4";"4";"4";"4";"4,6";"4,2";"3,8";"2";"2";"2";"2";"3";"3";"";"3";"3";"3";"3";"3,4";"4,2";"2,33";"3,67";"3,67";"3,67";"2,33";"3,67";"2,33";"2,33";"3,6";"20";"1,0";"1";"3,0";"1,0";"3,0";"1,0";"1,0";"1,0";"1,0";"1,0";"1,0";"1,0";"5";"5";"2";"5";"4";"4";"4";"4";"4";"4";"4";"4";"4";"4";"4";"1";"3";"1";"1";"4";"3,56";"3";"3";"2";"1";"1";"1";"5";"4";"4";"4";"3";"2";"2";"3";"2";"4";"2";"4";"4";"4";"4";"5";"5";"5";"Gezondheid, Sport en Welzijn (GSW)";"Vrouw";"30";"Amsterdam";"1";"0";"Anders, namelijk (vul in):";"Met mijn partner / een relatie"
"3";"4";"3";"2";"2";"3";"3";"3,4";"2,2";"3,8";"3";"2";"3";"3";"3";"3";"4";"2";"4";"3";"4";"3,4";"3,8";"1,0";"1,0";"2,33";"2,33";"1,0";"1,0";"1,0";"2,33";"3,76";"20";"1,0";"0";"1,0";"1,0";"1,0";"1,0";"3,0";"3,0";"1,0";"1,0";"1,0";"1,0";"3";"4";"3";"4";"5";"5";"4";"4";"4";"4";"3";"4";"3";"4";"3";"4";"1";"1";"1";"3";"1,56";"2";"1";"2";"2";"2";"1";"3";"3";"3";"4";"2";"2";"2";"4";"2";"4";"4";"4";"4";"4";"4";"4";"4";"4";"Gezondheid, Sport en Welzijn (GSW)";"Vrouw";"18";"Alkmaar";"1";"0";"Havo";"Bij mijn ouder(s)/verzorger(s)"
"3";"5";"4";"2";"3";"3";"5";"3,8";"2,2";"3,4";"1";"3";"2";"5";"5";"5";"1";"5";"3";"4";"4";"4,2";"3,8";"1,0";"2,33";"1,0";"2,33";"1,0";"1,0";"1,0";"2,33";"3,92";"20";"1,0";"0";"5,0";"1,0";"1,0";"1,0";"1,0";"3,0";"1,0";"1,0";"1,0";"1,0";"3";"4";"2";"4";"5";"5";"4";"5";"5";"5";"5";"5";"5";"5";"5";"1";"2";"1";"1";"2";"1,4";"1";"1";"4";"1";"4";"1";"4";"4";"4";"4";"3";"3";"2";"4";"2";"4";"2";"5";"5";"4";"3";"5";"4";"4";"Gezondheid, Sport en Welzijn (GSW)";"Vrouw";"19";"Alkmaar";"1";"0";"Havo";"Bij mijn ouder(s)/verzorger(s)"
"2";"5";"3";"4";"3";"4";"3";"4,2";"3,8";"2,2";"3";"3";"2";"2";"2";"3";"5";"2";"3";"1";"5";"3,8";"5,0";"1,0";"2,33";"2,33";"1,0";"2,33";"2,33";"1,0";"2,33";"3,96";"20";"1,8";"0";"1,0";"1,0";"1,0";"1,0";"5,0";"5,0";"1,0";"1,0";"1,0";"1,0";"4";"4";"3";"4";"4";"3";"4";"4";"3";"4";"4";"3";"4";"3";"4";"4";"4";"4";"1";"1";"4,2";"";"";"";"";"";"";"";"";"";"";"";"";"";"";"";"";"";"";"";"";"";"";"";"";"Creative Business (CB)";"Man";"21";"Haarlem";"1";"1";"Ik heb een buitenlandse vooropleiding afgerond (bv. A-levels)";"Alleen"
"4";"4";"4";"3";"4";"3";"1";"4,6";"3,8";"4,2";"1";"1";"1";"2";"1";"3";"1";"3";"3";"1";"4";"3,8";"3,8";"2,33";"2,33";"3,67";"2,33";"2,33";"2,33";"2,33";"2,33";"3,4";"20";"1,0";"0";"1,0";"1,0";"1,0";"1,0";"1,0";"1,0";"1,0";"1,0";"1,0";"1,0";"5";"5";"1";"5";"4";"4";"3";"4";"4";"3";"3";"5";"3";"4";"3";"2";"1";"1";"1";"1";"3,08";"4";"3";"3";"2";"1";"1";"5";"4";"3";"3";"3";"4";"4";"3";"3";"5";"2";"5";"5";"5";"4";"5";"5";"4";"Onderwijs en Innovatie (ONI)";"Man";"46";"Den Haag";"1";"0";"Anders, namelijk (vul in):";"Met mijn partner / een relatie"
"3";"4";"4";"4";"3";"5";"4";"3,8";"3,8";"4,6";"4";"2";"2";"3";"2";"4";"2";"2";"4";"2";"4";"3,4";"3,8";"2,33";"2,33";"3,67";"2,33";"1,0";"2,33";"2,33";"2,33";"4,0";"20";"1,0";"1";"1,0";"1,0";"1,0";"1,0";"1,0";"5,0";"1,0";"1,0";"1,0";"1,0";"5";"3";"3";"3";"3";"4";"3";"3";"3";"4";"2";"4";"3";"3";"3";"3";"2";"3";"1";"4";"3,56";"";"";"";"";"";"";"";"";"";"";"";"";"";"";"";"";"";"";"";"";"";"";"";"";"Onderwijs en Innovatie (ONI)";"Vrouw";"20";"Dordrecht";"1";"0";"Mbo";"Bij mijn ouder(s)/verzorger(s)"
"1";"3";"1";"5";"5";"5";"5";"1,0";"5,0";"1,0";"5";"5";"5";"5";"5";"5";"4";"2";"4";"4";"4";"";"3,4";"5,0";"5,0";"5,0";"5,0";"5,0";"3,67";"2,33";"5,0";"4,08";"20";"5,0";"0";"3,0";"3,0";"5,0";"1,0";"1,0";"5,0";"1,0";"1,0";"1,0";"1,0";"5";"5";"4";"5";"1";"1";"1";"1";"1";"1";"1";"4";"1";"1";"3";"1";"1";"1";"1";"2";"3,24";"";"";"";"";"";"";"";"";"";"";"";"";"";"";"";"";"";"";"";"";"";"";"";"";"Techniek, Ontwerpen en Informatica (TOI)";"Vrouw";"20";"Alkmaar";"2";"0";"Havo";"Bij mijn ouder(s)/verzorger(s)"
"2";"2";"2";"3";"3";"2";"4";"3,4";"3,4";"2,6";"3";"3";"3";"4";"2";"2";"2";"2";"3";"2";"4";"4,2";"3,8";"2,33";"2,33";"1,0";"2,33";"1,0";"2,33";"1,0";"2,33";"3,8";"20";"1,0";"0";"1,0";"1,0";"1,0";"1,0";"1,0";"1,0";"1,0";"1,0";"1,0";"1,0";"5";"4";"2";"4";"2";"3";"4";"4";"4";"4";"2";"3";"2";"2";"2";"2";"1";"1";"1";"4";"2,2";"";"";"";"";"";"";"";"";"";"";"";"";"";"";"";"";"";"";"";"";"";"";"";"";"Business, Finance and Law (BFL)";"Man";"19";"Alkmaar";"2";"0";"Havo";"Bij mijn ouder(s)/verzorger(s)"
"3";"4";"3";"2";"2";"2";"2";"3,0";"3,0";"3,4";"3";"3";"2";"4";"4";"4";"2";"3";"2";"1";"4";"3,4";"3,8";"1,0";"2,33";"2,33";"1,0";"3,67";"2,33";"1,0";"2,33";"4,2";"20";"1,8";"0";"3,0";"1,0";"1,0";"1,0";"1,0";"1,0";"1,0";"1,0";"5,0";"1,0";"3";"4";"3";"4";"4";"4";"3";"2";"4";"4";"3";"4";"3";"4";"2";"3";"1";"1";"1";"4";"1,96";"3";"2";"3";"3";"1";"2";"3";"4";"3";"4";"3";"2";"2";"4";"2";"4";"4";"4";"3";"4";"4";"4";"3";"4";"Business, Finance and Law (BFL)";"Man";"21";"Haarlem";"2";"0";"Mbo";"Bij mijn ouder(s)/verzorger(s)"
"4";"4";"4";"3";"3";"3";"4";"3,0";"2,2";"3,8";"3";"2";"2";"2";"3";"2";"2";"3";"5";"3";"3";"3,4";"3,8";"2,33";"2,33";"2,33";"2,33";"1,0";"3,67";"2,33";"2,33";"3,44";"20";"1,0";"0";"1,0";"1,0";"3,0";"1,0";"1,0";"5,0";"1,0";"1,0";"1,0";"1,0";"5";"3";"3";"5";"5";"5";"5";"5";"5";"5";"5";"5";"5";"5";"4";"1";"3";"2";"1";"5";"1,96";"";"";"";"";"";"";"";"";"";"";"";"";"";"";"";"";"";"";"";"";"";"";"";"";"Business, Finance and Law (BFL)";"Vrouw";"23";"Rotterdam";"2";"0";"Mbo";"Bij mijn ouder(s)/verzorger(s)"
"3";"3";"4";"5";"5";"4";"5";"4,2";"5,0";"2,2";"5";"5";"";"5";"5";"4";"";"2";"5";"2";"4";"2,6";"3,4";"5,0";"5,0";"5,0";"3,67";"1,0";"3,67";"3,67";"3,67";"3,88";"20";"1,0";"1";"1,0";"1,0";"1,0";"1,0";"1,0";"3,0";"1,0";"1,0";"1,0";"1,0";"5";"5";"1";"5";"4";"4";"4";"3";"4";"4";"3";"5";"4";"3";"4";"2";"5";"4";"1";"";"2,28";"4";"1";"4";"1";"1";"1";"5";"5";"4";"3";"5";"5";"5";"2";"5";"4";"1";"5";"5";"5";"4";"5";"3";"5";"Onderwijs en Innovatie (ONI)";"Vrouw";"40";"Den Haag";"2";"0";"Anders, namelijk (vul in):";"Met mijn partner / een relatie"
"2";"3";"2";"4";"4";"4";"3";"2,6";"3,8";"3,4";"3";"4";"4";"5";"5";"3";"2";"3";"4";"2";"3";"3,8";"3,8";"2,33";"3,67";"3,67";"2,33";"1,0";"2,33";"2,33";"5,0";"3,84";"20";"1,0";"1";"3,0";"1,0";"5,0";"1,0";"1,0";"1,0";"1,0";"1,0";"1,0";"1,0";"4";"4";"3";"3";"3";"3";"4";"3";"3";"3";"2";"5";"2";"4";"1";"1";"1";"2";"1";"2";"1,96";"";"";"";"";"";"";"";"";"";"";"";"";"";"";"";"";"";"";"";"";"";"";"";"";"Business, Finance and Law (BFL)";"Vrouw";"18";"Den Haag";"2";"0";"Havo";"Bij mijn ouder(s)/verzorger(s)"
"3";"3";"3";"4";"2";"4";"3";"3,8";"4,6";"3,4";"4";"5";"5";"4";"5";"3";"3";"3";"4";"3";"4";"3,8";"3,8";"2,33";"3,67";"3,67";"3,67";"3,67";"3,67";"2,33";"2,33";"3,8";"20";"1,0";"0";"3,0";"1,0";"1,0";"1,0";"1,0";"1,0";"5,0";"1,0";"1,0";"1,0";"4";"5";"4";"5";"4";"4";"4";"4";"3";"4";"2";"4";"3";"3";"3";"2";"4";"4";"1";"4";"4,2";"";"";"";"";"";"";"";"";"";"";"";"";"";"";"";"";"";"";"";"";"";"";"";"";"Creative Business (CB)";"Vrouw";"19";"Den Haag";"2";"0";"Havo";"Bij mijn ouder(s)/verzorger(s)"
"3";"4";"4";"2";"1";"1";"2";"4,2";"3,8";"4,2";"5";"5";"5";"5";"5";"5";"5";"5";"5";"";"4";"1,8";"3,4";"5,0";"5,0";"5,0";"3,67";"5,0";"3,67";"3,67";"2,33";"2,64";"20";"1,8";"1";"5,0";"1,0";"5,0";"1,0";"1,0";"5,0";"5,0";"1,0";"1,0";"1,0";"5";"5";"2";"5";"4";"3";"5";"2";"3";"4";"3";"5";"5";"2";"3";"5";"3";"2";"1";"1";"2,68";"5";"4";"4";"1";"5";"2";"4";"5";"1";"5";"4";"3";"5";"2";"3";"5";"4";"4";"1";"3";"3";"4";"2";"2";"Agri, Food and Life Sciences (AFL)";"Man";"24";"Delft";"2";"0";"Mbo";"Bij mijn ouder(s)/verzorger(s)"
"2";"1";"2";"3";"3";"2";"4";"1,8";"3,4";"1,4";"3";"3";"3";"4";"3";"4";"3";"5";"3";"1";"4";"3,4";"4,2";"2,33";"3,67";"1,0";"2,33";"1,0";"2,33";"2,33";"5,0";"3,0";"20";"5,0";"0";"5,0";"1,0";"1,0";"1,0";"1,0";"1,0";"1,0";"1,0";"1,0";"1,0";"2";"4";"5";"4";"2";"2";"3";"2";"2";"2";"1";"4";"2";"2";"1";"1";"1";"1";"1";"5";"3,4";"";"";"";"";"";"";"";"";"";"";"";"";"";"";"";"";"";"";"";"";"";"";"";"";"Onderwijs en Innovatie (ONI)";"Man";"24";"Alkmaar";"3";"0";"Mbo";"Bij mijn ouder(s)/verzorger(s)"
"2";"3";"3";"4";"4";"4";"4";"3,0";"5,0";"2,2";"1";"4";"1";"5";"3";"5";"4";"5";"5";"2";"4";"3,8";"3,8";"2,33";"2,33";"3,67";"3,67";"1,0";"3,67";"2,33";"3,67";"3,52";"20";"4,2";"1";"1,0";"1,0";"5,0";"1,0";"1,0";"3,0";"1,0";"1,0";"1,0";"1,0";"3";"3";"4";"4";"4";"2";"3";"2";"2";"3";"1";"2";"1";"2";"3";"1";"1";"1";"1";"5";"3,4";"4";"3";"5";"3";"1";"1";"4";"4";"3";"2";"4";"3";"5";"2";"3";"4";"5";"2";"2";"3";"3";"4";"2";"3";"Onderwijs en Innovatie (ONI)";"Vrouw";"23";"Rotterdam";"3";"0";"Mbo";"Met mijn partner / een relatie"
"3";"4";"3";"3";"2";"1";"2";"3,8";"3,8";"3,4";"";"3";"";"3";"";"2";"1";"2";"3";"";"4";"4,2";"3,8";"2,33";"2,33";"1,0";"2,33";"1,0";"2,33";"2,33";"3,67";"3,8";"20";"1,0";"0";"1,0";"1,0";"1,0";"1,0";"1,0";"3,0";"1,0";"1,0";"1,0";"1,0";"3";"4";"3";"5";"3";"4";"4";"4";"4";"4";"3";"4";"4";"2";"1";"3";"1";"1";"1";"3";"1,64";"";"";"";"";"";"";"";"";"";"";"";"";"";"";"";"";"";"";"";"";"";"";"";"";"Onderwijs en Innovatie (ONI)";"Vrouw";"36";"Den Haag";"3";"0";"Havo";"Met mijn partner / een relatie"
"3";"4";"4";"4";"2";"4";"3";"4,2";"3,8";"1,8";"2";"5";"2";"3";"";"5";"2";"4";"5";"";"3";"3,8";"3,8";"2,33";"2,33";"2,33";"3,67";"3,67";"5,0";"2,33";"2,33";"3,8";"20";"1,0";"0";"5,0";"5,0";"5,0";"1,0";"1,0";"5,0";"1,0";"1,0";"1,0";"1,0";"4";"3";"2";"4";"2";"2";"3";"3";"3";"3";"3";"3";"3";"3";"3";"3";"3";"3";"1";"1";"2,04";"";"";"";"";"";"";"";"";"";"";"";"";"";"";"";"";"";"";"";"";"";"";"";"";"Agri, Food and Life Sciences (AFL)";"Man";"24";"Amsterdam";"4";"0";"Havo";"Bij mijn ouder(s)/verzorger(s)"
"3";"3";"3";"3";"4";"3";"3";"3,0";"3,0";"3,0";"1";"2";"2";"2";"3";"3";"1";"4";"2";"3";"2";"3,8";"4,2";"3,67";"3,67";"3,67";"3,67";"2,33";"3,67";"2,33";"2,33";"3,84";"20";"2,6";"0";"1,0";"1,0";"1,0";"1,0";"1,0";"1,0";"1,0";"1,0";"1,0";"1,0";"4";"3";"3";"4";"3";"3";"2";"2";"2";"2";"3";"4";"3";"3";"2";"1";"2";"1";"1";"";"3,56";"3";"3";"4";"2";"1";"1";"4";"3";"2";"4";"2";"3";"2";"3";"3";"3";"4";"2";"3";"3";"3";"4";"2";"4";"Business, Finance and Law (BFL)";"Vrouw";"54";"Rotterdam";"4";"0";"Vwo";"Alleen"
"1";"2";"2";"4";"5";"4";"4";"1,8";"4,2";"1,4";"3";"5";"3";"4";"4";"5";"5";"5";"5";"3";"3";"2,2";"3,8";"5,0";"5,0";"5,0";"5,0";"3,67";"3,67";"5,0";"3,67";"3,8";"20";"5,0";"1";"5,0";"1,0";"3,0";"1,0";"1,0";"5,0";"1,0";"1,0";"1,0";"3,0";"5";"4";"5";"4";"3";"3";"4";"4";"4";"5";"3";"4";"3";"3";"4";"3";"2";"1";"";"3";"3,24";"5";"5";"5";"4";"4";"2";"5";"5";"5";"4";"4";"4";"4";"3";"4";"3";"4";"4";"3";"3";"3";"3";"2";"1";"Onderwijs en Innovatie (ONI)";"Man";"29";"Den Haag";"5 of hoger";"0";"Mbo";"Met een of enkele huisgenoten / vrienden (geen relatie)"
"3";"4";"4";"1";"2";"2";"2";"4,2";"3,4";"3,8";"2";"3";"3";"4";"4";"4";"4";"3";"4";"2";"4";"3,8";"3,4";"1,0";"2,33";"1,0";"1,0";"1,0";"1,0";"1,0";"1,0";"3,88";"20";"1,0";"0";"1,0";"1,0";"1,0";"3,0";"1,0";"3,0";"1,0";"1,0";"1,0";"1,0";"5";"5";"1";"5";"5";"5";"4";"4";"4";"4";"3";"5";"3";"4";"1";"1";"1";"1";"1";"5";"1,96";"2";"2";"2";"1";"1";"1";"4";"3";"3";"2";"4";"4";"4";"2";"4";"3";"3";"4";"4";"4";"4";"4";"4";"4";"Gezondheid, Sport en Welzijn (GSW)";"Vrouw";"19";"Amsterdam";"1";"0";"Vwo";"Bij mijn ouder(s)/verzorger(s)"
"2";"2";"2";"4";"3";"2";"4";"1,8";"4,2";"1,8";"3";"";"";"3";"3";"4";"5";"2";"4";"1";"4";"2,6";"2,6";"2,33";"2,33";"1,0";"3,67";"2,33";"3,67";"2,33";"2,33";"3,52";"20";"1,8";"1";"3,0";"1,0";"1,0";"3,0";"1,0";"5,0";"5,0";"3,0";"3,0";"3,0";"3";"3";"4";"5";"2";"3";"3";"3";"3";"3";"2";"4";"3";"1";"4";"2";"2";"1";"0";"1";"1,8";"";"";"";"";"";"";"";"";"";"";"";"";"";"";"";"";"";"";"";"";"";"";"";"";"Creative Business (CB)";"Man";"21";"Amsterdam";"1";"1";"Ik heb een buitenlandse vooropleiding afgerond (bv. A-levels)";"In een studentenhuis / met meerdere studenten samen"
"3";"4";"3";"4";"4";"4";"3";"3,4";"4,6";"3,4";"2";"4";"1";"2";"3";"3";"2";"2";"3";"4";"3";"3,8";"3,8";"3,67";"2,33";"3,67";"3,67";"3,67";"3,67";"3,67";"2,33";"2,56";"20";"1,0";"0";"3,0";"5,0";"3,0";"3,0";"5,0";"5,0";"3,0";"1,0";"1,0";"1,0";"4";"3";"3";"4";"2";"2";"2";"2";"2";"2";"2";"4";"1";"4";"3";"2";"2";"1";"";"4";"2,28";"";"";"";"";"";"";"";"";"";"";"";"";"";"";"";"";"";"";"";"";"";"";"";"";"Creative Business (CB)";"Vrouw";"22";"Amsterdam";"1";"1";"Mbo";"Met mijn partner / een relatie"
"3";"4";"3";"2";"3";"4";"3";"3,0";"2,6";"3,4";"3";"3";"2";"2";"3";"3";"2";"2";"3";"3";"3";"3,4";"4,2";"1,0";"2,33";"2,33";"2,33";"3,67";"2,33";"2,33";"2,33";"2,8";"20";"1,0";"0";"5,0";"1,0";"1,0";"3,0";"5,0";"5,0";"1,0";"1,0";"1,0";"1,0";"4";"4";"3";"4";"3";"4";"4";"3";"4";"3";"4";"3";"3";"4";"3";"1";"1";"1";"1";"2";"2,52";"3";"3";"2";"2";"2";"2";"3";"2";"2";"3";"3";"4";"3";"3";"2";"2";"3";"4";"4";"4";"3";"4";"4";"4";"Gezondheid, Sport en Welzijn (GSW)";"Vrouw";"23";"Amsterdam";"1";"0";"Mbo";"Bij mijn ouder(s)/verzorger(s)"
"3";"3";"3";"3";"3";"3";"4";"2,6";"3,4";"2,6";"3";"2";"2";"3";"2";"3";"3";"1";"2";"4";"3";"3,0";"4,2";"2,33";"2,33";"3,67";"3,67";"3,67";"3,67";"3,67";"3,67";"3,0";"20";"5,0";"1";"3,0";"1,0";"3,0";"3,0";"3,0";"3,0";"3,0";"1,0";"1,0";"1,0";"3";"3";"4";"3";"3";"3";"3";"2";"3";"3";"2";"4";"3";"2";"3";"2";"2";"2";"1";"3";"3,0";"";"";"";"";"";"";"";"";"";"";"";"";"";"";"";"";"";"";"";"";"";"";"";"";"Business, Finance and Law (BFL)";"Vrouw";"20";"Amsterdam";"1";"0";"Mbo";"Bij mijn ouder(s)/verzorger(s)"
"3";"5";"5";"3";"2";"3";"4";"4,2";"3,4";"3,4";"2";"3";"4";"3";"3";"4";"5";"3";"3";"4";"3";"3,4";"3,8";"3,67";"2,33";"3,67";"3,67";"3,67";"2,33";"3,67";"2,33";"3,52";"20";"1,0";"0";"3,0";"1,0";"1,0";"3,0";"3,0";"5,0";"5,0";"1,0";"1,0";"1,0";"5";"5";"5";"5";"5";"5";"5";"5";"5";"5";"4";"5";"5";"5";"5";"4";"4";"5";"1";"";"1,56";"";"";"";"";"";"";"";"";"";"";"";"";"";"";"";"";"";"";"";"";"";"";"";"";"Creative Business (CB)";"Man";"22";"Amsterdam";"1";"1";"Anders, namelijk (vul in):";"Alleen"
"3";"4";"4";"1";"1";"1";"1";"4,2";"2,2";"3,8";"2";"2";"2";"";"";"2";"";"3";"2";"1";"4";"4,2";"3,4";"1,0";"1,0";"1,0";"2,33";"1,0";"2,33";"1,0";"2,33";"3,8";"20";"1,0";"0";"1,0";"1,0";"1,0";"3,0";"1,0";"3,0";"1,0";"1,0";"3,0";"1,0";"4";"4";"2";"4";"3";"4";"3";"3";"3";"3";"2";"3";"3";"4";"1";"1";"1";"1";"1";"";"3,0";"1";"1";"1";"1";"1";"1";"4";"3";"3";"3";"4";"4";"4";"3";"3";"3";"5";"2";"3";"4";"2";"3";"3";"3";"Gezondheid, Sport en Welzijn (GSW)";"Vrouw";"46";"Alkmaar";"1";"0";"Anders, namelijk (vul in):";"Anders"
"3";"4";"3";"4";"4";"2";"2";"3,8";"4,6";"3,4";"4";"3";"2";"4";"4";"5";"5";"5";"4";"1";"4";"3,4";"4,2";"3,67";"3,67";"2,33";"3,67";"2,33";"3,67";"3,67";"3,67";"3,4";"20";"1,0";"1";"3,0";"1,0";"5,0";"3,0";"1,0";"5,0";"3,0";"1,0";"1,0";"3,0";"4";"4";"3";"5";"4";"4";"4";"3";"3";"4";"3";"5";"4";"3";"4";"4";"3";"1";"1";"3";"2,44";"4";"3";"4";"4";"4";"2";"5";"4";"2";"3";"4";"3";"4";"3";"2";"4";"4";"4";"3";"4";"3";"4";"2";"2";"Gezondheid, Sport en Welzijn (GSW)";"Vrouw";"20";"Alkmaar";"1";"0";"Havo";"Bij mijn ouder(s)/verzorger(s)"
"3";"4";"3";"3";"3";"4";"3";"4,2";"3,8";"4,2";"3";"3";"2";"3";"4";"4";"4";"2";"3";"3";"3";"3,8";"3,4";"2,33";"3,67";"2,33";"2,33";"1,0";"3,67";"2,33";"2,33";"3,4";"20";"1,0";"0";"1,0";"1,0";"3,0";"3,0";"1,0";"5,0";"1,0";"3,0";"1,0";"1,0";"4";"4";"3";"4";"4";"4";"4";"4";"4";"3";"3";"5";"3";"4";"3";"2";"3";"2";"1";"4";"1,0";"3";"1";"1";"1";"1";"1";"4";"3";"2";"4";"4";"3";"4";"3";"3";"3";"2";"4";"4";"4";"4";"4";"3";"3";"Gezondheid, Sport en Welzijn (GSW)";"Vrouw";"23";"Alkmaar";"1";"0";"Havo";"Bij mijn ouder(s)/verzorger(s)"
"3";"4";"3";"3";"3";"3";"4";"3,8";"3,4";"3,8";"3";"2";"3";"4";"4";"1";"4";"1";"3";"3";"3";"3,0";"3,4";"2,33";"2,33";"2,33";"3,67";"2,33";"3,67";"2,33";"2,33";"3,4";"20";"2,6";"0";"3,0";"1,0";"1,0";"3,0";"5,0";"3,0";"3,0";"3,0";"3,0";"3,0";"4";"4";"2";"4";"4";"4";"3";"4";"3";"3";"3";"5";"4";"4";"3";"2";"4";"2";"1";"3";"1,8";"";"";"";"";"";"";"";"";"";"";"";"";"";"";"";"";"";"";"";"";"";"";"";"";"Creative Business (CB)";"Man";"24";"Haarlem";"1";"0";"Mbo";"Bij mijn ouder(s)/verzorger(s)"
"2";"1";"3";"3";"3";"3";"3";"1,8";"3,0";"2,6";"1";"1";"1";"1";"1";"3";"1";"3";"4";"1";"4";"3,8";"3,8";"1,0";"1,0";"2,33";"2,33";"1,0";"2,33";"1,0";"2,33";"3,8";"20";"1,8";"0";"1,0";"1,0";"1,0";"3,0";"3,0";"3,0";"1,0";"3,0";"1,0";"1,0";"3";"5";"4";"5";"3";"4";"4";"5";"4";"4";"4";"5";"4";"4";"3";"2";"2";"3";"1";"1";"4,2";"3";"2";"4";"1";"1";"1";"3";"4";"3";"4";"2";"2";"2";"4";"2";"3";"3";"4";"3";"3";"4";"4";"4";"4";"Onderwijs en Innovatie (ONI)";"Man";"53";"Dordrecht";"1";"0";"Havo";"Met mijn partner / een relatie"
"3";"3";"3";"3";"3";"3";"3";"3,4";"3,8";"3,4";"";"";"";"3";"3";"3";"";"2";"4";"3";"4";"3,8";"3,4";"2,33";"2,33";"2,33";"2,33";"1,0";"2,33";"2,33";"2,33";"3,48";"20";"1,0";"0";"5,0";"1,0";"1,0";"3,0";"3,0";"3,0";"3,0";"3,0";"3,0";"3,0";"5";"5";"4";"5";"4";"4";"4";"4";"4";"4";"4";"5";"4";"4";"5";"2";"3";"4";"1";"3";"2,92";"4";"3";"3";"2";"1";"3";"5";"4";"2";"4";"4";"3";"4";"2";"3";"5";"3";"5";"5";"4";"5";"5";"4";"3";"Onderwijs en Innovatie (ONI)";"Vrouw";"43";"Amsterdam";"2";"0";"Anders, namelijk (vul in):";"Met mijn partner / een relatie"
"2";"4";"4";"4";"3";"3";"4";"3,4";"4,2";"3,4";"4";"3";"4";"4";"5";"5";"5";"4";"4";"5";"4";"4,2";"3,8";"2,33";"2,33";"1,0";"2,33";"1,0";"2,33";"2,33";"2,33";"3,32";"20";"1,0";"0";"5,0";"1,0";"5,0";"3,0";"3,0";"3,0";"3,0";"3,0";"3,0";"3,0";"3";"2";"3";"5";"3";"3";"2";"2";"3";"4";"4";"3";"4";"4";"3";"3";"2";"4";"1";"4";"2,92";"";"";"";"";"";"";"";"";"";"";"";"";"";"";"";"";"";"";"";"";"";"";"";"";"Gezondheid, Sport en Welzijn (GSW)";"Vrouw";"19";"Amsterdam";"2";"0";"Havo";"Bij mijn ouder(s)/verzorger(s)"
"4";"4";"3";"2";"2";"2";"2";"4,6";"3,8";"3,8";"4";"3";"2";"3";"3";"3";"2";"3";"3";"5";"5";"4,2";"3,4";"2,33";"2,33";"2,33";"3,67";"1,0";"3,67";"1,0";"1,0";"3,6";"20";"1,0";"0";"1,0";"1,0";"1,0";"3,0";"1,0";"3,0";"3,0";"1,0";"5,0";"1,0";"5";"5";"2";"4";"4";"4";"4";"4";"3";"4";"3";"3";"3";"3";"3";"2";"2";"2";"1";"2";"1,4";"";"";"";"";"";"";"";"";"";"";"";"";"";"";"";"";"";"";"";"";"";"";"";"";"Business, Finance and Law (BFL)";"Vrouw";"20";"Alkmaar";"2";"0";"Havo";"Bij mijn ouder(s)/verzorger(s)"
"1";"2";"3";"3";"4";"4";"4";"3,4";"3,4";"3,4";"1";"1";"1";"4";"4";"3";"1";"4";"4";"2";"4";"3,8";"3,8";"2,33";"1,0";"1,0";"2,33";"1,0";"2,33";"1,0";"2,33";"3,8";"20";"1,0";"1";"1,0";"1,0";"1,0";"3,0";"1,0";"3,0";"1,0";"1,0";"1,0";"1,0";"5";"3";"3";"4";"3";"4";"4";"4";"4";"3";"1";"5";"1";"4";"1";"1";"1";"1";"1";"4";"1,8";"3";"4";"4";"1";"1";"3";"4";"2";"2";"4";"4";"3";"4";"2";"4";"3";"4";"3";"3";"4";"3";"3";"2";"3";"Business, Finance and Law (BFL)";"Vrouw";"18";"Alkmaar";"2";"0";"Havo";"Bij mijn ouder(s)/verzorger(s)"
"3";"3";"2";"3";"2";"3";"2";"3,0";"3,4";"3,0";"1";"1";"1";"2";"3";"3";"3";"3";"4";"2";"4";"3,4";"4,2";"2,33";"3,67";"3,67";"2,33";"3,67";"3,67";"2,33";"3,67";"4,08";"20";"2,6";"0";"3,0";"3,0";"3,0";"3,0";"1,0";"5,0";"1,0";"1,0";"1,0";"1,0";"4";"5";"4";"4";"3";"3";"2";"2";"2";"1";"4";"5";"3";"4";"2";"2";"1";"1";"1";"3";"1,32";"4";"4";"4";"2";"1";"4";"4";"2";"2";"3";"2";"4";"3";"4";"4";"4";"1";"4";"4";"4";"4";"4";"1";"2";"Gezondheid, Sport en Welzijn (GSW)";"Vrouw";"29";"Alkmaar";"2";"0";"Mbo";"Anders"
"4";"4";"3";"1";"1";"3";"3";"3,4";"3,0";"3,8";"5";"5";"5";"5";"5";"5";"4";"5";"5";"3";"2";"3,8";"3,4";"1,0";"2,33";"1,0";"2,33";"2,33";"2,33";"2,33";"1,0";"3,84";"20";"1,0";"0";"1,0";"1,0";"1,0";"3,0";"3,0";"3,0";"3,0";"3,0";"5,0";"3,0";"3";"2";"4";"3";"4";"4";"4";"3";"4";"3";"1";"5";"3";"4";"1";"2";"2";"3";"1";"3";"1,64";"";"";"";"";"";"";"";"";"";"";"";"";"";"";"";"";"";"";"";"";"";"";"";"";"Business, Finance and Law (BFL)";"Vrouw";"21";"Alkmaar";"2";"0";"Havo";"Bij mijn ouder(s)/verzorger(s)"
"2";"3";"3";"3";"4";"3";"5";"3,4";"3,8";"3,4";"2";"3";"3";"3";"4";"3";"4";"3";"3";"2";"3";"3,0";"3,8";"5,0";"5,0";"5,0";"3,67";"3,67";"3,67";"3,67";"3,67";"3,4";"20";"1,0";"0";"1,0";"1,0";"1,0";"3,0";"3,0";"3,0";"1,0";"1,0";"5,0";"3,0";"3";"4";"4";"4";"4";"5";"4";"4";"4";"3";"2";"4";"3";"4";"2";"2";"2";"1";"1";"4";"1,96";"";"";"";"";"";"";"";"";"";"";"";"";"";"";"";"";"";"";"";"";"";"";"";"";"Business, Finance and Law (BFL)";"Vrouw";"19";"Haarlem";"2";"0";"Havo";"Bij mijn ouder(s)/verzorger(s)"
"2";"3";"3";"1";"2";"1";"3";"3,8";"2,6";"3,4";"2";"3";"1";"3";"3";"3";"3";"3";"1";"1";"3";"4,2";"4,6";"1,0";"1,0";"2,33";"2,33";"1,0";"2,33";"1,0";"2,33";"3,76";"20";"1,8";"0";"1,0";"1,0";"1,0";"3,0";"1,0";"3,0";"1,0";"1,0";"3,0";"1,0";"3";"3";"2";"4";"4";"5";"3";"4";"2";"4";"4";"5";"3";"3";"1";"1";"1";"3";"1";"4";"2,92";"2";"1";"3";"1";"1";"1";"2";"3";"3";"4";"1";"1";"1";"4";"2";"3";"4";"3";"2";"4";"3";"3";"4";"2";"Business, Finance and Law (BFL)";"Man";"19";"Haarlem";"2";"0";"Havo";"Bij mijn ouder(s)/verzorger(s)"
"2";"3";"2";"1";"1";"2";"4";"3,4";"1,8";"3,4";"4";"4";"4";"2";"2";"3";"2";"2";"2";"3";"2";"3,4";"3,8";"2,33";"1,0";"5,0";"3,67";"1,0";"1,0";"1,0";"2,33";"4,12";"20";"1,0";"1";"1,0";"1,0";"1,0";"3,0";"3,0";"3,0";"5,0";"3,0";"5,0";"5,0";"2";"4";"4";"3";"3";"4";"4";"4";"3";"4";"2";"5";"1";"3";"1";"1";"1";"1";"";"3";"2,28";"";"";"";"";"";"";"";"";"";"";"";"";"";"";"";"";"";"";"";"";"";"";"";"";"Business, Finance and Law (BFL)";"Man";"20";"Haarlem";"2";"0";"Havo";"Bij mijn ouder(s)/verzorger(s)"
"1";"1";"1";"5";"5";"4";"5";"1,8";"5,0";"1,0";"3";"4";"4";"5";"5";"5";"";"5";"5";"3";"3";"2,2";"3,4";"5,0";"5,0";"5,0";"3,67";"3,67";"3,67";"2,33";"5,0";"3,4";"20";"3,4";"1";"5,0";"1,0";"3,0";"3,0";"1,0";"5,0";"1,0";"1,0";"5,0";"1,0";"5";"3";"4";"5";"3";"3";"3";"3";"1";"3";"3";"5";"4";"2";"5";"2";"3";"1";"1";"3";"1,96";"5";"4";"5";"2";"1";"4";"5";"5";"1";"1";"5";"5";"5";"1";"5";"2";"3";"3";"1";"3";"3";"4";"2";"1";"Business, Finance and Law (BFL)";"Vrouw";"19";"Haarlem";"2";"0";"Vwo";"Bij mijn ouder(s)/verzorger(s)"
"3";"3";"3";"2";"3";"2";"3";"3,4";"4,2";"3,8";"2";"4";"2";"3";"3";"1";"1";"2";"3";"4";"3";"2,2";"3,8";"2,33";"2,33";"3,67";"5,0";"1,0";"3,67";"2,33";"1,0";"3,64";"20";"1,0";"0";"1,0";"1,0";"1,0";"3,0";"3,0";"3,0";"3,0";"3,0";"5,0";"5,0";"4";"5";"3";"4";"4";"4";"4";"3";"3";"4";"1";"5";"2";"2";"1";"2";"1";"1";"1";"3";"2,04";"3";"2";"4";"3";"1";"3";"4";"3";"2";"2";"3";"3";"4";"2";"4";"4";"2";"3";"2";"2";"2";"4";"2";"3";"Business, Finance and Law (BFL)";"Vrouw";"18";"Haarlem";"2";"0";"Havo";"Bij mijn ouder(s)/verzorger(s)"
"3";"3";"2";"3";"3";"3";"3";"3,8";"4,6";"3,0";"3";"3";"4";"4";"4";"3";"3";"2";"3";"4";"4";"3,4";"4,6";"3,67";"3,67";"3,67";"3,67";"2,33";"3,67";"2,33";"2,33";"3,4";"20";"1,0";"1";"1,0";"1,0";"1,0";"3,0";"3,0";"3,0";"3,0";"3,0";"5,0";"3,0";"4";"3";"3";"3";"2";"3";"4";"4";"4";"4";"2";"3";"2";"2";"1";"3";"1";"1";"1";"4";"2,28";"3";"3";"3";"4";"4";"4";"4";"4";"4";"4";"4";"4";"4";"3";"3";"";"";"";"";"";"";"";"";"";"Business, Finance and Law (BFL)";"Vrouw";"20";"Haarlem";"2";"0";"Havo";"Bij mijn ouder(s)/verzorger(s)"
"2";"2";"2";"2";"1";"2";"3";"3,4";"3,4";"2,6";"2";"2";"2";"2";"4";"5";"3";"2";"4";"1";"4";"3,8";"3,0";"2,33";"2,33";"1,0";"2,33";"1,0";"2,33";"1,0";"3,67";"3,52";"20";"1,0";"0";"1,0";"1,0";"1,0";"3,0";"1,0";"3,0";"1,0";"1,0";"5,0";"3,0";"4";"2";"4";"4";"4";"4";"4";"4";"3";"1";"2";"5";"1";"2";"1";"1";"1";"2";"1";"4";"1,64";"";"";"";"";"";"";"";"";"";"";"";"";"";"";"";"";"";"";"";"";"";"";"";"";"Business, Finance and Law (BFL)";"Man";"20";"Haarlem";"2";"0";"Havo";"Bij mijn ouder(s)/verzorger(s)"
"2";"2";"2";"3";"3";"2";"3";"3,4";"3,4";"3,0";"3";"3";"3";"3";"4";"4";"3";"3";"3";"3";"4";"3,4";"3,4";"2,33";"2,33";"2,33";"2,33";"2,33";"3,67";"1,0";"2,33";"3,36";"20";"1,0";"0";"1,0";"1,0";"1,0";"3,0";"1,0";"3,0";"1,0";"1,0";"3,0";"3,0";"4";"4";"3";"4";"4";"4";"4";"3";"4";"3";"2";"2";"3";"2";"2";"1";"2";"1";"1";"4";"1,8";"";"";"";"";"";"";"";"";"";"";"";"";"";"";"";"";"";"";"";"";"";"";"";"";"Business, Finance and Law (BFL)";"Man";"20";"Haarlem";"2";"0";"Havo";"Bij mijn ouder(s)/verzorger(s)"
"2";"3";"2";"3";"1";"3";"3";"3,4";"2,6";"3,0";"3";"4";"2";"3";"5";"5";"1";"3";"4";"";"3";"4,2";"3,4";"1,0";"2,33";"1,0";"3,67";"1,0";"2,33";"1,0";"2,33";"3,4";"20";"1,0";"1";"1,0";"1,0";"1,0";"3,0";"3,0";"3,0";"1,0";"1,0";"1,0";"1,0";"3";"4";"2";"4";"3";"4";"3";"4";"2";"3";"3";"4";"2";"3";"2";"1";"1";"1";"1";"4";"1,0";"";"";"";"";"";"";"";"";"";"";"";"";"";"";"";"";"";"";"";"";"";"";"";"";"Business, Finance and Law (BFL)";"Man";"21";"Haarlem";"2";"0";"Vwo";"Bij mijn ouder(s)/verzorger(s)"
"3";"3";"3";"2";"2";"2";"3";"3,4";"3,4";"3,0";"4";"3";"3";"3";"4";"4";"3";"4";"4";"2";"5";"3,8";"3,4";"2,33";"2,33";"2,33";"2,33";"2,33";"2,33";"2,33";"3,67";"3,8";"20";"1,0";"0";"1,0";"1,0";"1,0";"3,0";"1,0";"1,0";"1,0";"1,0";"1,0";"1,0";"4";"4";"3";"4";"4";"4";"4";"3";"3";"4";"3";"4";"3";"3";"3";"3";"3";"1";"1";"1";"2,2";"2";"2";"4";"3";"3";"2";"4";"2";"3";"3";"2";"2";"4";"2";"4";"4";"4";"4";"3";"4";"3";"4";"4";"4";"Business, Finance and Law (BFL)";"Vrouw";"21";"Rotterdam";"2";"0";"Mbo";"Bij mijn ouder(s)/verzorger(s)"
"3";"4";"3";"4";"4";"3";"3";"3,8";"4,2";"3,4";"3";"3";"3";"4";"4";"4";"3";"3";"4";"2";"4";"3,8";"4,6";"3,67";"5,0";"3,67";"3,67";"1,0";"2,33";"3,67";"5,0";"3,36";"20";"1,8";"0";"5,0";"1,0";"5,0";"3,0";"3,0";"3,0";"1,0";"1,0";"1,0";"1,0";"4";"4";"3";"4";"4";"4";"4";"3";"4";"3";"4";"4";"4";"4";"4";"2";"3";"2";"1";"4";"1,4";"";"";"";"";"";"";"";"";"";"";"";"";"";"";"";"";"";"";"";"";"";"";"";"";"Business, Finance and Law (BFL)";"Man";"24";"Rotterdam";"2";"0";"Mbo";"Bij mijn ouder(s)/verzorger(s)"
"2";"2";"2";"4";"3";"3";"2";"3,4";"3,8";"3,8";"3";"3";"3";"5";"5";"4";"2";"5";"4";"3";"5";"4,2";"4,6";"2,33";"3,67";"2,33";"2,33";"1,0";"2,33";"2,33";"2,33";"4,0";"20";"1,0";"0";"1,0";"1,0";"1,0";"3,0";"3,0";"3,0";"1,0";"1,0";"5,0";"1,0";"3";"5";"3";"4";"4";"5";"5";"5";"4";"4";"4";"5";"4";"4";"3";"2";"1";"1";"1";"3";"1,4";"";"";"";"";"";"";"";"";"";"";"";"";"";"";"";"";"";"";"";"";"";"";"";"";"Business, Finance and Law (BFL)";"Man";"20";"Den Haag";"2";"0";"Havo";"Bij mijn ouder(s)/verzorger(s)"
"3";"3";"3";"2";"3";"3";"2";"3,8";"3,4";"3,8";"2";"3";"1";"3";"4";"2";"2";"3";"4";"3";"4";"4,2";"3,8";"1,0";"2,33";"2,33";"2,33";"1,0";"2,33";"1,0";"2,33";"4,2";"20";"1,0";"0";"1,0";"1,0";"1,0";"3,0";"1,0";"3,0";"1,0";"1,0";"3,0";"1,0";"3";"4";"4";"3";"4";"4";"4";"4";"4";"4";"3";"4";"3";"4";"2";"1";"2";"3";"1";"5";"1,16";"";"";"";"";"";"";"";"";"";"";"";"";"";"";"";"";"";"";"";"";"";"";"";"";"Business, Finance and Law (BFL)";"Vrouw";"19";"Den Haag";"2";"0";"Havo";"Bij mijn ouder(s)/verzorger(s)"
"3";"4";"3";"3";"4";"3";"1";"3,4";"3,8";"4,2";"4";"2";"1";"5";"4";"4";"2";"3";"4";"3";"4";"4,2";"4,2";"3,67";"2,33";"2,33";"2,33";"2,33";"2,33";"2,33";"2,33";"3,56";"20";"1,0";"0";"1,0";"1,0";"1,0";"3,0";"3,0";"3,0";"1,0";"1,0";"3,0";"1,0";"3";"5";"3";"5";"4";"4";"5";"4";"5";"4";"4";"5";"5";"5";"4";"5";"2";"1";"1";"4";"1,4";"5";"4";"3";"3";"2";"2";"4";"4";"2";"4";"3";"4";"3";"4";"3";"3";"4";"5";"5";"3";"5";"4";"4";"5";"Business, Finance and Law (BFL)";"Man";"19";"Den Haag";"2";"0";"Havo";"Bij mijn ouder(s)/verzorger(s)"
"1";"1";"1";"5";"5";"5";"5";"1,4";"5,0";"1,0";"";"5";"";"5";"5";"5";"";"3";"5";"2";"2";"2,2";"3,4";"3,67";"5,0";"3,67";"3,67";"2,33";"3,67";"2,33";"5,0";"1,44";"20";"1,8";"1";"5,0";"5,0";"3,0";"3,0";"3,0";"5,0";"1,0";"3,0";"5,0";"1,0";"4";"4";"5";"3";"2";"2";"2";"1";"3";"3";"3";"3";"2";"1";"4";"1";"4";"1";"1";"2";"2,6";"5";"4";"4";"5";"4";"3";"4";"2";"3";"2";"5";"5";"5";"1";"4";"5";"3";"3";"2";"2";"3";"2";"2";"2";"Business, Finance and Law (BFL)";"Vrouw";"21";"Den Haag";"2";"0";"Havo";"Bij mijn ouder(s)/verzorger(s)"
"2";"3";"3";"3";"2";"3";"2";"3,8";"3,4";"3,8";"4";"3";"3";"5";"5";"4";"3";"4";"4";"2";"4";"4,2";"3,8";"2,33";"2,33";"1,0";"3,67";"1,0";"3,67";"1,0";"1,0";"4,08";"20";"1,0";"0";"1,0";"1,0";"1,0";"3,0";"1,0";"3,0";"5,0";"3,0";"5,0";"1,0";"3";"4";"2";"4";"4";"4";"4";"4";"4";"4";"2";"4";"2";"3";"2";"3";"2";"3";"1";"4";"2,36";"";"";"";"";"";"";"";"";"";"";"";"";"";"";"";"";"";"";"";"";"";"";"";"";"Business, Finance and Law (BFL)";"Vrouw";"21";"Den Haag";"2";"0";"Havo";"Bij mijn ouder(s)/verzorger(s)"
"3";"4";"4";"3";"3";"4";"3";"4,2";"4,2";"4,6";"3";"4";"4";"5";"5";"4";"4";"3";"3";"1";"5";"4,2";"3,8";"2,33";"3,67";"2,33";"1,0";"1,0";"1,0";"2,33";"2,33";"3,84";"20";"1,0";"0";"3,0";"1,0";"1,0";"3,0";"3,0";"3,0";"3,0";"1,0";"3,0";"1,0";"4";"5";"3";"5";"4";"5";"3";"2";"3";"4";"2";"5";"3";"3";"3";"3";"3";"3";"1";"5";"3,48";"";"";"";"";"";"";"";"";"";"";"";"";"";"";"";"";"";"";"";"";"";"";"";"";"Creative Business (CB)";"Vrouw";"19";"Den Haag";"2";"0";"Havo";"Bij mijn ouder(s)/verzorger(s)"
"2";"4";"3";"3";"1";"3";"3";"3,8";"3,0";"3,4";"2";"3";"3";"4";"4";"4";"4";"4";"4";"3";"4";"3,4";"2,6";"1,0";"2,33";"5,0";"2,33";"2,33";"1,0";"2,33";"2,33";"3,48";"20";"2,6";"0";"3,0";"1,0";"3,0";"3,0";"3,0";"5,0";"3,0";"1,0";"1,0";"1,0";"4";"5";"3";"4";"4";"4";"4";"4";"4";"3";"3";"5";"3";"4";"3";"3";"4";"2";"1";"5";"1,48";"4";"4";"3";"4";"2";"2";"5";"2";"2";"4";"4";"4";"4";"2";"4";"4";"3";"5";"4";"4";"4";"4";"3";"4";"Agri, Food and Life Sciences (AFL)";"Vrouw";"21";"Delft";"2";"0";"Mbo";"Met een of enkele huisgenoten / vrienden (geen relatie)"
"2";"3";"3";"4";"2";"2";"3";"3,4";"2,6";"3,4";"3";"2";"3";"4";"4";"4";"2";"1";"1";"2";"3";"4,2";"3,4";"1,0";"2,33";"2,33";"3,67";"1,0";"3,67";"1,0";"1,0";"3,0";"20";"3,4";"0";"1,0";"1,0";"1,0";"3,0";"1,0";"3,0";"1,0";"1,0";"1,0";"1,0";"3";"4";"3";"4";"3";"4";"4";"3";"4";"3";"2";"4";"2";"4";"2";"1";"4";"1";"1";"2";"2,04";"3";"1";"2";"2";"2";"2";"2";"2";"1";"";"";"";"";"";"";"";"";"";"";"";"";"";"";"";"Business, Finance and Law (BFL)";"Man";"21";"Alkmaar";"3";"0";"Mbo";"Bij mijn ouder(s)/verzorger(s)"
"2";"3";"4";"2";"3";"2";"3";"3,8";"3,8";"3,4";"";"3";"3";"3";"2";"3";"1";"4";"4";"1";"3";"3,4";"3,8";"1,0";"2,33";"3,67";"3,67";"1,0";"3,67";"1,0";"1,0";"4,28";"20";"3,4";"1";"3,0";"1,0";"3,0";"3,0";"5,0";"3,0";"1,0";"1,0";"1,0";"3,0";"4";"3";"3";"5";"4";"4";"4";"4";"4";"4";"3";"4";"3";"3";"3";"1";"3";"1";"1";"2";"3,56";"4";"4";"3";"2";"1";"3";"4";"3";"3";"2";"3";"3";"4";"3";"3";"3";"3";"4";"4";"4";"3";"4";"3";"4";"Gezondheid, Sport en Welzijn (GSW)";"Vrouw";"36";"Haarlem";"3";"0";"Mbo";"Met mijn partner / een relatie"
"2";"3";"2";"3";"3";"3";"5";"3,4";"3,4";"2,6";"5";"3";"4";"5";"5";"3";"";"4";"4";"2";"3";"3,4";"3,8";"2,33";"2,33";"3,67";"3,67";"2,33";"3,67";"2,33";"2,33";"3,4";"20";"2,6";"0";"1,0";"1,0";"5,0";"3,0";"1,0";"1,0";"5,0";"1,0";"3,0";"1,0";"2";"4";"3";"3";"4";"4";"4";"4";"4";"3";"2";"4";"1";"3";"4";"1";"1";"1";"1";"2";"3,4";"3";"3";"4";"3";"2";"3";"3";"2";"3";"3";"4";"4";"4";"3";"4";"4";"4";"3";"3";"4";"4";"5";"4";"4";"Business, Finance and Law (BFL)";"Vrouw";"22";"Rotterdam";"3";"0";"Havo";"Bij mijn ouder(s)/verzorger(s)"
"3";"3";"3";"3";"3";"3";"2";"4,6";"3,4";"3,8";"";"3";"";"2";"2";"3";"";"3";"3";"";"4";"4,2";"4,2";"1,0";"2,33";"2,33";"2,33";"1,0";"2,33";"1,0";"1,0";"3,68";"20";"4,2";"0";"1,0";"1,0";"1,0";"3,0";"1,0";"3,0";"1,0";"1,0";"3,0";"1,0";"4";"4";"4";"4";"4";"4";"3";"3";"3";"3";"3";"4";"4";"3";"3";"2";"3";"1";"1";"";"4,2";"4";"3";"3";"3";"2";"2";"4";"3";"2";"3";"2";"4";"3";"3";"3";"4";"4";"4";"3";"4";"4";"3";"3";"4";"Agri, Food and Life Sciences (AFL)";"Man";"51";"Delft";"3";"0";"Vwo";"Alleen"
"4";"3";"4";"3";"1";"1";"2";"4,2";"2,6";"3,8";"1";"2";"1";"2";"3";"2";"1";"2";"2";"1";"4";"3,8";"4,2";"1,0";"2,33";"1,0";"2,33";"2,33";"1,0";"1,0";"2,33";"3,6";"20";"1,0";"0";"5,0";"1,0";"1,0";"3,0";"1,0";"1,0";"3,0";"1,0";"3,0";"1,0";"4";"4";"3";"4";"5";"4";"3";"3";"4";"3";"3";"4";"4";"4";"3";"2";"3";"2";"1";"3";"2,84";"2";"2";"3";"3";"4";"1";"5";"3";"4";"4";"2";"1";"3";"4";"3";"4";"5";"4";"4";"5";"4";"3";"3";"3";"Agri, Food and Life Sciences (AFL)";"Man";"20";"Delft";"3";"0";"Havo";"Bij mijn ouder(s)/verzorger(s)"
"2";"3";"2";"1";"1";"1";"1";"3,8";"4,2";"3,8";"3";"5";"2";"4";"5";"2";"5";"1";"3";"1";"4";"3,8";"3,4";"2,33";"1,0";"2,33";"2,33";"1,0";"2,33";"2,33";"2,33";"3,64";"20";"2,6";"0";"1,0";"1,0";"1,0";"3,0";"3,0";"3,0";"1,0";"1,0";"1,0";"1,0";"5";"4";"2";"5";"5";"4";"4";"3";"5";"5";"4";"5";"2";"4";"1";"2";"2";"1";"1";"3";"2,36";"3";"1";"4";"1";"3";"2";"4";"4";"2";"3";"4";"3";"3";"3";"2";"4";"4";"5";"3";"4";"3";"4";"3";"2";"Business, Finance and Law (BFL)";"Vrouw";"23";"Alkmaar";"4";"0";"Mbo";"Bij mijn ouder(s)/verzorger(s)"
"3";"4";"4";"3";"2";"2";"2";"4,6";"2,6";"4,6";"";"3";"";"2";"2";"3";"";"2";"2";"";"4";"4,6";"4,2";"2,33";"2,33";"2,33";"2,33";"1,0";"2,33";"2,33";"2,33";"3,84";"20";"4,2";"0";"1,0";"1,0";"1,0";"3,0";"3,0";"3,0";"1,0";"3,0";"1,0";"1,0";"4";"4";"3";"4";"4";"4";"4";"4";"4";"3";"3";"4";"4";"4";"4";"1";"1";"3";"1";"";"2,2";"2";"3";"3";"2";"1";"3";"4";"4";"4";"4";"2";"2";"3";"3";"3";"4";"4";"3";"3";"3";"3";"4";"3";"3";"Onderwijs en Innovatie (ONI)";"Man";"51";"Den Haag";"4";"0";"Anders, namelijk (vul in):";"Met mijn partner / een relatie"
"2";"3";"2";"3";"2";"2";"3";"2,2";"3,4";"1,8";"2";"4";"3";"2";"3";"2";"1";"2";"3";"2";"1";"2,2";"3,8";"3,67";"3,67";"5,0";"5,0";"3,67";"3,67";"3,67";"3,67";"2,44";"20";"1,0";"1";"3,0";"5,0";"5,0";"3,0";"5,0";"5,0";"1,0";"1,0";"1,0";"1,0";"2";"4";"4";"5";"3";"3";"2";"2";"4";"3";"3";"5";"3";"4";"1";"1";"3";"2";"1";"3";"1,72";"";"";"";"";"";"";"";"";"";"";"";"";"";"";"";"";"";"";"";"";"";"";"";"";"Business, Finance and Law (BFL)";"Man";"26";"Alkmaar";"5 of hoger";"0";"Havo";"Bij mijn ouder(s)/verzorger(s)"
"3";"4";"3";"2";"3";"2";"3";"4,2";"3,4";"4,2";"4";"2";"";"3";"";"3";"";"3";"2";"3";"3";"3,8";"3,8";"1,0";"2,33";"3,67";"2,33";"1,0";"2,33";"2,33";"2,33";"3,8";"20";"1,0";"0";"3,0";"1,0";"1,0";"3,0";"1,0";"5,0";"3,0";"1,0";"1,0";"1,0";"4";"5";"3";"5";"4";"4";"2";"4";"4";"3";"2";"5";"3";"4";"3";"1";"3";"3";"1";"3";"";"2";"3";"2";"3";"4";"4";"4";"3";"3";"3";"3";"2";"3";"3";"2";"4";"3";"4";"4";"4";"4";"2";"3";"2";"Techniek, Ontwerpen en Informatica (TOI)";"Vrouw";"26";"Delft";"5 of hoger";"0";"Vwo";"Alleen"
"4";"4";"3";"3";"4";"4";"4";"3,8";"4,2";"4,6";"";"";"";"1";"3";"4";"4";"2";"3";"4";"4";"3,4";"3,0";"1,0";"2,33";"2,33";"1,0";"3,67";"1,0";"1,0";"2,33";"3,4";"20";"1,0";"0";"1,0";"1,0";"1,0";"5,0";"5,0";"3,0";"3,0";"3,0";"3,0";"3,0";"4";"4";"3";"4";"5";"4";"4";"5";"5";"4";"4";"4";"4";"5";"4";"4";"4";"3";"1";"3";"2,2";"";"";"";"";"";"";"";"";"";"";"";"";"";"";"";"";"";"";"";"";"";"";"";"";"Creative Business (CB)";"Man";"19";"Amsterdam";"1";"0";"Havo";"Bij mijn ouder(s)/verzorger(s)"
"5";"5";"1";"1";"3";"3";"1";"5,0";"4,6";"5,0";"4";"1";"1";"5";"4";"4";"2";"1";"1";"1";"4";"3,8";"5,0";"5,0";"5,0";"2,33";"3,67";"3,67";"3,67";"2,33";"2,33";"3,04";"20";"1,0";"0";"5,0";"5,0";"3,0";"5,0";"3,0";"3,0";"5,0";"1,0";"1,0";"1,0";"5";"5";"5";"5";"5";"5";"5";"4";"5";"5";"4";"5";"5";"5";"5";"5";"5";"4";"1";"5";"1,0";"4";"4";"5";"3";"3";"3";"4";"4";"4";"";"";"";"";"";"";"";"";"";"";"";"";"";"";"";"Creative Business (CB)";"Man";"24";"Amsterdam";"1";"1";"Anders, namelijk (vul in):";"In een studentenhuis / met meerdere studenten samen"
"3";"3";"3";"4";"2";"3";"1";"5,0";"5,0";"5,0";"3";"1";"1";"5";"5";"1";"2";"3";"5";"3";"5";"3,0";"3,4";"5,0";"5,0";"2,33";"3,67";"3,67";"2,33";"3,67";"2,33";"3,04";"20";"1,0";"0";"5,0";"5,0";"5,0";"5,0";"1,0";"3,0";"5,0";"1,0";"1,0";"1,0";"5";"5";"2";"5";"5";"5";"3";"3";"3";"3";"3";"5";"3";"4";"5";"5";"4";"5";"1";"5";"4,04";"4";"3";"5";"2";"3";"3";"3";"3";"3";"";"";"";"";"";"";"";"";"";"";"";"";"";"";"";"Creative Business (CB)";"Man";"20";"Amsterdam";"1";"1";"Anders, namelijk (vul in):";"In een studentenhuis / met meerdere studenten samen"
"5";"5";"5";"1";"1";"1";"1";"5,0";"3,8";"5,0";"5";"5";"4";"3";"4";"5";"3";"2";"3";"1";"4";"4,2";"3,8";"1,0";"1,0";"1,0";"2,33";"1,0";"2,33";"1,0";"2,33";"3,8";"20";"1,0";"0";"1,0";"1,0";"1,0";"5,0";"3,0";"3,0";"3,0";"1,0";"1,0";"1,0";"5";"5";"1";"5";"5";"4";"5";"3";"4";"2";"4";"5";"4";"4";"5";"1";"4";"1";"1";"";"2,6";"2";"2";"5";"2";"2";"5";"4";"4";"4";"4";"2";"3";"3";"3";"3";"4";"4";"4";"3";"3";"2";"2";"2";"2";"Verloskunde Academie";"Anders";"12";"Groningen (Verloskunde Academie)";"1";"0";"Anders, namelijk (vul in):";"Anders"
"3";"3";"4";"3";"2";"3";"4";"2,2";"3,8";"2,6";"1";"3";"1";"3";"3";"3";"2";"3";"3";"1";"3";"3,0";"3,4";"2,33";"3,67";"2,33";"3,67";"1,0";"3,67";"2,33";"3,67";"3,4";"20";"1,0";"0";"1,0";"1,0";"1,0";"5,0";"3,0";"1,0";"1,0";"1,0";"1,0";"1,0";"3";"3";"4";"4";"3";"3";"3";"4";"4";"4";"3";"4";"2";"4";"2";"1";"2";"1";"1";"2";"";"";"";"";"";"";"";"";"";"";"";"";"";"";"";"";"";"";"";"";"";"";"";"";"";"Business, Finance and Law (BFL)";"Man";"19";"Den Haag";"2";"0";"Havo";"Bij mijn ouder(s)/verzorger(s)"
"2";"3";"3";"4";"4";"5";"4";"2,2";"4,6";"1,8";"2";"5";"3";"5";"5";"4";"3";"2";"5";"2";"3";"3,0";"3,8";"3,67";"3,67";"3,67";"3,67";"1,0";"3,67";"3,67";"3,67";"3,8";"20";"1,0";"1";"5,0";"1,0";"1,0";"5,0";"3,0";"5,0";"1,0";"1,0";"5,0";"1,0";"4";"3";"4";"3";"2";"5";"1";"2";"2";"1";"3";"4";"3";"4";"2";"2";"2";"2";"1";"2";"3,4";"4";"3";"3";"4";"5";"5";"4";"5";"2";"2";"4";"5";"4";"2";"3";"2";"4";"2";"3";"3";"2";"2";"1";"1";"Business, Finance and Law (BFL)";"Vrouw";"20";"Den Haag";"2";"0";"Havo";"Bij mijn ouder(s)/verzorger(s)"
"4";"5";"4";"3";"2";"3";"3";"4,2";"2,2";"5,0";"1";"2";"2";"2";"2";"2";"1";"2";"2";"2";"4";"4,2";"4,2";"1,0";"2,33";"2,33";"1,0";"2,33";"2,33";"1,0";"2,33";"3,68";"20";"2,6";"0";"1,0";"1,0";"1,0";"5,0";"5,0";"1,0";"1,0";"1,0";"1,0";"1,0";"3";"3";"3";"5";"5";"5";"4";"5";"5";"5";"5";"5";"5";"5";"5";"5";"5";"3";"1";"3";"2,12";"";"";"";"";"";"";"";"";"";"";"";"";"";"";"";"";"";"";"";"";"";"";"";"";"Creative Business (CB)";"Man";"22";"Haarlem";"3";"0";"Havo";"Met een of enkele huisgenoten / vrienden (geen relatie)"
"1";"2";"3";"5";"2";"2";"4";"3,8";"5,0";"2,2";"4";"5";"2";"5";"4";"";"5";"4";"5";"3";"4";"3,4";"4,2";"2,33";"2,33";"1,0";"3,67";"5,0";"3,67";"2,33";"3,67";"3,52";"20";"3,4";"1";"5,0";"5,0";"5,0";"5,0";"1,0";"5,0";"5,0";"3,0";"1,0";"1,0";"4";"3";"2";"4";"2";"3";"4";"2";"1";"2";"2";"5";"4";"2";"5";"4";"2";"4";"1";"3";"1,0";"5";"5";"5";"5";"2";"4";"4";"5";"5";"2";"5";"4";"4";"2";"4";"4";"2";"3";"3";"2";"2";"2";"1";"2";"Creative Business (CB)";"Man";"21";"Den Haag";"3";"1";"Ik heb een buitenlandse vooropleiding afgerond (bv. A-levels)";"Alleen"
"2";"3";"3";"5";"3";"4";"3";"4,2";"4,2";"3,0";"";"5";"";"5";"";"5";"";"5";"4";"4";"4";"5,0";"3,8";"1,0";"2,33";"3,67";"1,0";"1,0";"2,33";"1,0";"3,67";"3,8";"20";"3,4";"1";"1,0";"1,0";"1,0";"5,0";"1,0";"1,0";"1,0";"1,0";"1,0";"1,0";"4";"4";"5";"4";"5";"5";"5";"5";"5";"5";"5";"5";"5";"3";"5";"5";"1";"1";"1";"4";"3,56";"5";"2";"4";"4";"4";"1";"5";"4";"2";"4";"3";"3";"3";"3";"3";"5";"2";"4";"3";"3";"4";"3";"1";"2";"Gezondheid, Sport en Welzijn (GSW)";"Vrouw";"29";"Amsterdam";"4";"0";"Havo";"Alleen"
"1";"3";"3";"3";"2";"2";"3";"3,4";"3,4";"3,0";"2";"3";"1";"2";"2";"2";"2";"2";"2";"2";"4";"4,2";"4,2";"1,0";"2,33";"2,33";"2,33";"1,0";"2,33";"1,0";"2,33";"3,6";"20";"1,8";"0";"1,0";"1,0";"1,0";"5,0";"3,0";"3,0";"1,0";"1,0";"1,0";"1,0";"2";"2";"2";"3";"3";"3";"4";"4";"4";"4";"4";"4";"4";"4";"4";"4";"4";"4";"1";"1";"4,12";"";"";"";"";"";"";"";"";"";"";"";"";"";"";"";"";"";"";"";"";"";"";"";"";"Agri, Food and Life Sciences (AFL)";"Man";"21";"Delft";"4";"0";"Havo";"Alleen"
"3";"4";"4";"2";"2";"3";"2";"4,2";"3,4";"3,4";"3";"4";"3";"4";"4";"3";"3";"3";"4";"2";"5";"3,4";"4,2";"2,33";"3,67";"2,33";"3,67";"1,0";"5,0";"1,0";"2,33";"3,72";"20";"1,0";"1";"1,0";"1,0";"1,0";"5,0";"3,0";"5,0";"3,0";"1,0";"1,0";"1,0";"4";"2";"2";"4";"4";"4";"4";"4";"4";"4";"3";"4";"3";"4";"4";"5";"3";"3";"1";"3";"1,4";"";"";"";"";"";"";"";"";"";"";"";"";"";"";"";"";"";"";"";"";"";"";"";"";"Agri, Food and Life Sciences (AFL)";"Vrouw";"21";"Delft";"4";"0";"Havo";"Bij mijn ouder(s)/verzorger(s)"
"3";"4";"2";"4";"4";"2";"4";"3,4";"2,2";"3,4";"3";"4";"3";"4";"3";"4";"2";"5";"4";"5";"2";"3,0";"3,4";"2,33";"3,67";"2,33";"3,67";"3,67";"3,67";"3,67";"3,67";"3,12";"19";"3,4";"1";"5,0";"1,0";"1,0";"1,0";"1,0";"5,0";"1,0";"1,0";"1,0";"1,0";"3";"2";"4";"5";"4";"3";"3";"2";"4";"5";"4";"5";"4";"5";"4";"3";"2";"3";"1";"5";"2,52";"";"";"";"";"";"";"";"";"";"";"";"";"";"";"";"";"";"";"";"";"";"";"";"";"Gezondheid, Sport en Welzijn (GSW)";"Man";"19";"Haarlem";"2";"0";"Havo";"Bij mijn ouder(s)/verzorger(s)"
"2";"3";"3";"3";"3";"4";"4";"3,8";"4,2";"3,4";"2";"4";"3";"4";"4";"4";"4";"3";"4";"2";"4";"3,0";"3,8";"3,67";"5,0";"2,33";"3,67";"2,33";"3,67";"2,33";"2,33";"3,4";"19";"1,0";"0";"1,0";"1,0";"5,0";"1,0";"1,0";"3,0";"1,0";"3,0";"1,0";"1,0";"4";"4";"3";"4";"3";"3";"4";"3";"3";"3";"3";"4";"3";"4";"2";"2";"1";"1";"1";"5";"3,88";"";"";"";"";"";"";"";"";"";"";"";"";"";"";"";"";"";"";"";"";"";"";"";"";"Onderwijs en Innovatie (ONI)";"Vrouw";"21";"Dordrecht";"2";"0";"Mbo";"Bij mijn ouder(s)/verzorger(s)"
"3";"3";"2";"4";"2";"3";"3";"3,0";"4,2";"2,2";"1";"3";"1";"3";"3";"2";"1";"2";"3";"2";"4";"3,8";"4,2";"2,33";"2,33";"2,33";"2,33";"2,33";"2,33";"2,33";"2,33";"4,08";"19";"3,4";"1";"1,0";"1,0";"5,0";"1,0";"1,0";"1,0";"1,0";"1,0";"1,0";"1,0";"4";"4";"3";"4";"2";"3";"3";"2";"2";"4";"2";"4";"2";"2";"3";"2";"4";"3";"1";"3";"1,8";"";"";"";"";"";"";"";"";"";"";"";"";"";"";"";"";"";"";"";"";"";"";"";"";"Verloskunde Academie";"Vrouw";"20";"Groningen (Verloskunde Academie)";"3";"0";"Anders, namelijk (vul in):";"Met mijn partner / een relatie"
"3";"4";"4";"3";"2";"4";"4";"3,8";"3,8";"3,8";"2";"2";"2";"4";"4";"4";"4";"4";"3";"4";"2";"3,0";"4,2";"3,67";"2,33";"2,33";"3,67";"3,67";"3,67";"3,67";"3,67";"3,76";"19";"1,0";"0";"1,0";"1,0";"5,0";"3,0";"3,0";"3,0";"1,0";"1,0";"1,0";"1,0";"3";"5";"4";"5";"4";"4";"4";"4";"4";"4";"2";"3";"3";"3";"2";"1";"1";"1";"1";"4";"3,56";"4";"2";"3";"3";"5";"2";"4";"3";"2";"2";"2";"2";"2";"3";"3";"4";"2";"3";"3";"4";"4";"4";"3";"4";"Gezondheid, Sport en Welzijn (GSW)";"Man";"19";"Haarlem";"1";"0";"Havo";"Bij mijn ouder(s)/verzorger(s)"
"3";"4";"3";"3";"2";"2";"2";"4,2";"3,4";"3,8";"4";"3";"3";"3";"4";"3";"3";"3";"3";"4";"4";"3,8";"4,2";"2,33";"2,33";"1,0";"2,33";"2,33";"2,33";"2,33";"2,33";"3,8";"18";"1,0";"0";"1,0";"1,0";"1,0";"3,0";"3,0";"3,0";"1,0";"1,0";"1,0";"1,0";"4";"4";"3";"4";"4";"4";"4";"4";"4";"4";"4";"4";"4";"4";"4";"5";"4";"3";"1";"4";"1,88";"4";"3";"2";"2";"2";"4";"4";"3";"4";"4";"4";"3";"4";"4";"4";"4";"2";"4";"3";"3";"3";"4";"4";"4";"Gezondheid, Sport en Welzijn (GSW)";"Vrouw";"21";"Amsterdam";"1";"0";"Mbo";"Bij mijn ouder(s)/verzorger(s)"
"4";"5";"4";"1";"2";"3";"3";"4,2";"2,2";"4,2";"3";"1";"2";"3";"1";"1";"1";"2";"1";"3";"4";"4,6";"3,8";"1,0";"2,33";"2,33";"1,0";"1,0";"1,0";"2,33";"2,33";"3,88";"18";"1,0";"0";"1,0";"1,0";"1,0";"3,0";"3,0";"3,0";"3,0";"1,0";"1,0";"1,0";"4";"5";"2";"5";"5";"5";"4";"4";"4";"4";"4";"4";"3";"4";"3";"1";"1";"3";"1";"5";"2,04";"1";"2";"2";"3";"3";"2";"5";"2";"3";"4";"2";"2";"5";"2";"4";"4";"3";"5";"5";"5";"5";"5";"5";"5";"Gezondheid, Sport en Welzijn (GSW)";"Vrouw";"24";"Amsterdam";"1";"0";"Mbo";"Met een of enkele huisgenoten / vrienden (geen relatie)"
"3";"4";"4";"3";"3";"3";"4";"4,6";"4,2";"3,8";"";"2";"";"2";"4";"";"";"3";"3";"3";"3";"3,4";"4,2";"2,33";"3,67";"5,0";"2,33";"2,33";"2,33";"2,33";"5,0";"4,76";"18";"1,0";"0";"1,0";"1,0";"3,0";"3,0";"3,0";"5,0";"1,0";"1,0";"3,0";"1,0";"4";"5";"4";"4";"4";"4";"5";"5";"4";"3";"4";"4";"2";"4";"1";"1";"1";"1";"1";"5";"";"3";"4";"2";"2";"1";"4";"5";"3";"1";"2";"5";"5";"5";"1";"5";"4";"1";"3";"4";"5";"4";"5";"3";"4";"Gezondheid, Sport en Welzijn (GSW)";"Vrouw";"18";"Amsterdam";"1";"0";"Havo";"Bij mijn ouder(s)/verzorger(s)"
"3";"3";"3";"4";"3";"4";"3";"3,8";"4,2";"3,4";"4";"4";"5";"5";"5";"4";"5";"3";"3";"4";"3";"3,8";"3,4";"2,33";"2,33";"1,0";"2,33";"2,33";"2,33";"1,0";"3,67";"3,6";"18";"1,0";"0";"1,0";"1,0";"1,0";"3,0";"3,0";"3,0";"3,0";"3,0";"1,0";"1,0";"4";"5";"4";"5";"4";"4";"4";"3";"4";"3";"3";"5";"4";"4";"2";"1";"1";"1";"1";"5";"1,56";"4";"3";"3";"4";"5";"4";"4";"4";"4";"3";"3";"4";"4";"3";"3";"3";"4";"5";"3";"5";"5";"5";"4";"4";"Gezondheid, Sport en Welzijn (GSW)";"Vrouw";"22";"Amsterdam";"1";"0";"Havo";"Bij mijn ouder(s)/verzorger(s)"
"2";"3";"3";"1";"1";"3";"3";"2,6";"3,0";"3,4";"1";"2";"2";"3";"4";"4";"3";"3";"5";"2";"3";"4,2";"3,8";"1,0";"2,33";"2,33";"2,33";"1,0";"3,67";"1,0";"2,33";"3,8";"18";"1,0";"0";"1,0";"1,0";"1,0";"3,0";"1,0";"3,0";"1,0";"1,0";"1,0";"1,0";"3";"4";"3";"5";"5";"3";"3";"3";"1";"3";"2";"5";"3";"2";"1";"1";"1";"1";"1";"3";"1,64";"";"";"";"";"";"";"";"";"";"";"";"";"";"";"";"";"";"";"";"";"";"";"";"";"Gezondheid, Sport en Welzijn (GSW)";"Vrouw";"19";"Amsterdam";"1";"0";"Havo";"Bij mijn ouder(s)/verzorger(s)"
"3";"4";"3";"4";"1";"4";"3";"3,8";"4,2";"3,4";"5";"4";"3";"5";"5";"5";"5";"4";"5";"3";"2";"3,0";"3,8";"3,67";"3,67";"2,33";"3,67";"5,0";"3,67";"5,0";"3,67";"3,4";"18";"1,8";"1";"5,0";"1,0";"5,0";"3,0";"1,0";"3,0";"1,0";"1,0";"1,0";"1,0";"5";"5";"1";"5";"3";"3";"3";"1";"2";"2";"2";"2";"2";"3";"3";"1";"1";"1";"1";"2";"3,56";"";"";"";"";"";"";"";"";"";"";"";"";"";"";"";"";"";"";"";"";"";"";"";"";"Gezondheid, Sport en Welzijn (GSW)";"Vrouw";"23";"Amsterdam";"1";"0";"Mbo";"Alleen"
"1";"3";"2";"3";"2";"3";"2";"3,4";"3,8";"3,4";"";"3";"";"3";"4";"4";"5";"2";"4";"";"3";"4,2";"3,8";"1,0";"2,33";"3,67";"2,33";"1,0";"2,33";"1,0";"2,33";"4,04";"18";"3,4";"0";"3,0";"1,0";"1,0";"3,0";"3,0";"5,0";"1,0";"1,0";"1,0";"3,0";"3";"4";"5";"4";"4";"5";"3";"2";"4";"5";"3";"5";"4";"3";"4";"1";"2";"1";"1";"4";"3,0";"4";"1";"3";"2";"3";"1";"5";"2";"2";"4";"4";"2";"3";"2";"2";"2";"2";"4";"3";"4";"3";"4";"3";"4";"Onderwijs en Innovatie (ONI)";"Vrouw";"22";"Alkmaar";"2";"0";"Mbo";"Bij mijn ouder(s)/verzorger(s)"
"4";"3";"4";"3";"3";"4";"2";"4,6";"4,6";"3,8";"5";"4";"4";"5";"5";"5";"4";"3";"3";"";"3";"3,4";"4,6";"1,0";"2,33";"5,0";"3,67";"3,67";"3,67";"1,0";"1,0";"4,2";"18";"1,0";"1";"1,0";"5,0";"5,0";"5,0";"3,0";"5,0";"1,0";"1,0";"3,0";"3,0";"5";"5";"1";"5";"4";"4";"4";"3";"4";"2";"4";"5";"4";"3";"4";"3";"2";"2";"1";"";"1,08";"4";"4";"2";"4";"2";"2";"5";"2";"2";"4";"2";"4";"5";"2";"4";"3";"3";"3";"3";"3";"3";"4";"2";"2";"Gezondheid, Sport en Welzijn (GSW)";"Vrouw";"22";"Amsterdam";"1";"0";"Mbo";"Met een of enkele huisgenoten / vrienden (geen relatie)"
"2";"4";"3";"4";"4";"5";"4";"3,0";"3,8";"3,8";"3";"2";"2";"4";"5";"4";"4";"1";"4";"5";"3";"3,4";"4,2";"3,67";"3,67";"2,33";"3,67";"1,0";"2,33";"2,33";"5,0";"3,6";"18";"3,4";"0";"3,0";"1,0";"3,0";"5,0";"5,0";"5,0";"3,0";"3,0";"1,0";"1,0";"4";"2";"4";"2";"3";"2";"3";"3";"2";"4";"5";"5";"4";"4";"4";"4";"3";"3";"1";"4";"1,0";"4";"3";"3";"4";"2";"3";"5";"4";"4";"2";"4";"4";"4";"3";"4";"3";"3";"5";"4";"5";"5";"4";"4";"3";"Agri, Food and Life Sciences (AFL)";"Anders";"25";"Delft";"2";"0";"Mbo";"Bij mijn ouder(s)/verzorger(s)"
"2";"4";"3";"3";"3";"4";"3";"3,4";"3,8";"3,4";"4";"3";"2";"3";"4";"3";"3";"2";"3";"2";"3";"3,8";"4,2";"1,0";"2,33";"5,0";"2,33";"2,33";"2,33";"2,33";"2,33";"3,4";"18";"3,4";"0";"5,0";"5,0";"5,0";"5,0";"3,0";"1,0";"1,0";"1,0";"1,0";"1,0";"3";"4";"3";"3";"4";"4";"4";"4";"4";"3";"1";"5";"3";"3";"2";"1";"1";"1";"1";"4";"1,56";"";"";"";"";"";"";"";"";"";"";"";"";"";"";"";"";"";"";"";"";"";"";"";"";"Agri, Food and Life Sciences (AFL)";"Man";"20";"Delft";"2";"0";"Mbo";"Bij mijn ouder(s)/verzorger(s)"
"1";"4";"3";"3";"4";"4";"4";"3,0";"4,6";"3,8";"2";"2";"2";"3";"3";"4";"5";"3";"2";"2";"3";"3,4";"4,2";"2,33";"3,67";"2,33";"3,67";"1,0";"3,67";"2,33";"5,0";"3,8";"17";"1,8";"0";"5,0";"1,0";"1,0";"1,0";"1,0";"3,0";"1,0";"1,0";"1,0";"1,0";"2";"4";"5";"3";"4";"4";"4";"3";"3";"3";"2";"4";"1";"2";"2";"1";"1";"1";"1";"3";"3,56";"";"";"";"";"";"";"";"";"";"";"";"";"";"";"";"";"";"";"";"";"";"";"";"";"Gezondheid, Sport en Welzijn (GSW)";"Vrouw";"24";"Haarlem";"1";"0";"Havo";"Bij mijn ouder(s)/verzorger(s)"
"4";"4";"5";"2";"3";"2";"1";"5,0";"2,6";"4,6";"1";"3";"1";"3";"1";"3";"1";"2";"1";"2";"4";"4,2";"4,2";"3,67";"2,33";"1,0";"3,67";"1,0";"3,67";"2,33";"1,0";"3,72";"17";"3,4";"0";"3,0";"1,0";"1,0";"1,0";"1,0";"1,0";"1,0";"1,0";"1,0";"1,0";"5";"5";"2";"5";"5";"5";"4";"5";"5";"4";"3";"5";"2";"4";"1";"1";"1";"2";"1";"4";"1,48";"3";"3";"2";"3";"5";"1";"5";"4";"2";"4";"4";"3";"3";"3";"2";"4";"4";"3";"4";"5";"3";"4";"3";"3";"Verloskunde Academie";"Vrouw";"21";"Groningen (Verloskunde Academie)";"3";"0";"Anders, namelijk (vul in):";"In een studentenhuis / met meerdere studenten samen"
"2";"3";"2";"4";"3";"2";"4";"2,2";"4,6";"3,4";"2";"3";"4";"3";"3";"3";"4";"5";"4";"";"2";"2,6";"3,4";"3,67";"3,67";"2,33";"3,67";"1,0";"2,33";"3,67";"5,0";"3,16";"17";"4,2";"1";"1,0";"1,0";"1,0";"3,0";"1,0";"3,0";"1,0";"1,0";"1,0";"1,0";"2";"5";"4";"5";"4";"5";"5";"3";"3";"2";"3";"5";"1";"3";"1";"1";"1";"4";"0";"4";"2,12";"4";"1";"2";"1";"2";"1";"4";"2";"4";"1";"4";"5";"4";"1";"5";"3";"2";"4";"4";"5";"3";"5";"3";"5";"Gezondheid, Sport en Welzijn (GSW)";"Man";"18";"Haarlem";"1";"0";"Vwo";"Bij mijn ouder(s)/verzorger(s)"
"3";"3";"2";"4";"2";"3";"5";"3,4";"4,2";"2,6";"2";"3";"2";"5";"3";"5";"5";"2";"4";"1";"4";"3,8";"3,4";"2,33";"3,67";"2,33";"2,33";"1,0";"2,33";"2,33";"2,33";"3,0";"17";"1,0";"0";"1,0";"1,0";"1,0";"3,0";"1,0";"5,0";"1,0";"1,0";"1,0";"1,0";"3";"4";"4";"4";"3";"3";"3";"3";"4";"3";"1";"5";"1";"2";"1";"1";"1";"1";"1";"3";"";"4";"3";"3";"2";"1";"2";"5";"3";"4";"4";"3";"4";"4";"3";"3";"4";"4";"2";"3";"3";"3";"3";"3";"2";"Business, Finance and Law (BFL)";"Vrouw";"21";"Rotterdam";"2";"0";"Mbo";"Bij mijn ouder(s)/verzorger(s)"
"4";"3";"4";"1";"1";"1";"3";"3,4";"2,2";"3,8";"4";"4";"1";"5";"5";"3";"1";"2";"2";"5";"4";"4,2";"3,8";"1,0";"1,0";"2,33";"1,0";"1,0";"1,0";"1,0";"2,33";"3,96";"17";"1,0";"0";"1,0";"1,0";"1,0";"3,0";"3,0";"3,0";"1,0";"1,0";"1,0";"1,0";"4";"3";"3";"4";"4";"4";"4";"4";"4";"2";"3";"5";"3";"3";"5";"4";"1";"1";"1";"4";"1,8";"2";"2";"4";"2";"4";"3";"4";"3";"2";"3";"4";"3";"4";"2";"4";"4";"2";"3";"4";"5";"5";"5";"2";"3";"Onderwijs en Innovatie (ONI)";"Vrouw";"21";"Alkmaar";"3";"0";"Havo";"Bij mijn ouder(s)/verzorger(s)"
"2";"4";"4";"2";"2";"4";"4";"2,2";"3,0";"3,8";"1";"3";"1";"3";"3";"3";"1";"3";"3";"3";"5";"4,2";"3,8";"1,0";"2,33";"1,0";"1,0";"1,0";"1,0";"1,0";"2,33";"3,52";"17";"1,0";"0";"1,0";"1,0";"1,0";"3,0";"3,0";"3,0";"1,0";"1,0";"1,0";"1,0";"3";"4";"3";"4";"4";"4";"4";"4";"4";"3";"2";"4";"3";"3";"4";"1";"1";"1";"1";"4";"3,56";"";"";"";"";"";"";"";"";"";"";"";"";"";"";"";"";"";"";"";"";"";"";"";"";"Gezondheid, Sport en Welzijn (GSW)";"Man";"23";"Haarlem";"3";"0";"Havo";"Bij mijn ouder(s)/verzorger(s)"
"4";"4";"3";"2";"2";"4";"2";"4,2";"3,4";"4,2";"3";"3";"3";"4";"4";"3";"5";"2";"4";"4";"3";"3,4";"3,8";"2,33";"2,33";"1,0";"2,33";"2,33";"2,33";"2,33";"2,33";"4,12";"17";"1,0";"0";"1,0";"1,0";"3,0";"3,0";"5,0";"3,0";"3,0";"1,0";"1,0";"1,0";"4";"5";"2";"4";"4";"4";"4";"4";"4";"4";"4";"4";"4";"4";"3";"3";"1";"1";"1";"5";"1,64";"1";"3";"3";"2";"4";"3";"5";"4";"4";"3";"4";"3";"4";"3";"4";"3";"4";"4";"3";"4";"4";"5";"3";"2";"Agri, Food and Life Sciences (AFL)";"Vrouw";"23";"Amsterdam";"5 of hoger";"0";"Havo";"Bij mijn ouder(s)/verzorger(s)"
"4";"5";"5";"2";"2";"1";"4";"4,2";"2,6";"4,2";"4";"4";"5";"4";"4";"5";"";"3";"3";"1";"4";"4,6";"4,6";"1,0";"1,0";"2,33";"2,33";"1,0";"2,33";"1,0";"2,33";"3,64";"16";"3,4";"0";"3,0";"1,0";"1,0";"1,0";"5,0";"5,0";"1,0";"1,0";"1,0";"1,0";"4";"4";"3";"3";"5";"5";"4";"4";"5";"4";"4";"5";"5";"4";"4";"3";"3";"3";"1";"4";"2,68";"";"";"";"";"";"";"";"";"";"";"";"";"";"";"";"";"";"";"";"";"";"";"";"";"Techniek, Ontwerpen en Informatica (TOI)";"Man";"19";"Alkmaar";"1";"0";"Havo";"Bij mijn ouder(s)/verzorger(s)"
"4";"5";"5";"2";"2";"1";"2";"4,2";"2,6";"5,0";"2";"2";"2";"2";"2";"1";"2";"1";"2";"";"2";"4,2";"3,8";"1,0";"2,33";"2,33";"2,33";"1,0";"2,33";"1,0";"2,33";"3,8";"16";"4,2";"0";"1,0";"1,0";"1,0";"1,0";"1,0";"5,0";"1,0";"1,0";"1,0";"1,0";"4";"5";"5";"5";"5";"5";"4";"4";"4";"3";"5";"5";"5";"5";"5";"5";"5";"2";"1";"5";"2,6";"4";"3";"3";"2";"1";"1";"5";"4";"3";"4";"3";"2";"4";"2";"3";"4";"5";"5";"5";"5";"5";"5";"4";"4";"Agri, Food and Life Sciences (AFL)";"Vrouw";"23";"Delft";"4";"0";"Havo";"Bij mijn ouder(s)/verzorger(s)"
"2";"3";"2";"4";"5";"4";"4";"2,6";"4,2";"3,0";"2";"4";"1";"3";"3";"5";"2";"2";"2";"1";"4";"3,0";"4,2";"5,0";"3,67";"5,0";"5,0";"2,33";"3,67";"3,67";"5,0";"3,4";"16";"3,4";"1";"3,0";"1,0";"5,0";"3,0";"3,0";"5,0";"1,0";"1,0";"1,0";"1,0";"4";"4";"4";"5";"3";"1";"3";"2";"2";"1";"1";"2";"2";"3";"2";"1";"1";"1";"1";"1";"2,84";"5";"3";"4";"5";"5";"5";"5";"3";"2";"2";"5";"5";"4";"3";"4";"3";"4";"2";"3";"4";"3";"4";"4";"4";"Onderwijs en Innovatie (ONI)";"Vrouw";"23";"Alkmaar";"2";"0";"Havo";"Bij mijn ouder(s)/verzorger(s)"
"2";"1";"1";"5";"5";"5";"5";"1,0";"4,2";"1,0";"2";"5";"5";"5";"5";"5";"5";"5";"5";"5";"5";"1,8";"3,8";"3,67";"3,67";"3,67";"3,67";"5,0";"3,67";"3,67";"3,67";"3,0";"16";"5,0";"1";"1,0";"1,0";"3,0";"3,0";"3,0";"5,0";"1,0";"1,0";"5,0";"1,0";"5";"4";"4";"5";"1";"1";"3";"2";"2";"5";"1";"4";"1";"1";"1";"3";"1";"1";"0";"5";"3,24";"5";"4";"5";"1";"4";"3";"5";"5";"2";"2";"4";"5";"5";"3";"4";"5";"1";"1";"1";"1";"1";"1";"1";"1";"Gezondheid, Sport en Welzijn (GSW)";"Vrouw";"21";"Haarlem";"2";"0";"Havo";"Bij mijn ouder(s)/verzorger(s)"
"2";"3";"3";"2";"3";"2";"3";"3,4";"3,4";"3,4";"2";"3";"3";"4";"5";"5";"5";"4";"5";"2";"3";"4,2";"3,8";"2,33";"3,67";"1,0";"2,33";"1,0";"2,33";"2,33";"2,33";"4,0";"16";"3,4";"0";"3,0";"1,0";"5,0";"3,0";"5,0";"3,0";"1,0";"1,0";"1,0";"1,0";"2";"4";"4";"4";"3";"4";"3";"2";"4";"2";"2";"5";"3";"4";"2";"3";"2";"1";"1";"3";"1,64";"4";"1";"3";"4";"2";"2";"4";"2";"3";"1";"4";"5";"5";"1";"5";"3";"4";"4";"3";"4";"3";"4";"4";"4";"Business, Finance and Law (BFL)";"Vrouw";"21";"Rotterdam";"2";"0";"Havo";"In een studentenhuis / met meerdere studenten samen"
"4";"5";"4";"3";"2";"2";"1";"3,8";"1,8";"5,0";"";"";"";"3";"1";"3";"5";"2";"3";"";"3";"4,2";"3,8";"2,33";"2,33";"3,67";"2,33";"3,67";"1,0";"2,33";"2,33";"3,72";"16";"1,0";"0";"3,0";"1,0";"3,0";"3,0";"1,0";"5,0";"1,0";"1,0";"3,0";"1,0";"4";"5";"3";"5";"5";"5";"5";"4";"4";"5";"5";"5";"5";"5";"4";"5";"2";"1";"1";"2";"4,2";"2";"2";"2";"2";"1";"1";"4";"2";"2";"3";"4";"4";"3";"2";"2";"5";"4";"5";"3";"5";"5";"5";"3";"3";"Onderwijs en Innovatie (ONI)";"Vrouw";"23";"Dordrecht";"2";"0";"Havo";"Alleen"
"2";"3";"2";"2";"2";"4";"2";"3,4";"3,8";"4,2";"1";"3";"1";"4";"3";"5";"2";"3";"";"1";"3";"3,8";"3,4";"2,33";"1,0";"3,67";"2,33";"2,33";"2,33";"2,33";"2,33";"3,84";"16";"2,6";"0";"1,0";"1,0";"1,0";"3,0";"3,0";"3,0";"1,0";"1,0";"1,0";"1,0";"4";"5";"3";"5";"4";"2";"3";"2";"2";"2";"3";"4";"3";"3";"3";"2";"1";"2";"1";"3";"2,2";"2";"2";"2";"1";"3";"1";"4";"2";"2";"4";"1";"2";"2";"4";"2";"5";"4";"4";"3";"4";"4";"4";"3";"4";"Onderwijs en Innovatie (ONI)";"Vrouw";"20";"Haarlem";"3";"0";"Havo";"Bij mijn ouder(s)/verzorger(s)"
"3";"4";"3";"3";"2";"3";"3";"3,8";"3,4";"3,8";"5";"5";"2";"4";"5";"3";"1";"3";"3";"2";"4";"3,8";"3,8";"2,33";"1,0";"2,33";"2,33";"1,0";"2,33";"2,33";"2,33";"3,8";"16";"1,0";"0";"1,0";"1,0";"1,0";"3,0";"1,0";"1,0";"3,0";"1,0";"1,0";"1,0";"4";"5";"2";"4";"4";"4";"4";"3";"3";"3";"4";"5";"3";"4";"3";"3";"3";"3";"1";"4";"1,4";"3";"3";"3";"3";"4";"2";"4";"3";"3";"3";"3";"2";"4";"2";"3";"4";"2";"4";"4";"4";"4";"3";"2";"2";"Agri, Food and Life Sciences (AFL)";"Vrouw";"21";"Delft";"4";"0";"Havo";"Bij mijn ouder(s)/verzorger(s)"
"2";"3";"3";"3";"1";"5";"5";"3,0";"3,4";"3,8";"5";"3";"1";"1";"5";"5";"5";"4";"2";"3";"4";"3,4";"4,2";"2,33";"5,0";"3,67";"2,33";"2,33";"2,33";"3,67";"3,67";"3,16";"15";"1,8";"1";"1,0";"1,0";"5,0";"1,0";"1,0";"3,0";"1,0";"1,0";"1,0";"1,0";"4";"4";"1";"3";"3";"3";"4";"4";"4";"4";"2";"5";"5";"5";"5";"1";"1";"1";"1";"4";"3,16";"3";"1";"4";"1";"1";"1";"4";"4";"4";"2";"3";"5";"5";"1";"5";"3";"1";"5";"4";"3";"3";"1";"1";"5";"Gezondheid, Sport en Welzijn (GSW)";"Vrouw";"20";"Amsterdam";"1";"0";"Mbo";"Met mijn partner / een relatie"
"3";"3";"3";"3";"3";"3";"3";"3,8";"3,8";"3,4";"4";"4";"3";"3";"4";"4";"4";"4";"4";"4";"4";"3,4";"4,2";"1,0";"2,33";"2,33";"2,33";"2,33";"2,33";"2,33";"1,0";"3,44";"15";"3,4";"1";"3,0";"1,0";"1,0";"1,0";"5,0";"1,0";"1,0";"1,0";"1,0";"1,0";"5";"5";"1";"5";"3";"4";"4";"4";"4";"4";"4";"4";"4";"4";"3";"2";"2";"1";"";"5";"4,2";"";"";"";"";"";"";"";"";"";"";"";"";"";"";"";"";"";"";"";"";"";"";"";"";"Gezondheid, Sport en Welzijn (GSW)";"Vrouw";"21";"Amsterdam";"1";"0";"Mbo";"Bij mijn ouder(s)/verzorger(s)"
"2";"4";"3";"3";"2";"2";"2";"4,2";"4,2";"3,8";"2";"3";"1";"4";"4";"1";"4";"1";"3";"1";"3";"3,4";"4,2";"2,33";"2,33";"2,33";"3,67";"1,0";"3,67";"2,33";"2,33";"2,96";"15";"1,0";"1";"3,0";"1,0";"1,0";"1,0";"5,0";"1,0";"1,0";"1,0";"1,0";"1,0";"5";"5";"3";"5";"5";"5";"3";"5";"4";"3";"3";"4";"2";"3";"3";"1";"1";"2";"1";"5";"2,2";"";"";"";"";"";"";"";"";"";"";"";"";"";"";"";"";"";"";"";"";"";"";"";"";"Gezondheid, Sport en Welzijn (GSW)";"Vrouw";"23";"Amsterdam";"1";"0";"Mbo";"Bij mijn ouder(s)/verzorger(s)"
"3";"4";"3";"2";"1";"2";"3";"3,8";"1,0";"3,0";"3";"1";"3";"1";"3";"1";"1";"1";"1";"1";"4";"4,2";"3,8";"1,0";"1,0";"1,0";"1,0";"1,0";"1,0";"1,0";"2,33";"3,0";"15";"2,6";"0";"1,0";"1,0";"1,0";"1,0";"1,0";"3,0";"1,0";"1,0";"1,0";"1,0";"2";"4";"2";"4";"4";"3";"2";"1";"2";"2";"1";"4";"2";"3";"2";"1";"1";"1";"1";"3";"1,8";"1";"1";"3";"2";"2";"2";"4";"2";"3";"4";"1";"1";"1";"4";"1";"4";"3";"3";"2";"4";"3";"3";"1";"2";"Business, Finance and Law (BFL)";"Man";"19";"Alkmaar";"2";"0";"Havo";"Bij mijn ouder(s)/verzorger(s)"
"2";"3";"1";"2";"3";"5";"4";"1,8";"3,8";"3,0";"5";"3";"5";"3";"5";"5";"3";"2";"4";"2";"3";"3,0";"3,8";"2,33";"3,67";"3,67";"3,67";"2,33";"3,67";"2,33";"3,67";"3,6";"15";"2,6";"1";"3,0";"1,0";"1,0";"1,0";"3,0";"5,0";"1,0";"1,0";"5,0";"1,0";"3";"3";"3";"2";"3";"5";"4";"4";"5";"4";"3";"5";"3";"4";"4";"3";"1";"1";"";"3";"1,88";"";"";"";"";"";"";"";"";"";"";"";"";"";"";"";"";"";"";"";"";"";"";"";"";"Business, Finance and Law (BFL)";"Vrouw";"22";"Den Haag";"2";"0";"Havo";"Bij mijn ouder(s)/verzorger(s)"
"1";"1";"2";"4";"4";"2";"1";"1,0";"3,8";"1,8";"5";"5";"2";"5";"5";"";"5";"5";"5";"1";"1";"2,2";"4,6";"3,67";"3,67";"5,0";"3,67";"2,33";"3,67";"1,0";"1,0";"3,64";"15";"1,8";"1";"5,0";"5,0";"5,0";"1,0";"1,0";"5,0";"1,0";"1,0";"1,0";"1,0";"4";"5";"4";"4";"1";"3";"4";"1";"5";"4";"3";"5";"3";"4";"5";"4";"3";"1";"";"2";"2,92";"5";"3";"4";"3";"3";"3";"4";"3";"3";"5";"2";"2";"1";"5";"2";"2";"3";"4";"2";"3";"2";"3";"1";"1";"Business, Finance and Law (BFL)";"Anders";"21";"Alkmaar";"3";"0";"Havo";"Bij mijn ouder(s)/verzorger(s)"
"4";"4";"4";"3";"4";"2";"4";"4,6";"4,2";"3,8";"2";"4";"1";"5";"2";"5";"1";"1";"5";"1";"4";"4,2";"3,8";"2,33";"2,33";"1,0";"2,33";"1,0";"2,33";"2,33";"1,0";"3,84";"15";"5,0";"0";"3,0";"1,0";"3,0";"1,0";"1,0";"5,0";"1,0";"1,0";"1,0";"1,0";"5";"5";"2";"5";"5";"4";"4";"4";"4";"4";"3";"5";"3";"4";"2";"3";"1";"4";"1";"4";"3,0";"4";"4";"4";"1";"4";"2";"5";"2";"4";"2";"5";"4";"5";"2";"4";"4";"3";"3";"2";"4";"3";"4";"2";"2";"Onderwijs en Innovatie (ONI)";"Vrouw";"22";"Dordrecht";"4";"0";"Mbo";"Bij mijn ouder(s)/verzorger(s)"
"2";"2";"2";"3";"2";"3";"4";"1,8";"3,0";"2,2";"2";"1";"2";"2";"2";"3";"1";"2";"3";"1";"3";"2,6";"4,2";"2,33";"5,0";"2,33";"3,67";"3,67";"3,67";"2,33";"3,67";"3,2";"15";"3,4";"1";"3,0";"5,0";"5,0";"1,0";"5,0";"3,0";"1,0";"1,0";"5,0";"1,0";"3";"3";"4";"5";"3";"3";"2";"3";"4";"3";"3";"3";"3";"4";"3";"2";"3";"2";"1";"1";"";"4";"4";"3";"4";"4";"4";"5";"3";"4";"3";"4";"4";"4";"3";"3";"3";"4";"3";"3";"3";"3";"4";"3";"3";"Business, Finance and Law (BFL)";"Vrouw";"26";"Rotterdam";"5 of hoger";"0";"Mbo";"Bij mijn ouder(s)/verzorger(s)"
"3";"4";"3";"2";"2";"2";"2";"4,2";"3,8";"4,2";"3";"4";"3";"4";"4";"3";"1";"2";"4";"3";"4";"4,2";"3,8";"1,0";"1,0";"2,33";"2,33";"1,0";"2,33";"1,0";"1,0";"3,4";"15";"1,0";"1";"3,0";"1,0";"1,0";"1,0";"1,0";"3,0";"1,0";"1,0";"1,0";"1,0";"3";"3";"3";"4";"4";"4";"4";"4";"4";"4";"3";"4";"3";"4";"3";"1";"1";"1";"1";"3";"2,6";"4";"2";"3";"2";"4";"2";"4";"4";"5";"4";"2";"2";"2";"4";"1";"4";"4";"3";"3";"4";"3";"4";"3";"3";"Business, Finance and Law (BFL)";"Man";"23";"Rotterdam";"5 of hoger";"0";"Havo";"Bij mijn ouder(s)/verzorger(s)"
"3";"4";"4";"4";"3";"3";"3";"3,8";"4,6";"4,2";"3";"4";"";"";"4";"4";"5";"3";"3";"5";"4";"3,0";"4,2";"3,67";"5,0";"5,0";"3,67";"3,67";"3,67";"3,67";"2,33";"3,8";"15";"5,0";"0";"3,0";"1,0";"5,0";"3,0";"5,0";"3,0";"1,0";"1,0";"1,0";"1,0";"4";"5";"2";"4";"4";"5";"4";"3";"4";"3";"4";"5";"4";"4";"4";"1";"4";"2";"1";"3";"3,08";"4";"4";"3";"3";"3";"1";"5";"4";"3";"2";"5";"4";"5";"2";"3";"4";"4";"4";"3";"4";"3";"5";"3";"4";"Agri, Food and Life Sciences (AFL)";"Vrouw";"19";"Amsterdam";"2";"0";"Havo";"Bij mijn ouder(s)/verzorger(s)"
"4";"5";"3";"3";"5";"5";"3";"4,2";"2,6";"4,2";"3";"5";"3";"2";"5";"3";"5";"1";"2";"3";"4";"4,2";"5,0";"3,67";"5,0";"5,0";"2,33";"3,67";"1,0";"3,67";"3,67";"3,8";"15";"3,4";"0";"1,0";"5,0";"1,0";"3,0";"1,0";"1,0";"1,0";"1,0";"3,0";"1,0";"5";"4";"3";"5";"4";"4";"4";"2";"3";"2";"1";"5";"2";"1";"5";"2";"2";"2";"1";"5";"2,28";"";"";"";"";"";"";"";"";"";"";"";"";"";"";"";"";"";"";"";"";"";"";"";"";"Creative Business (CB)";"Vrouw";"23";"Amsterdam";"2";"1";"Mbo";"In een studentenhuis / met meerdere studenten samen"
"1";"2";"2";"3";"1";"2";"2";"3,4";"3,8";"4,2";"4";"4";"4";"4";"4";"";"2";"2";"5";"4";"4";"4,2";"3,4";"2,33";"1,0";"2,33";"2,33";"1,0";"1,0";"2,33";"1,0";"3,6";"15";"2,6";"0";"1,0";"1,0";"1,0";"3,0";"3,0";"3,0";"3,0";"1,0";"5,0";"1,0";"2";"3";"1";"4";"4";"4";"4";"4";"4";"4";"3";"4";"4";"2";"5";"5";"5";"5";"1";"3";"2,92";"";"";"";"";"";"";"";"";"";"";"";"";"";"";"";"";"";"";"";"";"";"";"";"";"Business, Finance and Law (BFL)";"Man";"18";"Alkmaar";"2";"0";"Havo";"Bij mijn ouder(s)/verzorger(s)"
"3";"4";"4";"3";"2";"3";"3";"4,2";"3,4";"4,2";"";"";"";"";"4";"";"3";"4";"3";"1";"2";"3,8";"3,4";"1,0";"2,33";"2,33";"3,67";"1,0";"3,67";"1,0";"2,33";"3,4";"15";"2,6";"0";"1,0";"1,0";"1,0";"3,0";"3,0";"5,0";"1,0";"1,0";"1,0";"1,0";"4";"5";"3";"5";"4";"5";"4";"4";"3";"4";"3";"5";"3";"4";"4";"1";"1";"1";"1";"1";"2,2";"";"";"";"";"";"";"";"";"";"";"";"";"";"";"";"";"";"";"";"";"";"";"";"";"Business, Finance and Law (BFL)";"Man";"22";"Alkmaar";"2";"0";"Havo";"Bij mijn ouder(s)/verzorger(s)"
"3";"3";"3";"3";"3";"2";"4";"3,4";"2,2";"3,4";"3";"3";"3";"3";"4";"3";"3";"4";"4";"3";"4";"3,4";"3,8";"2,33";"2,33";"2,33";"2,33";"1,0";"2,33";"1,0";"3,67";"3,52";"15";"2,6";"1";"3,0";"1,0";"1,0";"3,0";"1,0";"3,0";"1,0";"3,0";"5,0";"1,0";"3";"4";"4";"4";"3";"4";"4";"4";"4";"4";"3";"4";"3";"3";"3";"1";"2";"2";"1";"4";"2,6";"";"";"";"";"";"";"";"";"";"";"";"";"";"";"";"";"";"";"";"";"";"";"";"";"Business, Finance and Law (BFL)";"Man";"20";"Alkmaar";"2";"0";"Havo";"Bij mijn ouder(s)/verzorger(s)"
"3";"4";"3";"3";"3";"3";"3";"3,8";"3,8";"3,8";"2";"1";"2";"3";"3";"2";"4";"2";"2";"1";"3";"3,8";"3,8";"1,0";"2,33";"2,33";"2,33";"2,33";"2,33";"2,33";"2,33";"3,44";"15";"2,6";"0";"3,0";"5,0";"1,0";"3,0";"1,0";"3,0";"1,0";"1,0";"3,0";"1,0";"4";"3";"3";"4";"4";"4";"3";"3";"3";"3";"2";"4";"2";"4";"2";"1";"1";"1";"1";"2";"1,8";"4";"3";"3";"4";"4";"2";"4";"3";"2";"3";"3";"3";"3";"3";"3";"4";"4";"4";"3";"4";"3";"4";"3";"3";"Business, Finance and Law (BFL)";"Vrouw";"20";"Alkmaar";"2";"0";"Havo";"Bij mijn ouder(s)/verzorger(s)"
"3";"3";"2";"3";"3";"3";"2";"3,4";"4,6";"2,2";"1";"2";"2";"5";"5";"5";"3";"4";"5";"";"5";"3,4";"3,4";"5,0";"5,0";"2,33";"3,67";"2,33";"3,67";"3,67";"5,0";"3,4";"15";"2,6";"0";"5,0";"1,0";"3,0";"3,0";"3,0";"5,0";"1,0";"1,0";"3,0";"1,0";"4";"4";"3";"4";"4";"4";"4";"3";"2";"2";"4";"4";"3";"5";"5";"1";"3";"1";"1";"4";"";"5";"1";"4";"5";"5";"3";"5";"3";"3";"3";"2";"4";"3";"2";"2";"3";"5";"4";"3";"4";"5";"5";"3";"3";"Business, Finance and Law (BFL)";"Vrouw";"29";"Haarlem";"2";"0";"Mbo";"Bij mijn ouder(s)/verzorger(s)"
"3";"4";"3";"2";"1";"1";"2";"3,4";"2,6";"3,4";"3";"3";"3";"3";"2";"2";"3";"3";"3";"1";"3";"4,2";"4,2";"1,0";"1,0";"2,33";"2,33";"1,0";"2,33";"1,0";"1,0";"3,32";"15";"2,6";"0";"1,0";"1,0";"1,0";"3,0";"3,0";"5,0";"3,0";"3,0";"3,0";"3,0";"3";"2";"2";"4";"4";"4";"2";"3";"3";"3";"3";"4";"3";"3";"3";"1";"1";"2";"1";"4";"2,44";"3";"1";"3";"2";"2";"3";"2";"2";"2";"4";"2";"2";"2";"4";"4";"2";"3";"4";"4";"4";"4";"4";"4";"4";"Business, Finance and Law (BFL)";"Man";"20";"Haarlem";"2";"0";"Havo";"Bij mijn ouder(s)/verzorger(s)"
"3";"2";"3";"4";"2";"3";"4";"2,2";"4,2";"2,2";"4";"5";"3";"5";"5";"5";"";"4";"5";"3";"4";"3,8";"4,2";"2,33";"3,67";"1,0";"2,33";"1,0";"2,33";"2,33";"2,33";"3,84";"15";"1,0";"0";"5,0";"1,0";"1,0";"3,0";"1,0";"5,0";"1,0";"1,0";"1,0";"1,0";"3";"4";"3";"4";"4";"4";"4";"3";"4";"3";"1";"5";"2";"3";"2";"1";"1";"1";"1";"1";"1,8";"3";"4";"4";"1";"4";"4";"5";"4";"3";"4";"4";"3";"4";"3";"2";"4";"1";"5";"3";"4";"2";"3";"2";"2";"Business, Finance and Law (BFL)";"Vrouw";"22";"Haarlem";"2";"0";"Havo";"Bij mijn ouder(s)/verzorger(s)"
"2";"5";"4";"2";"2";"2";"1";"3,8";"4,2";"4,6";"1";"3";"1";"5";"";"4";"";"5";"";"1";"4";"4,6";"3,8";"1,0";"2,33";"1,0";"2,33";"1,0";"1,0";"1,0";"2,33";"4,2";"15";"1,8";"0";"3,0";"1,0";"1,0";"3,0";"1,0";"3,0";"1,0";"1,0";"3,0";"1,0";"4";"4";"4";"3";"4";"5";"5";"5";"5";"5";"3";"4";"3";"4";"3";"3";"4";"2";"1";"5";"2,6";"5";"2";"2";"1";"2";"3";"4";"4";"4";"1";"4";"4";"5";"2";"3";"4";"4";"5";"4";"4";"5";"4";"4";"4";"Business, Finance and Law (BFL)";"Vrouw";"20";"Den Haag";"2";"0";"Havo";"Bij mijn ouder(s)/verzorger(s)"
"5";"2";"3";"3";"3";"4";"4";"2,6";"3,4";"3,4";"4";"3";"3";"4";"4";"4";"4";"4";"4";"2";"4";"3,4";"4,6";"2,33";"3,67";"3,67";"3,67";"1,0";"3,67";"1,0";"2,33";"3,6";"15";"2,6";"0";"1,0";"1,0";"1,0";"3,0";"1,0";"3,0";"1,0";"1,0";"1,0";"1,0";"3";"3";"3";"3";"3";"3";"3";"3";"3";"3";"2";"3";"2";"3";"2";"1";"1";"1";"1";"1";"2,2";"";"";"";"";"";"";"";"";"";"";"";"";"";"";"";"";"";"";"";"";"";"";"";"";"Business, Finance and Law (BFL)";"Man";"18";"Den Haag";"2";"0";"Havo";"Bij mijn ouder(s)/verzorger(s)"
"4";"5";"5";"3";"2";"1";"1";"5,0";"3,4";"5,0";"4";"3";"5";"4";"4";"2";"1";"1";"2";"3";"4";"3,8";"3,8";"1,0";"1,0";"1,0";"1,0";"2,33";"2,33";"2,33";"2,33";"4,0";"15";"1,0";"0";"3,0";"1,0";"1,0";"3,0";"1,0";"3,0";"3,0";"1,0";"1,0";"1,0";"5";"5";"2";"5";"5";"5";"5";"5";"5";"5";"5";"5";"5";"5";"4";"4";"5";"5";"1";"5";"1,64";"2";"3";"2";"5";"2";"5";"5";"3";"4";"4";"2";"2";"3";"2";"2";"4";"5";"5";"4";"5";"5";"5";"5";"5";"Creative Business (CB)";"Vrouw";"21";"Haarlem";"3";"0";"Havo";"Alleen"
"2";"3";"3";"3";"4";"4";"4";"1,8";"2,2";"2,6";"3";"4";"2";"2";"4";"2";"2";"2";"4";"5";"5";"4,2";"3,4";"1,0";"3,67";"1,0";"2,33";"1,0";"2,33";"2,33";"2,33";"3,96";"15";"1,0";"0";"1,0";"1,0";"1,0";"3,0";"3,0";"3,0";"3,0";"1,0";"1,0";"1,0";"3";"3";"4";"4";"4";"5";"4";"4";"5";"4";"4";"5";"3";"3";"3";"3";"2";"1";"1";"5";"1,8";"3";"2";"2";"3";"1";"1";"4";"4";"2";"4";"4";"4";"4";"2";"4";"4";"3";"4";"4";"4";"4";"4";"4";"4";"Onderwijs en Innovatie (ONI)";"Vrouw";"19";"Haarlem";"3";"0";"Havo";"Bij mijn ouder(s)/verzorger(s)"
"2";"4";"2";"4";"3";"4";"4";"2,6";"3,8";"3,0";"2";"4";"3";"4";"5";"4";"4";"4";"4";"3";"3";"2,6";"3,4";"3,67";"5,0";"5,0";"3,67";"3,67";"3,67";"3,67";"5,0";"3,68";"15";"3,4";"0";"1,0";"1,0";"5,0";"3,0";"1,0";"5,0";"3,0";"1,0";"1,0";"1,0";"3";"3";"3";"4";"2";"3";"3";"2";"3";"1";"2";"5";"2";"3";"1";"3";"3";"1";"1";"2";"3,0";"5";"4";"4";"1";"5";"4";"3";"3";"4";"2";"4";"5";"4";"2";"4";"3";"4";"3";"3";"3";"3";"4";"3";"3";"Business, Finance and Law (BFL)";"Vrouw";"21";"Rotterdam";"3";"0";"Havo";"Bij mijn ouder(s)/verzorger(s)"
"1";"3";"2";"4";"4";"4";"5";"2,6";"4,6";"1,4";"1";"3";"2";"";"3";"4";"1";"3";"5";"3";"3";"3,4";"4,2";"3,67";"5,0";"2,33";"3,67";"2,33";"3,67";"2,33";"5,0";"3,92";"15";"4,2";"0";"1,0";"1,0";"5,0";"3,0";"3,0";"3,0";"3,0";"1,0";"1,0";"1,0";"3";"2";"5";"3";"2";"3";"2";"1";"2";"1";"1";"4";"1";"3";"1";"1";"1";"1";"1";"5";"1,8";"3";"3";"3";"2";"4";"3";"5";"2";"3";"2";"4";"4";"4";"3";"4";"5";"4";"1";"3";"3";"3";"4";"3";"3";"Business, Finance and Law (BFL)";"Vrouw";"25";"Rotterdam";"4";"0";"Havo";"Met mijn partner / een relatie"
"4";"5";"3";"3";"4";"4";"4";"3,8";"5,0";"4,2";"2";"2";"2";"2";"2";"2";"2";"2";"2";"2";"2";"1,4";"3,0";"3,67";"2,33";"5,0";"3,67";"3,67";"3,67";"3,67";"3,67";"3,48";"15";"4,2";"0";"3,0";"1,0";"3,0";"3,0";"3,0";"5,0";"1,0";"1,0";"1,0";"1,0";"4";"3";"4";"4";"3";"3";"1";"3";"4";"1";"2";"4";"3";"5";"1";"1";"1";"1";"1";"3";"2,44";"";"";"";"";"";"";"";"";"";"";"";"";"";"";"";"";"";"";"";"";"";"";"";"";"Techniek, Ontwerpen en Informatica (TOI)";"Man";"23";"Alkmaar";"5 of hoger";"0";"Havo";"Bij mijn ouder(s)/verzorger(s)"
"4";"4";"4";"4";"4";"4";"4";"3,0";"3,0";"3,0";"1";"2";"1";"3";"1";"2";"5";"1";"2";"4";"4";"2,2";"4,6";"5,0";"3,67";"2,33";"3,67";"5,0";"3,67";"5,0";"3,67";"3,8";"15";"1,0";"0";"5,0";"5,0";"5,0";"5,0";"5,0";"1,0";"5,0";"1,0";"1,0";"1,0";"3";"2";"3";"4";"3";"2";"4";"4";"2";"2";"2";"5";"2";"2";"1";"1";"1";"1";"";"5";"1,0";"5";"5";"3";"5";"5";"5";"5";"5";"5";"4";"2";"2";"2";"3";"3";"4";"3";"2";"4";"4";"4";"4";"4";"4";"Techniek, Ontwerpen en Informatica (TOI)";"Vrouw";"29";"Amsterdam";"1";"1";"Havo";"Alleen"
"4";"4";"2";"1";"1";"1";"3";"3,4";"3,8";"3,8";"3";"1";"1";"4";"1";"1";"4";"1";"1";"2";"4";"4,2";"4,6";"1,0";"1,0";"1,0";"2,33";"1,0";"2,33";"1,0";"2,33";"3,4";"14";"2,6";"1";"1,0";"1,0";"1,0";"1,0";"3,0";"5,0";"1,0";"3,0";"1,0";"3,0";"3";"2";"4";"4";"3";"4";"5";"4";"4";"3";"3";"4";"5";"4";"4";"1";"1";"2";"1";"5";"1,8";"";"";"";"";"";"";"";"";"";"";"";"";"";"";"";"";"";"";"";"";"";"";"";"";"Techniek, Ontwerpen en Informatica (TOI)";"Man";"19";"Delft";"1";"0";"Mbo";"Bij mijn ouder(s)/verzorger(s)"
"4";"4";"4";"3";"2";"3";"3";"4,2";"1,8";"3,8";"2";"2";"3";"3";"3";"2";"3";"3";"2";"4";"4";"4,6";"3,4";"1,0";"2,33";"2,33";"1,0";"2,33";"1,0";"1,0";"2,33";"3,6";"14";"1,0";"0";"3,0";"1,0";"1,0";"1,0";"1,0";"1,0";"1,0";"1,0";"1,0";"1,0";"4";"4";"3";"4";"4";"4";"5";"5";"5";"5";"4";"4";"4";"4";"3";"2";"1";"2";"1";"4";"1,64";"3";"2";"2";"3";"1";"1";"2";"2";"2";"4";"3";"2";"2";"2";"2";"4";"3";"3";"3";"4";"3";"3";"3";"3";"Gezondheid, Sport en Welzijn (GSW)";"Vrouw";"20";"Alkmaar";"2";"0";"Mbo";"Bij mijn ouder(s)/verzorger(s)"
"2";"4";"2";"4";"4";"4";"3";"3,8";"4,2";"3,4";"";"2";"2";"2";"2";"4";"4";"3";"2";"";"3";"3,8";"4,2";"2,33";"2,33";"1,0";"2,33";"1,0";"2,33";"2,33";"2,33";"3,88";"14";"1,8";"0";"1,0";"1,0";"1,0";"1,0";"1,0";"5,0";"1,0";"1,0";"1,0";"1,0";"4";"5";"3";"5";"3";"5";"4";"3";"3";"4";"4";"5";"4";"4";"3";"3";"4";"5";"1";"3";"1,8";"3";"2";"3";"1";"4";"1";"2";"4";"3";"3";"2";"3";"4";"3";"3";"4";"3";"5";"4";"4";"4";"4";"4";"4";"Onderwijs en Innovatie (ONI)";"Man";"27";"Haarlem";"2";"0";"Mbo";"Bij mijn ouder(s)/verzorger(s)"
"4";"4";"4";"4";"5";"4";"4";"3,8";"5,0";"4,2";"5";"4";"5";"5";"5";"4";"4";"5";"3";"5";"4";"3,0";"4,6";"5,0";"3,67";"3,67";"3,67";"3,67";"3,67";"5,0";"5,0";"3,6";"14";"1,0";"0";"1,0";"1,0";"5,0";"1,0";"1,0";"1,0";"1,0";"1,0";"1,0";"1,0";"4";"4";"4";"4";"4";"4";"5";"2";"2";"1";"2";"5";"2";"3";"3";"1";"1";"1";"1";"4";"3,32";"4";"3";"3";"5";"4";"5";"5";"4";"5";"3";"3";"4";"5";"2";"4";"4";"3";"3";"3";"3";"3";"3";"4";"3";"Gezondheid, Sport en Welzijn (GSW)";"Vrouw";"21";"Amsterdam";"3";"0";"Havo";"Met mijn partner / een relatie"
"2";"3";"3";"4";"4";"5";"4";"1,4";"4,6";"1,4";"1";"1";"1";"2";"4";"4";"1";"1";"1";"1";"3";"3,4";"4,6";"3,67";"5,0";"3,67";"3,67";"5,0";"3,67";"2,33";"5,0";"3,56";"14";"1,8";"0";"5,0";"5,0";"5,0";"5,0";"1,0";"5,0";"1,0";"1,0";"1,0";"1,0";"4";"5";"5";"5";"5";"5";"5";"3";"5";"3";"5";"5";"5";"5";"1";"2";"5";"5";"1";"3";"1,8";"5";"1";"1";"3";"1";"1";"5";"5";"5";"1";"5";"4";"5";"1";"5";"5";"2";"5";"5";"5";"4";"2";"1";"1";"Onderwijs en Innovatie (ONI)";"Man";"21";"Alkmaar";"3";"0";"Havo";"Met mijn partner / een relatie"
"1";"2";"2";"5";"5";"5";"5";"1,4";"5,0";"2,2";"2";"2";"2";"3";"4";"5";"5";"2";"5";"3";"2";"2,2";"3,8";"5,0";"5,0";"3,67";"3,67";"2,33";"3,67";"5,0";"5,0";"3,8";"13";"4,2";"1";"5,0";"5,0";"5,0";"3,0";"3,0";"5,0";"1,0";"1,0";"1,0";"1,0";"3";"1";"5";"4";"2";"1";"1";"1";"1";"1";"3";"4";"3";"2";"1";"1";"1";"1";"";"2";"2,6";"5";"5";"3";"5";"2";"1";"5";"5";"5";"1";"5";"5";"5";"1";"5";"3";"2";"3";"4";"4";"3";"3";"3";"4";"Onderwijs en Innovatie (ONI)";"Vrouw";"21";"Alkmaar";"2";"0";"Havo";"Met mijn partner / een relatie"
"3";"4";"4";"4";"3";"4";"4";"2,6";"3,4";"4,2";"2";"1";"";"3";"4";"3";"3";"2";"3";"3";"3";"3,8";"3,4";"2,33";"2,33";"3,67";"2,33";"1,0";"3,67";"2,33";"2,33";"3,8";"13";"2,6";"0";"1,0";"1,0";"1,0";"3,0";"1,0";"3,0";"1,0";"1,0";"1,0";"1,0";"3";"5";"3";"4";"5";"4";"4";"3";"3";"2";"4";"5";"2";"4";"2";"1";"3";"2";"1";"4";"1,64";"3";"4";"2";"3";"3";"2";"2";"4";"4";"4";"3";"2";"3";"4";"3";"3";"2";"4";"4";"5";"5";"4";"4";"4";"Gezondheid, Sport en Welzijn (GSW)";"Vrouw";"20";"Alkmaar";"2";"0";"Havo";"Bij mijn ouder(s)/verzorger(s)"
"2";"3";"2";"5";"4";"4";"4";"2,6";"4,2";"3,0";"2";"3";"2";"5";"5";"4";"";"2";"3";"3";"3";"3,0";"3,8";"3,67";"3,67";"2,33";"2,33";"2,33";"3,67";"2,33";"3,67";"3,88";"13";"3,4";"0";"1,0";"1,0";"5,0";"3,0";"5,0";"5,0";"3,0";"3,0";"1,0";"1,0";"4";"5";"4";"4";"3";"3";"3";"2";"3";"2";"3";"4";"3";"3";"1";"4";"2";"1";"1";"3";"1,96";"5";"3";"4";"5";"5";"3";"4";"4";"4";"3";"4";"5";"4";"3";"3";"3";"3";"3";"3";"3";"2";"3";"3";"3";"Onderwijs en Innovatie (ONI)";"Vrouw";"20";"Haarlem";"3";"0";"Havo";"Bij mijn ouder(s)/verzorger(s)"
"2";"3";"3";"5";"4";"5";"5";"5,0";"5,0";"1,4";"5";"5";"3";"5";"5";"5";"";"5";"5";"5";"3";"3,4";"3,8";"5,0";"5,0";"5,0";"2,33";"3,67";"2,33";"3,67";"3,67";"3,44";"13";"3,4";"0";"1,0";"1,0";"1,0";"3,0";"5,0";"5,0";"1,0";"1,0";"1,0";"1,0";"5";"4";"3";"4";"4";"2";"4";"2";"4";"4";"2";"4";"2";"2";"2";"1";"1";"1";"1";"4";"1,96";"";"";"";"";"";"";"";"";"";"";"";"";"";"";"";"";"";"";"";"";"";"";"";"";"Business, Finance and Law (BFL)";"Man";"28";"Amsterdam";"5 of hoger";"0";"Mbo";"Met mijn partner / een relatie"
"4";"3";"3";"3";"1";"1";"2";"4,2";"2,6";"3,8";"1";"1";"2";"1";"1";"1";"2";"2";"1";"3";"4";"3,8";"3,8";"2,33";"2,33";"2,33";"2,33";"2,33";"";"1,0";"3,67";"4,36";"12";"1,0";"0";"1,0";"1,0";"1,0";"1,0";"1,0";"3,0";"1,0";"1,0";"1,0";"1,0";"3";"4";"3";"5";"4";"5";"3";"4";"3";"3";"4";"5";"3";"4";"3";"4";"1";"2";"1";"4";"1,0";"";"";"";"";"";"";"";"";"";"";"";"";"";"";"";"";"";"";"";"";"";"";"";"";"Techniek, Ontwerpen en Informatica (TOI)";"Man";"24";"Amsterdam";"1";"0";"Vwo";"Met een of enkele huisgenoten / vrienden (geen relatie)"
"4";"4";"4";"4";"3";"2";"2";"3,8";"4,2";"4,6";"1";"1";"1";"1";"1";"2";"4";"2";"1";"2";"4";"3,4";"4,2";"3,67";"3,67";"3,67";"2,33";"2,33";"2,33";"2,33";"2,33";"2,8";"12";"3,4";"1";"1,0";"1,0";"3,0";"3,0";"5,0";"5,0";"1,0";"1,0";"1,0";"1,0";"4";"4";"2";"5";"4";"3";"4";"4";"3";"4";"4";"5";"3";"3";"2";"2";"1";"1";"1";"4";"1,96";"4";"3";"2";"1";"3";"2";"4";"2";"3";"4";"4";"3";"2";"3";"2";"3";"3";"4";"4";"4";"3";"4";"3";"3";"Onderwijs en Innovatie (ONI)";"Vrouw";"20";"Amsterdam";"1";"0";"Mbo";"Bij mijn ouder(s)/verzorger(s)"
"4";"4";"3";"2";"3";"3";"1";"4,2";"3,0";"3,8";"3";"2";"2";"1";"1";"1";"1";"1";"2";"2";"3";"2,2";"3,4";"2,33";"2,33";"1,0";"3,67";"2,33";"3,67";"2,33";"2,33";"4,08";"12";"1,0";"0";"1,0";"1,0";"1,0";"3,0";"1,0";"3,0";"1,0";"1,0";"1,0";"1,0";"5";"4";"2";"5";"4";"4";"4";"5";"3";"4";"3";"5";"4";"3";"3";"2";"1";"1";"1";"1";"1,64";"";"";"";"";"";"";"";"";"";"";"";"";"";"";"";"";"";"";"";"";"";"";"";"";"Techniek, Ontwerpen en Informatica (TOI)";"Man";"27";"Amsterdam";"1";"0";"Mbo";"Bij mijn ouder(s)/verzorger(s)"
"4";"4";"4";"1";"1";"1";"1";"3,8";"1,4";"3,4";"1";"2";"1";"2";"3";"2";"1";"1";"1";"1";"3";"3,8";"4,6";"2,33";"1,0";"1,0";"3,67";"2,33";"2,33";"2,33";"2,33";"4,32";"12";"1,0";"0";"1,0";"1,0";"1,0";"3,0";"3,0";"3,0";"1,0";"1,0";"1,0";"1,0";"3";"3";"1";"4";"4";"4";"4";"4";"2";"2";"3";"4";"3";"4";"1";"1";"1";"1";"1";"3";"2,28";"1";"1";"1";"1";"1";"1";"4";"3";"3";"4";"2";"2";"4";"4";"2";"4";"4";"4";"5";"5";"5";"5";"5";"5";"Techniek, Ontwerpen en Informatica (TOI)";"Man";"24";"Amsterdam";"1";"0";"Mbo";"Bij mijn ouder(s)/verzorger(s)"
"5";"5";"5";"1";"3";"3";"1";"4,6";"2,6";"5,0";"2";"2";"3";"2";"3";"2";"1";"3";"2";"1";"4";"4,2";"3,4";"1,0";"1,0";"2,33";"2,33";"1,0";"2,33";"2,33";"2,33";"3,88";"12";"1,0";"0";"1,0";"1,0";"1,0";"3,0";"3,0";"1,0";"3,0";"1,0";"1,0";"1,0";"5";"5";"2";"5";"5";"5";"5";"4";"5";"4";"4";"5";"4";"5";"3";"1";"1";"1";"1";"";"3,88";"2";"1";"1";"1";"1";"1";"1";"1";"1";"5";"1";"2";"2";"4";"2";"5";"5";"5";"5";"5";"5";"4";"3";"3";"Onderwijs en Innovatie (ONI)";"Man";"45";"Rotterdam";"1";"0";"Anders, namelijk (vul in):";"Anders"
"3";"4";"4";"3";"3";"3";"2";"4,2";"3,4";"4,6";"3";"4";"4";"4";"4";"4";"5";"3";"3";"5";"4";"3,8";"3,8";"2,33";"2,33";"2,33";"2,33";"1,0";"2,33";"2,33";"2,33";"3,6";"12";"1,0";"0";"1,0";"1,0";"1,0";"3,0";"3,0";"3,0";"3,0";"1,0";"1,0";"1,0";"4";"4";"3";"4";"4";"4";"4";"3";"4";"3";"4";"4";"3";"3";"4";"4";"4";"2";"1";"";"2,76";"";"";"";"";"";"";"";"";"";"";"";"";"";"";"";"";"";"";"";"";"";"";"";"";"Business, Finance and Law (BFL)";"Anders";"44";"Rotterdam";"1";"0";"Havo";"Alleen"
"2";"4";"4";"5";"5";"5";"5";"3,4";"4,6";"2,6";"4";"5";"4";"5";"5";"5";"5";"3";"4";"";"3";"2,2";"3,4";"5,0";"5,0";"3,67";"3,67";"3,67";"3,67";"5,0";"5,0";"3,8";"12";"5,0";"0";"1,0";"1,0";"3,0";"3,0";"5,0";"5,0";"1,0";"1,0";"1,0";"1,0";"5";"3";"5";"5";"5";"4";"4";"4";"4";"2";"2";"4";"4";"5";"5";"1";"1";"1";"1";"2";"3,4";"5";"2";"4";"5";"5";"1";"5";"5";"3";"2";"4";"5";"5";"3";"5";"2";"2";"3";"4";"3";"3";"4";"1";"2";"Onderwijs en Innovatie (ONI)";"Vrouw";"21";"Alkmaar";"2";"0";"Mbo";"Bij mijn ouder(s)/verzorger(s)"
"3";"3";"3";"4";"4";"3";"4";"3,4";"3,8";"3,4";"3";"3";"4";"2";"4";"1";"1";"2";"2";"4";"2";"2,2";"3,4";"2,33";"1,0";"1,0";"3,67";"1,0";"3,67";"2,33";"2,33";"3,56";"12";"1,0";"0";"1,0";"1,0";"3,0";"3,0";"3,0";"3,0";"3,0";"3,0";"3,0";"3,0";"2";"3";"3";"3";"3";"3";"2";"2";"3";"3";"3";"3";"3";"2";"3";"3";"3";"3";"";"1";"4,84";"";"";"";"";"";"";"";"";"";"";"";"";"";"";"";"";"";"";"";"";"";"";"";"";"Techniek, Ontwerpen en Informatica (TOI)";"Vrouw";"19";"Alkmaar";"3";"0";"Havo";"Bij mijn ouder(s)/verzorger(s)"
"2";"3";"3";"5";"5";"3";"4";"4,2";"2,6";"1,4";"5";"5";"";"2";"5";"";"";"2";"5";"1";"4";"3,8";"3,8";"3,67";"5,0";"5,0";"3,67";"1,0";"3,67";"2,33";"1,0";"3,72";"12";"1,0";"1";"1,0";"1,0";"1,0";"3,0";"3,0";"3,0";"1,0";"1,0";"1,0";"1,0";"5";"5";"1";"4";"4";"3";"4";"4";"3";"4";"3";"5";"3";"4";"2";"3";"2";"1";"1";"1";"2,6";"3";"3";"3";"4";"5";"3";"4";"5";"3";"4";"3";"3";"3";"3";"3";"1";"1";"3";"2";"2";"3";"3";"2";"1";"Gezondheid, Sport en Welzijn (GSW)";"Vrouw";"20";"Den Haag";"3";"0";"Vwo";"Bij mijn ouder(s)/verzorger(s)"
"3";"4";"3";"3";"2";"1";"2";"3,8";"2,6";"3,8";"2";"1";"";"";"3";"3";"4";"1";"3";"1";"4";"3,8";"3,4";"2,33";"2,33";"1,0";"2,33";"1,0";"2,33";"1,0";"2,33";"4,12";"12";"1,0";"0";"1,0";"1,0";"1,0";"3,0";"3,0";"3,0";"1,0";"1,0";"1,0";"1,0";"4";"4";"2";"4";"4";"4";"3";"4";"3";"3";"2";"4";"3";"3";"1";"2";"1";"1";"1";"4";"1,56";"2";"1";"2";"2";"2";"4";"4";"2";"4";"4";"2";"2";"2";"4";"2";"4";"2";"3";"3";"4";"3";"4";"4";"2";"Agri, Food and Life Sciences (AFL)";"Man";"21";"Amsterdam";"4";"0";"Havo";"Bij mijn ouder(s)/verzorger(s)"
"3";"4";"4";"3";"4";"4";"4";"3,8";"3,0";"3,4";"2";"3";"";"3";"3";"4";"2";"3";"2";"4";"4";"3,8";"3,4";"1,0";"2,33";"2,33";"3,67";"1,0";"3,67";"2,33";"3,67";"4,6";"12";"1,0";"0";"1,0";"1,0";"1,0";"3,0";"3,0";"3,0";"3,0";"1,0";"1,0";"1,0";"4";"5";"2";"4";"3";"3";"3";"2";"3";"4";"3";"4";"1";"3";"1";"1";"1";"1";"1";"3";"1,0";"2";"3";"2";"2";"4";"4";"3";"3";"2";"4";"3";"2";"3";"3";"3";"4";"3";"3";"2";"4";"3";"4";"3";"3";"Agri, Food and Life Sciences (AFL)";"Vrouw";"22";"Amsterdam";"4";"0";"Vwo";"Bij mijn ouder(s)/verzorger(s)"
"2";"2";"4";"4";"4";"4";"3";"1,8";"4,2";"2,2";"";"2";"";"1";"2";"2";"";"2";"1";"1";"4";"2,2";"3,4";"3,67";"2,33";"2,33";"3,67";"3,67";"5,0";"3,67";"2,33";"3,96";"12";"1,0";"0";"1,0";"1,0";"1,0";"3,0";"3,0";"3,0";"1,0";"1,0";"1,0";"3,0";"4";"1";"2";"4";"3";"4";"2";"3";"3";"2";"2";"4";"2";"3";"4";"4";"1";"1";"1";"2";"";"2";"3";"2";"2";"5";"3";"5";"2";"2";"2";"4";"4";"4";"2";"4";"4";"2";"5";"4";"4";"4";"4";"2";"3";"Agri, Food and Life Sciences (AFL)";"Man";"24";"Amsterdam";"4";"0";"Mbo";"Bij mijn ouder(s)/verzorger(s)"
"2";"3";"2";"4";"2";"3";"2";"2,2";"3,4";"2,6";"";"2";"";"";"";"3";"";"3";"1";"";"4";"3,4";"3,8";"2,33";"3,67";"3,67";"2,33";"1,0";"3,67";"2,33";"5,0";"3,6";"12";"3,4";"0";"5,0";"1,0";"1,0";"3,0";"1,0";"5,0";"1,0";"1,0";"5,0";"5,0";"4";"5";"4";"4";"5";"5";"4";"5";"4";"2";"4";"5";"4";"4";"4";"1";"4";"2";"1";"2";"2,92";"4";"1";"2";"4";"1";"1";"4";"3";"3";"3";"1";"1";"1";"4";"1";"2";"4";"5";"5";"5";"5";"5";"4";"3";"Onderwijs en Innovatie (ONI)";"Man";"26";"Rotterdam";"4";"0";"Mbo";"Anders"
"4";"4";"3";"3";"1";"2";"1";"4,2";"3,0";"3,4";"2";"3";"1";"3";"2";"2";"3";"1";"3";"3";"3";"3,8";"3,8";"2,33";"1,0";"5,0";"3,67";"2,33";"2,33";"2,33";"2,33";"4,28";"11";"1,0";"0";"1,0";"1,0";"1,0";"1,0";"1,0";"1,0";"1,0";"1,0";"1,0";"1,0";"4";"4";"3";"4";"3";"3";"3";"2";"3";"3";"3";"3";"2";"3";"1";"1";"1";"1";"1";"";"2,44";"";"";"";"";"";"";"";"";"";"";"";"";"";"";"";"";"";"";"";"";"";"";"";"";"Business, Finance and Law (BFL)";"Vrouw";"34";"Rotterdam";"1";"0";"Mbo";"Met mijn partner / een relatie"
"4";"5";"5";"3";"2";"2";"2";"5,0";"3,4";"3,4";"3";"3";"1";"4";"2";"2";"5";"3";"2";"1";"4";"3,8";"4,6";"2,33";"2,33";"3,67";"2,33";"1,0";"2,33";"1,0";"2,33";"3,8";"11";"2,6";"0";"1,0";"1,0";"1,0";"1,0";"3,0";"5,0";"1,0";"1,0";"3,0";"3,0";"5";"5";"1";"5";"4";"4";"4";"3";"3";"5";"4";"5";"3";"3";"2";"1";"1";"1";"1";"4";"1,8";"";"";"";"";"";"";"";"";"";"";"";"";"";"";"";"";"";"";"";"";"";"";"";"";"Gezondheid, Sport en Welzijn (GSW)";"Vrouw";"28";"Amsterdam";"2";"0";"Mbo";"Alleen"
"1";"1";"1";"1";"1";"1";"1";"5,0";"5,0";"1,0";"5";"2";"1";"4";"5";"4";"";"";"";"4";"3";"1,8";"4,2";"2,33";"2,33";"5,0";"3,67";"2,33";"3,67";"3,67";"1,0";"3,36";"11";"2,6";"0";"5,0";"3,0";"5,0";"1,0";"5,0";"3,0";"1,0";"1,0";"1,0";"1,0";"2";"5";"2";"4";"4";"4";"2";"2";"3";"3";"5";"5";"5";"4";"3";"4";"4";"1";"1";"4";"3,56";"";"";"";"";"";"";"";"";"";"";"";"";"";"";"";"";"";"";"";"";"";"";"";"";"Gezondheid, Sport en Welzijn (GSW)";"Man";"19";"Alkmaar";"2";"0";"Havo";"Met een of enkele huisgenoten / vrienden (geen relatie)"
"4";"4";"4";"2";"1";"3";"2";"4,6";"3,4";"4,6";"4";"4";"3";"4";"";"";"4";"1";"4";"3";"4";"3,4";"3,8";"2,33";"2,33";"3,67";"2,33";"3,67";"2,33";"2,33";"1,0";"3,0";"11";"1,0";"0";"1,0";"1,0";"1,0";"3,0";"3,0";"3,0";"3,0";"3,0";"3,0";"3,0";"5";"4";"1";"4";"4";"4";"4";"4";"3";"2";"2";"3";"3";"2";"3";"1";"1";"2";"1";"3";"1,8";"";"";"";"";"";"";"";"";"";"";"";"";"";"";"";"";"";"";"";"";"";"";"";"";"Onderwijs en Innovatie (ONI)";"Vrouw";"18";"Alkmaar";"1";"0";"Havo";"Bij mijn ouder(s)/verzorger(s)"
"3";"4";"3";"4";"4";"5";"4";"3,8";"4,6";"3,4";"4";"5";"3";"5";"5";"5";"5";"5";"5";"1";"5";"3,4";"3,8";"1,0";"2,33";"3,67";"1,0";"2,33";"2,33";"2,33";"5,0";"3,0";"11";"1,0";"1";"5,0";"1,0";"5,0";"3,0";"3,0";"5,0";"3,0";"3,0";"3,0";"3,0";"4";"4";"4";"4";"3";"3";"4";"4";"4";"4";"4";"4";"4";"4";"4";"1";"1";"1";"1";"5";"1,72";"4";"4";"4";"4";"1";"3";"5";"5";"4";"2";"4";"4";"4";"3";"4";"4";"2";"5";"2";"3";"3";"4";"3";"3";"Onderwijs en Innovatie (ONI)";"Vrouw";"23";"Alkmaar";"1";"0";"Mbo";"Met mijn partner / een relatie"
"3";"5";"4";"2";"3";"1";"1";"4,2";"3,4";"4,6";"3";"3";"3";"3";"3";"3";"4";"3";"2";"1";"3";"4,2";"5,0";"1,0";"1,0";"1,0";"2,33";"1,0";"1,0";"2,33";"2,33";"3,96";"11";"2,6";"1";"3,0";"1,0";"1,0";"3,0";"3,0";"5,0";"1,0";"1,0";"1,0";"1,0";"4";"4";"3";"5";"5";"5";"4";"4";"4";"3";"3";"5";"4";"4";"2";"2";"1";"1";"1";"2";"1,96";"4";"1";"2";"2";"2";"3";"3";"4";"2";"4";"3";"3";"2";"3";"3";"4";"4";"5";"4";"4";"4";"4";"4";"4";"Onderwijs en Innovatie (ONI)";"Man";"22";"Haarlem";"1";"0";"Mbo";"Bij mijn ouder(s)/verzorger(s)"
"3";"4";"4";"3";"3";"3";"2";"3,4";"2,6";"4,2";"3";"3";"3";"3";"4";"3";"4";"3";"4";"4";"4";"3,8";"3,0";"2,33";"1,0";"2,33";"2,33";"1,0";"3,67";"1,0";"1,0";"3,24";"11";"3,4";"0";"1,0";"1,0";"1,0";"3,0";"3,0";"3,0";"3,0";"3,0";"3,0";"3,0";"4";"4";"3";"5";"5";"5";"4";"4";"4";"4";"3";"4";"3";"4";"3";"2";"4";"3";"1";"4";"1,8";"3";"3";"2";"2";"3";"2";"3";"3";"3";"3";"2";"3";"3";"3";"2";"4";"4";"4";"3";"4";"4";"4";"4";"3";"Onderwijs en Innovatie (ONI)";"Vrouw";"17";"Rotterdam";"1";"0";"Havo";"Bij mijn ouder(s)/verzorger(s)"
"3";"4";"3";"2";"2";"3";"2";"4,2";"3,4";"3,8";"";"";"";"";"3";"";"";"";"3";"2";"5";"4,2";"3,8";"1,0";"3,67";"2,33";"2,33";"1,0";"2,33";"2,33";"2,33";"4,6";"10";"1,0";"0";"1,0";"1,0";"1,0";"1,0";"1,0";"1,0";"1,0";"1,0";"1,0";"1,0";"4";"5";"2";"4";"5";"5";"5";"4";"5";"4";"4";"5";"4";"4";"4";"2";"2";"1";"1";"2";"3,72";"2";"4";"2";"2";"1";"2";"5";"4";"3";"2";"2";"4";"4";"3";"2";"4";"4";"5";"5";"4";"4";"4";"4";"4";"Gezondheid, Sport en Welzijn (GSW)";"Vrouw";"40";"Amsterdam";"1";"0";"Anders, namelijk (vul in):";"Met mijn partner / een relatie"
"2";"2";"3";"2";"2";"3";"4";"3,4";"3,4";"3,4";"2";"2";"2";"4";"4";"4";"4";"2";"5";"2";"2";"3,0";"3,0";"2,33";"2,33";"2,33";"3,67";"1,0";"2,33";"1,0";"2,33";"3,6";"10";"1,8";"0";"5,0";"3,0";"5,0";"1,0";"3,0";"3,0";"3,0";"3,0";"1,0";"1,0";"3";"3";"4";"3";"2";"2";"3";"4";"3";"3";"2";"5";"1";"3";"2";"3";"3";"1";"1";"4";"2,2";"";"";"";"";"";"";"";"";"";"";"";"";"";"";"";"";"";"";"";"";"";"";"";"";"Creative Business (CB)";"Man";"18";"Amsterdam";"1";"1";"Ik heb een buitenlandse vooropleiding afgerond (bv. A-levels)";"Met mijn partner / een relatie"
"3";"4";"4";"3";"2";"2";"2";"4,2";"3,8";"4,6";"2";"2";"2";"3";"3";"3";"";"3";"2";"3";"3";"4,2";"3,8";"1,0";"2,33";"1,0";"2,33";"1,0";"2,33";"1,0";"2,33";"4,0";"10";"1,0";"0";"1,0";"1,0";"1,0";"1,0";"1,0";"3,0";"1,0";"1,0";"1,0";"1,0";"4";"4";"3";"4";"4";"3";"4";"4";"4";"4";"4";"4";"4";"5";"4";"4";"3";"3";"1";"";"3,0";"";"";"";"";"";"";"";"";"";"";"";"";"";"";"";"";"";"";"";"";"";"";"";"";"Gezondheid, Sport en Welzijn (GSW)";"Vrouw";"47";"Amsterdam";"1";"0";"Anders, namelijk (vul in):";"Alleen"
"3";"4";"3";"2";"4";"4";"2";"3,8";"3,8";"3,0";"1";"1";"1";"2";"2";"3";"";"2";"2";"2";"4";"3,4";"3,8";"1,0";"2,33";"2,33";"2,33";"1,0";"3,67";"1,0";"1,0";"3,44";"10";"1,0";"0";"1,0";"1,0";"1,0";"1,0";"1,0";"1,0";"1,0";"1,0";"1,0";"1,0";"5";"5";"1";"4";"4";"4";"4";"4";"4";"4";"3";"4";"3";"4";"2";"1";"1";"1";"1";"";"3,56";"3";"2";"2";"2";"2";"2";"4";"4";"3";"4";"4";"2";"2";"3";"2";"4";"1";"3";"3";"4";"3";"4";"3";"2";"Gezondheid, Sport en Welzijn (GSW)";"Vrouw";"40";"Amsterdam";"2";"0";"Anders, namelijk (vul in):";"Met mijn partner / een relatie"
"2";"4";"3";"4";"4";"4";"3";"3,8";"5,0";"3,4";"1";"1";"1";"1";"1";"1";"1";"3";"2";"2";"4";"3,0";"4,2";"2,33";"2,33";"3,67";"2,33";"2,33";"2,33";"2,33";"2,33";"3,8";"10";"1,0";"0";"1,0";"1,0";"1,0";"1,0";"3,0";"5,0";"1,0";"1,0";"1,0";"1,0";"4";"4";"3";"5";"5";"5";"4";"5";"5";"5";"4";"4";"3";"4";"3";"1";"1";"1";"1";"";"3,88";"4";"3";"2";"1";"1";"1";"5";"4";"1";"2";"4";"4";"4";"2";"3";"3";"1";"4";"4";"4";"5";"4";"4";"4";"Gezondheid, Sport en Welzijn (GSW)";"Vrouw";"37";"Amsterdam";"2";"0";"Anders, namelijk (vul in):";"Met mijn partner / een relatie"
"3";"4";"4";"3";"3";"4";"2";"5,0";"3,4";"4,2";"1";"1";"1";"2";"2";"2";"1";"2";"1";"1";"4";"3,4";"4,2";"2,33";"3,67";"3,67";"3,67";"2,33";"3,67";"3,67";"3,67";"3,88";"10";"1,0";"0";"1,0";"1,0";"1,0";"1,0";"1,0";"1,0";"1,0";"1,0";"1,0";"1,0";"4";"4";"2";"4";"4";"4";"4";"4";"4";"4";"4";"4";"3";"4";"3";"3";"3";"2";"1";"1";"2,92";"";"";"";"";"";"";"";"";"";"";"";"";"";"";"";"";"";"";"";"";"";"";"";"";"Gezondheid, Sport en Welzijn (GSW)";"Vrouw";"48";"Amsterdam";"2";"0";"Anders, namelijk (vul in):";"Anders"
"4";"5";"3";"4";"3";"2";"2";"5,0";"4,6";"5,0";"1";"2";"2";"2";"3";"3";"4";"3";"2";"2";"3";"3,8";"3,4";"2,33";"2,33";"3,67";"3,67";"1,0";"2,33";"2,33";"2,33";"4,08";"10";"1,8";"0";"1,0";"1,0";"1,0";"1,0";"1,0";"5,0";"1,0";"1,0";"1,0";"1,0";"5";"5";"3";"5";"5";"5";"4";"5";"4";"3";"4";"3";"4";"3";"3";"1";"1";"1";"1";"4";"2,92";"";"";"";"";"";"";"";"";"";"";"";"";"";"";"";"";"";"";"";"";"";"";"";"";"Onderwijs en Innovatie (ONI)";"Vrouw";"39";"Den Haag";"2";"0";"Mbo";"Anders"
"3";"5";"4";"4";"2";"3";"3";"4,2";"4,6";"3,8";"1";"2";"2";"2";"1";"3";"5";"2";"1";"1";"4";"4,2";"3,4";"2,33";"3,67";"2,33";"1,0";"1,0";"1,0";"2,33";"2,33";"3,8";"10";"2,6";"0";"1,0";"1,0";"5,0";"1,0";"3,0";"5,0";"1,0";"1,0";"1,0";"1,0";"4";"5";"3";"5";"5";"5";"4";"4";"5";"5";"4";"5";"5";"5";"2";"1";"2";"2";"1";"2";"1,0";"4";"2";"3";"5";"1";"2";"4";"5";"4";"3";"4";"3";"4";"4";"3";"5";"3";"5";"5";"5";"5";"4";"3";"4";"Verloskunde Academie";"Vrouw";"24";"Groningen (Verloskunde Academie)";"2";"0";"Havo";"Met mijn partner / een relatie"
"3";"4";"4";"3";"2";"2";"2";"4,2";"3,8";"3,8";"1";"1";"1";"5";"5";"2";"2";"2";"5";"4";"4";"3,8";"3,8";"1,0";"2,33";"1,0";"2,33";"2,33";"2,33";"2,33";"2,33";"3,44";"10";"2,6";"1";"1,0";"1,0";"1,0";"3,0";"3,0";"3,0";"3,0";"3,0";"3,0";"3,0";"4";"5";"2";"5";"4";"4";"4";"4";"4";"4";"2";"3";"3";"3";"3";"1";"2";"1";"1";"3";"3,88";"4";"2";"3";"2";"1";"1";"5";"5";"5";"5";"3";"3";"3";"3";"3";"5";"4";"3";"4";"4";"4";"4";"4";"4";"Gezondheid, Sport en Welzijn (GSW)";"Vrouw";"38";"Amsterdam";"1";"0";"Mbo";"Anders"
"2";"4";"2";"4";"5";"4";"3";"4,2";"4,6";"3,4";"4";"3";"3";"5";"5";"5";"5";"5";"4";"4";"2";"2,6";"4,2";"3,67";"3,67";"3,67";"3,67";"3,67";"3,67";"3,67";"3,67";"3,8";"10";"1,0";"0";"1,0";"1,0";"1,0";"3,0";"3,0";"3,0";"3,0";"3,0";"1,0";"1,0";"3";"4";"3";"5";"4";"3";"4";"3";"3";"5";"3";"4";"3";"4";"2";"1";"1";"1";"1";"4";"1,24";"2";"3";"4";"2";"1";"1";"4";"3";"3";"2";"3";"3";"4";"3";"3";"4";"2";"4";"4";"4";"4";"";"";"";"Gezondheid, Sport en Welzijn (GSW)";"Man";"23";"Amsterdam";"1";"0";"Havo";"Bij mijn ouder(s)/verzorger(s)"
"3";"4";"3";"3";"3";"3";"2";"3,8";"3,8";"3,8";"4";"2";"";"5";"4";"5";"3";"3";"4";"";"4";"4,2";"3,8";"1,0";"2,33";"2,33";"1,0";"1,0";"2,33";"2,33";"2,33";"3,6";"10";"1,8";"1";"3,0";"1,0";"1,0";"3,0";"1,0";"3,0";"1,0";"1,0";"1,0";"1,0";"4";"5";"3";"4";"4";"4";"5";"5";"4";"3";"4";"4";"4";"4";"4";"4";"3";"2";"1";"3";"3,08";"4";"2";"4";"1";"1";"1";"5";"4";"4";"3";"4";"4";"2";"4";"2";"4";"4";"5";"4";"4";"4";"5";"3";"3";"Gezondheid, Sport en Welzijn (GSW)";"Man";"32";"Amsterdam";"1";"0";"Anders, namelijk (vul in):";"Met mijn partner / een relatie"
"3";"3";"3";"4";"4";"5";"3";"2,6";"3,4";"2,6";"5";"5";"";"5";"5";"4";"5";"2";"4";"1";"3";"1,8";"1,4";"3,67";"3,67";"2,33";"3,67";"2,33";"3,67";"3,67";"3,67";"3,0";"10";"5,0";"1";"3,0";"1,0";"5,0";"3,0";"1,0";"5,0";"1,0";"1,0";"1,0";"1,0";"4";"3";"5";"4";"3";"3";"4";"4";"5";"4";"3";"4";"3";"3";"3";"1";"1";"1";"1";"5";"1,8";"5";"3";"3";"2";"2";"3";"5";"3";"4";"2";"4";"4";"4";"2";"4";"4";"4";"4";"2";"3";"3";"4";"3";"3";"Onderwijs en Innovatie (ONI)";"Vrouw";"20";"Alkmaar";"1";"0";"Mbo";"Bij mijn ouder(s)/verzorger(s)"
"3";"4";"3";"2";"2";"3";"3";"3,8";"3,0";"3,8";"3";"3";"2";"3";"3";"3";"3";"4";"2";"2";"4";"3,4";"4,2";"1,0";"2,33";"2,33";"2,33";"2,33";"2,33";"2,33";"2,33";"3,2";"10";"1,8";"0";"1,0";"1,0";"1,0";"3,0";"5,0";"3,0";"1,0";"1,0";"1,0";"1,0";"4";"4";"4";"5";"4";"4";"4";"4";"4";"3";"3";"4";"4";"3";"3";"1";"1";"1";"1";"";"3,4";"2";"3";"3";"2";"1";"2";"4";"3";"2";"4";"2";"4";"4";"3";"3";"4";"4";"3";"3";"4";"4";"4";"4";"4";"Onderwijs en Innovatie (ONI)";"Vrouw";"41";"Rotterdam";"1";"0";"Anders, namelijk (vul in):";"Anders"
"3";"3";"4";"3";"3";"2";"4";"3,8";"4,2";"3,8";"5";"1";"3";"4";"5";"5";"3";"3";"4";"3";"4";"3,4";"3,8";"2,33";"3,67";"5,0";"3,67";"1,0";"5,0";"1,0";"2,33";"4,2";"10";"1,0";"0";"1,0";"1,0";"5,0";"3,0";"5,0";"5,0";"1,0";"1,0";"1,0";"1,0";"5";"5";"2";"5";"4";"5";"4";"4";"4";"4";"3";"5";"3";"3";"3";"1";"1";"2";"1";"3";"1,8";"3";"4";"4";"1";"4";"3";"5";"4";"3";"3";"4";"4";"4";"2";"4";"5";"2";"4";"4";"4";"3";"3";"3";"2";"Creative Business (CB)";"Vrouw";"18";"Rotterdam";"1";"0";"Havo";"Bij mijn ouder(s)/verzorger(s)"
"3";"4";"4";"3";"1";"2";"2";"4,2";"2,2";"4,2";"";"2";"";"1";"";"2";"3";"1";"2";"3";"3";"3,8";"4,2";"1,0";"2,33";"1,0";"2,33";"1,0";"2,33";"1,0";"2,33";"3,8";"10";"3,4";"0";"1,0";"1,0";"1,0";"3,0";"3,0";"5,0";"3,0";"3,0";"3,0";"3,0";"4";"4";"4";"5";"5";"4";"5";"4";"4";"5";"3";"5";"4";"5";"3";"1";"2";"2";"1";"3";"2,2";"3";"1";"1";"1";"1";"1";"3";"1";"1";"2";"1";"2";"1";"3";"3";"4";"4";"4";"5";"4";"4";"5";"4";"4";"Onderwijs en Innovatie (ONI)";"Vrouw";"20";"Rotterdam";"1";"0";"Havo";"Bij mijn ouder(s)/verzorger(s)"
"2";"3";"2";"3";"2";"3";"3";"2,6";"3,4";"2,2";"3";"3";"3";"3";"3";"3";"3";"3";"3";"2";"4";"3,8";"4,6";"1,0";"1,0";"2,33";"2,33";"1,0";"2,33";"2,33";"1,0";"3,32";"10";"1,0";"0";"1,0";"1,0";"1,0";"3,0";"3,0";"5,0";"3,0";"3,0";"3,0";"3,0";"4";"3";"2";"3";"2";"2";"4";"3";"3";"3";"3";"4";"3";"2";"2";"2";"2";"2";"1";"";"3,8";"2";"2";"4";"2";"1";"1";"4";"4";"2";"3";"3";"3";"4";"2";"4";"3";"3";"3";"2";"2";"2";"2";"2";"2";"Onderwijs en Innovatie (ONI)";"Man";"45";"Rotterdam";"1";"0";"Mbo";"Anders"
"2";"4";"4";"5";"4";"4";"4";"3,4";"5,0";"3,8";"2";"3";"";"5";"3";"4";"3";"2";"4";"5";"3";"3,4";"4,2";"2,33";"3,67";"2,33";"3,67";"5,0";"3,67";"2,33";"3,67";"3,8";"10";"4,2";"0";"1,0";"1,0";"1,0";"3,0";"5,0";"5,0";"3,0";"1,0";"1,0";"1,0";"5";"4";"3";"5";"3";"3";"3";"2";"3";"1";"2";"5";"2";"4";"4";"1";"1";"1";"1";"3";"";"4";"3";"2";"2";"1";"3";"5";"4";"4";"3";"4";"4";"4";"3";"2";"5";"3";"3";"4";"3";"3";"4";"4";"3";"Agri, Food and Life Sciences (AFL)";"Vrouw";"22";"Amsterdam";"2";"0";"Havo";"Bij mijn ouder(s)/verzorger(s)"
"3";"4";"3";"3";"2";"2";"2";"3,8";"3,8";"3,8";"1";"2";"2";"3";"4";"2";"2";"2";"4";"5";"3";"3,0";"4,6";"2,33";"2,33";"1,0";"2,33";"1,0";"2,33";"1,0";"2,33";"3,88";"10";"1,0";"0";"1,0";"1,0";"1,0";"3,0";"3,0";"3,0";"3,0";"3,0";"3,0";"3,0";"4";"4";"3";"3";"4";"4";"3";"4";"4";"4";"3";"4";"3";"3";"2";"2";"2";"2";"1";"2";"3,88";"2";"2";"2";"2";"2";"2";"4";"4";"4";"4";"2";"2";"2";"4";"2";"3";"1";"4";"4";"4";"4";"4";"4";"4";"Gezondheid, Sport en Welzijn (GSW)";"Vrouw";"38";"Amsterdam";"2";"0";"Anders, namelijk (vul in):";"Met mijn partner / een relatie"
"3";"4";"3";"3";"3";"3";"3";"3,8";"3,8";"4,2";"";"3";"";"4";"4";"";"";"3";"3";"2";"4";"3,8";"3,8";"1,0";"2,33";"2,33";"3,67";"2,33";"3,67";"2,33";"2,33";"3,96";"10";"1,0";"1";"1,0";"1,0";"3,0";"3,0";"1,0";"3,0";"1,0";"1,0";"1,0";"1,0";"4";"4";"3";"4";"4";"4";"4";"4";"4";"4";"4";"4";"3";"4";"3";"1";"1";"1";"1";"3";"3,56";"2";"4";"3";"2";"2";"2";"5";"2";"5";"2";"3";"2";"2";"3";"2";"4";"3";"4";"3";"4";"4";"3";"3";"3";"Gezondheid, Sport en Welzijn (GSW)";"Vrouw";"42";"Amsterdam";"2";"0";"Anders, namelijk (vul in):";"Alleen"
"3";"4";"3";"4";"2";"1";"4";"3,4";"3,8";"3,4";"1";"1";"2";"1";"3";"3";"4";"3";"3";"2";"2";"3,0";"3,0";"2,33";"3,67";"2,33";"3,67";"1,0";"3,67";"1,0";"3,67";"4,0";"10";"5,0";"0";"3,0";"1,0";"3,0";"3,0";"5,0";"5,0";"3,0";"1,0";"1,0";"1,0";"3";"4";"4";"5";"5";"5";"3";"2";"3";"3";"2";"4";"3";"4";"1";"1";"1";"1";"1";"4";"1,4";"4";"3";"2";"3";"2";"3";"4";"3";"3";"2";"4";"4";"4";"2";"4";"4";"2";"4";"5";"5";"3";"4";"3";"4";"Business, Finance and Law (BFL)";"Man";"23";"Rotterdam";"2";"0";"Vwo";"Bij mijn ouder(s)/verzorger(s)"
"2";"4";"4";"4";"4";"4";"4";"3,4";"2,6";"3,0";"1";"3";"2";"3";"3";"2";"";"2";"4";"4";"2";"3,4";"4,2";"2,33";"2,33";"3,67";"3,67";"1,0";"3,67";"1,0";"3,67";"3,36";"10";"3,4";"0";"3,0";"1,0";"1,0";"3,0";"5,0";"5,0";"3,0";"1,0";"1,0";"1,0";"3";"4";"4";"3";"4";"4";"2";"1";"2";"3";"4";"5";"3";"4";"3";"3";"2";"1";"1";"3";"2,28";"4";"3";"3";"4";"4";"3";"4";"3";"3";"4";"2";"2";"2";"4";"1";"3";"3";"5";"4";"3";"4";"4";"4";"4";"Agri, Food and Life Sciences (AFL)";"Man";"24";"Delft";"2";"0";"Havo";"Bij mijn ouder(s)/verzorger(s)"
"3";"4";"3";"3";"2";"2";"2";"3,8";"2,6";"4,2";"4";"2";"2";"3";"4";"3";"2";"2";"3";"4";"4";"4,6";"3,8";"1,0";"2,33";"2,33";"2,33";"2,33";"2,33";"1,0";"2,33";"3,8";"10";"4,2";"0";"1,0";"1,0";"1,0";"3,0";"1,0";"3,0";"1,0";"1,0";"1,0";"1,0";"3";"5";"3";"4";"4";"4";"4";"3";"4";"3";"2";"4";"3";"4";"2";"1";"1";"1";"1";"4";"3,0";"2";"2";"4";"1";"4";"3";"4";"3";"4";"4";"2";"2";"2";"3";"3";"4";"4";"4";"4";"4";"4";"4";"4";"4";"Agri, Food and Life Sciences (AFL)";"Man";"22";"Amsterdam";"3";"0";"Havo";"Bij mijn ouder(s)/verzorger(s)"
"4";"3";"3";"2";"3";"3";"3";"4,2";"3,0";"3,8";"4";"3";"3";"2";"3";"4";"4";"4";"3";"4";"3";"3,8";"4,2";"1,0";"2,33";"2,33";"1,0";"2,33";"2,33";"1,0";"2,33";"3,4";"10";"1,0";"0";"1,0";"1,0";"1,0";"3,0";"3,0";"3,0";"3,0";"3,0";"3,0";"3,0";"4";"4";"3";"4";"4";"4";"3";"4";"3";"2";"1";"3";"3";"3";"1";"4";"4";"1";"1";"";"2,6";"";"";"";"";"";"";"";"";"";"";"";"";"";"";"";"";"";"";"";"";"";"";"";"";"Business, Finance and Law (BFL)";"Vrouw";"24";"Amsterdam";"3";"0";"Mbo";"Alleen"
"3";"4";"3";"3";"3";"2";"4";"3,8";"3,4";"3,4";"5";"2";"3";"";"5";"2";"1";"2";"4";"4";"5";"3,8";"3,4";"2,33";"3,67";"2,33";"1,0";"2,33";"2,33";"2,33";"2,33";"3,64";"10";"2,6";"0";"1,0";"5,0";"5,0";"3,0";"1,0";"5,0";"5,0";"1,0";"1,0";"1,0";"4";"4";"3";"5";"5";"5";"4";"3";"5";"4";"3";"5";"5";"4";"5";"5";"4";"1";"1";"1";"3,16";"4";"4";"3";"4";"5";"2";"4";"3";"5";"3";"2";"3";"2";"3";"3";"5";"2";"4";"3";"4";"4";"4";"3";"2";"Gezondheid, Sport en Welzijn (GSW)";"Vrouw";"22";"Rotterdam";"3";"0";"Havo";"Alleen"
"4";"4";"3";"1";"1";"3";"2";"3,8";"2,2";"4,2";"2";"4";"";"";"4";"";"";"2";"";"";"2";"4,2";"3,8";"2,33";"2,33";"3,67";"3,67";"2,33";"2,33";"3,67";"1,0";"3,52";"10";"1,0";"0";"1,0";"1,0";"1,0";"3,0";"3,0";"5,0";"3,0";"3,0";"1,0";"1,0";"3";"2";"3";"4";"4";"4";"4";"4";"2";"4";"4";"4";"4";"4";"2";"1";"3";"4";"1";"4";"1,64";"3";"2";"2";"2";"2";"1";"4";"4";"4";"4";"2";"2";"2";"4";"2";"4";"3";"5";"5";"5";"4";"4";"4";"2";"Techniek, Ontwerpen en Informatica (TOI)";"Man";"20";"Delft";"3";"0";"Havo";"In een studentenhuis / met meerdere studenten samen"
"1";"5";"3";"3";"3";"4";"4";"3,8";"3,0";"3,8";"3";"2";"1";"1";"1";"2";"1";"2";"2";"3";"4";"4,2";"3,8";"2,33";"3,67";"2,33";"2,33";"1,0";"2,33";"2,33";"5,0";"4,4";"10";"1,0";"0";"1,0";"1,0";"1,0";"3,0";"3,0";"3,0";"1,0";"1,0";"1,0";"1,0";"4";"5";"3";"5";"5";"5";"5";"5";"5";"5";"5";"5";"5";"5";"3";"3";"1";"2";"1";"4";"1,0";"2";"2";"3";"2";"2";"2";"5";"3";"4";"4";"4";"5";"4";"3";"4";"4";"2";"5";"5";"5";"5";"5";"4";"3";"Agri, Food and Life Sciences (AFL)";"Vrouw";"24";"Amsterdam";"4";"0";"Havo";"Bij mijn ouder(s)/verzorger(s)"
"1";"3";"2";"4";"3";"3";"3";"2,2";"3,8";"1,4";"1";"2";"2";"4";"5";"4";"1";"2";"5";"1";"3";"3,4";"3,4";"2,33";"3,67";"1,0";"3,67";"1,0";"3,67";"2,33";"3,67";"3,4";"10";"2,6";"0";"1,0";"1,0";"1,0";"3,0";"1,0";"3,0";"1,0";"1,0";"1,0";"3,0";"4";"4";"4";"5";"4";"3";"5";"5";"3";"3";"2";"5";"3";"3";"4";"4";"1";"1";"1";"4";"3,24";"";"";"";"";"";"";"";"";"";"";"";"";"";"";"";"";"";"";"";"";"";"";"";"";"Gezondheid, Sport en Welzijn (GSW)";"Vrouw";"23";"Alkmaar";"4";"0";"Vwo";"Met mijn partner / een relatie"
"3";"5";"4";"2";"3";"2";"3";"3,8";"3,8";"3,8";"3";"3";"4";"3";"4";"3";"4";"3";"4";"5";"3";"3,4";"4,2";"1,0";"2,33";"2,33";"3,67";"1,0";"2,33";"2,33";"2,33";"3,4";"10";"1,0";"0";"5,0";"5,0";"3,0";"5,0";"1,0";"3,0";"3,0";"1,0";"1,0";"1,0";"4";"4";"5";"5";"5";"3";"4";"4";"5";"4";"4";"4";"4";"4";"3";"4";"4";"4";"1";"4";"1,96";"";"";"";"";"";"";"";"";"";"";"";"";"";"";"";"";"";"";"";"";"";"";"";"";"Business, Finance and Law (BFL)";"Man";"22";"Amsterdam";"1";"1";"Havo";"In een studentenhuis / met meerdere studenten samen"
"3";"4";"4";"2";"2";"3";"3";"4,2";"3,8";"4,2";"1";"3";"1";"3";"4";"2";"3";"1";"2";"1";"3";"3,8";"3,8";"1,0";"2,33";"1,0";"2,33";"1,0";"2,33";"1,0";"2,33";"4,0";"10";"1,0";"0";"1,0";"1,0";"1,0";"5,0";"1,0";"3,0";"1,0";"1,0";"1,0";"1,0";"5";"5";"1";"5";"4";"4";"4";"3";"4";"4";"2";"4";"3";"3";"3";"1";"2";"4";"1";"5";"1,64";"4";"4";"3";"3";"1";"3";"4";"4";"1";"3";"4";"3";"3";"3";"3";"5";"5";"4";"5";"4";"4";"4";"4";"4";"Creative Business (CB)";"Vrouw";"18";"Rotterdam";"1";"0";"Havo";"Bij mijn ouder(s)/verzorger(s)"
"2";"3";"3";"4";"3";"4";"4";"1,4";"4,6";"3,0";"1";"2";"2";"5";"5";"3";"5";"2";"3";"2";"4";"3,8";"3,4";"2,33";"3,67";"2,33";"2,33";"2,33";"2,33";"2,33";"3,67";"3,6";"10";"4,2";"1";"3,0";"1,0";"3,0";"5,0";"1,0";"5,0";"1,0";"1,0";"1,0";"1,0";"3";"4";"5";"4";"4";"5";"4";"4";"4";"4";"4";"5";"4";"5";"3";"3";"4";"5";"1";"5";"2,2";"4";"2";"3";"1";"3";"1";"4";"3";"4";"4";"3";"3";"3";"2";"3";"4";"3";"4";"4";"4";"4";"4";"3";"4";"Onderwijs en Innovatie (ONI)";"Vrouw";"20";"Alkmaar";"2";"0";"Mbo";"Bij mijn ouder(s)/verzorger(s)"
"1";"3";"2";"5";"5";"4";"4";"2,2";"5,0";"1,4";"";"5";"";"4";"";"4";"";"4";"";"5";"4";"3,4";"4,6";"3,67";"3,67";"5,0";"3,67";"3,67";"3,67";"2,33";"5,0";"3,2";"9";"5,0";"0";"5,0";"1,0";"3,0";"1,0";"1,0";"3,0";"1,0";"1,0";"1,0";"1,0";"4";"1";"5";"4";"3";"3";"2";"2";"5";"2";"2";"2";"2";"3";"1";"1";"1";"1";"1";"2";"3,4";"4";"4";"2";"5";"4";"2";"5";"4";"3";"2";"3";"4";"5";"2";"3";"3";"3";"2";"3";"4";"1";"3";"1";"1";"Verloskunde Academie";"Vrouw";"31";"Amsterdam";"5 of hoger";"0";"Mbo";"Met mijn partner / een relatie"
"5";"5";"5";"2";"1";"1";"1";"5,0";"1,0";"5,0";"3";"1";"1";"3";"";"3";"1";"1";"1";"1";"5";"4,6";"3,8";"2,33";"2,33";"3,67";"1,0";"2,33";"1,0";"1,0";"1,0";"4,24";"9";"1,0";"0";"1,0";"1,0";"1,0";"3,0";"3,0";"3,0";"5,0";"3,0";"3,0";"3,0";"4";"4";"1";"1";"1";"5";"4";"4";"4";"4";"4";"4";"4";"4";"3";"2";"2";"3";"1";"5";"2,2";"";"";"";"";"";"";"";"";"";"";"";"";"";"";"";"";"";"";"";"";"";"";"";"";"Techniek, Ontwerpen en Informatica (TOI)";"Man";"19";"Amsterdam";"2";"0";"Havo";"Bij mijn ouder(s)/verzorger(s)"
"3";"4";"3";"3";"2";"4";"3";"3,8";"4,2";"3,8";"4";"3";"3";"2";"2";"5";"4";"5";"3";"1";"4";"3,8";"3,0";"2,33";"2,33";"2,33";"1,0";"1,0";"2,33";"2,33";"3,67";"3,4";"8";"1,0";"0";"1,0";"1,0";"1,0";"1,0";"3,0";"5,0";"1,0";"1,0";"1,0";"1,0";"3";"3";"5";"5";"5";"5";"4";"4";"4";"5";"5";"5";"4";"4";"5";"3";"2";"1";"1";"3";"1,4";"4";"1";"3";"2";"3";"1";"4";"3";"4";"4";"3";"3";"2";"3";"2";"3";"4";"3";"3";"3";"3";"4";"4";"4";"Onderwijs en Innovatie (ONI)";"Vrouw";"19";"Haarlem";"2";"0";"Havo";"Bij mijn ouder(s)/verzorger(s)"
"3";"4";"4";"4";"4";"2";"4";"2,2";"4,2";"3,0";"2";"3";"4";"3";"2";"4";"5";"3";"2";"2";"4";"3,8";"3,4";"2,33";"3,67";"5,0";"3,67";"1,0";"3,67";"2,33";"3,67";"3,4";"8";"4,2";"0";"1,0";"1,0";"1,0";"3,0";"3,0";"3,0";"1,0";"1,0";"1,0";"1,0";"4";"4";"3";"5";"4";"4";"2";"2";"3";"2";"3";"5";"4";"4";"3";"4";"1";"2";"1";"3";"2,6";"4";"3";"4";"3";"2";"2";"3";"2";"4";"4";"4";"3";"3";"4";"2";"4";"4";"4";"3";"4";"3";"4";"4";"4";"Onderwijs en Innovatie (ONI)";"Vrouw";"19";"Alkmaar";"2";"0";"Havo";"Bij mijn ouder(s)/verzorger(s)"
"2";"3";"2";"4";"3";"4";"3";"3,4";"4,2";"3,8";"3";"4";"2";"4";"4";"3";"4";"4";"3";"2";"3";"3,8";"3,8";"2,33";"2,33";"2,33";"2,33";"1,0";"2,33";"1,0";"2,33";"3,12";"8";"2,6";"1";"3,0";"1,0";"1,0";"3,0";"3,0";"5,0";"1,0";"1,0";"5,0";"1,0";"4";"5";"4";"3";"4";"4";"4";"4";"4";"4";"3";"5";"3";"4";"2";"1";"1";"1";"1";"4";"2,2";"4";"2";"2";"1";"2";"2";"4";"4";"3";"4";"4";"3";"2";"3";"2";"3";"4";"4";"2";"3";"3";"3";"3";"3";"Business, Finance and Law (BFL)";"Man";"19";"Den Haag";"2";"0";"Havo";"Bij mijn ouder(s)/verzorger(s)"
"2";"3";"3";"4";"4";"5";"4";"2,6";"4,6";"3,4";"5";"4";"2";"5";"5";"4";"5";"4";"3";"2";"2";"3,4";"4,2";"5,0";"5,0";"2,33";"3,67";"2,33";"3,67";"2,33";"3,67";"2,8";"8";"5,0";"0";"5,0";"1,0";"3,0";"3,0";"1,0";"5,0";"1,0";"1,0";"1,0";"1,0";"3";"3";"4";"3";"4";"4";"5";"3";"5";"4";"2";"5";"2";"3";"3";"1";"4";"3";"1";"4";"1,8";"4";"1";"2";"3";"1";"3";"4";"3";"4";"2";"4";"4";"4";"2";"4";"3";"2";"4";"4";"4";"4";"4";"2";"3";"Business, Finance and Law (BFL)";"Man";"21";"Den Haag";"2";"0";"Havo";"Bij mijn ouder(s)/verzorger(s)"
"3";"4";"3";"3";"2";"1";"3";"4,2";"3,4";"3,8";"2";"2";"2";"2";"3";"2";"3";"2";"2";"2";"5";"4,6";"4,2";"1,0";"2,33";"2,33";"1,0";"1,0";"1,0";"1,0";"2,33";"3,88";"7";"1,0";"0";"1,0";"1,0";"1,0";"1,0";"1,0";"1,0";"1,0";"1,0";"1,0";"1,0";"4";"4";"2";"4";"4";"4";"4";"4";"4";"4";"4";"4";"4";"4";"4";"4";"2";"1";"1";"3";"2,2";"3";"1";"2";"3";"3";"3";"2";"2";"2";"4";"2";"3";"2";"4";"2";"4";"4";"4";"4";"4";"4";"4";"4";"3";"Techniek, Ontwerpen en Informatica (TOI)";"Man";"20";"Amsterdam";"1";"0";"Mbo";"Bij mijn ouder(s)/verzorger(s)"
"2";"3";"3";"5";"4";"2";"2";"3,8";"5,0";"1,8";"2";"3";"2";"5";"5";"5";"5";"3";"";"";"4";"3,4";"4,2";"2,33";"3,67";"2,33";"3,67";"1,0";"3,67";"2,33";"2,33";"3,6";"7";"5,0";"0";"1,0";"1,0";"3,0";"1,0";"1,0";"5,0";"1,0";"1,0";"1,0";"3,0";"4";"4";"4";"4";"5";"5";"4";"5";"4";"2";"4";"5";"4";"5";"1";"1";"1";"3";"1";"5";"2,28";"4";"2";"3";"1";"1";"1";"5";"4";"1";"4";"5";"2";"2";"1";"2";"4";"2";"5";"4";"5";"4";"4";"1";"1";"Onderwijs en Innovatie (ONI)";"Vrouw";"42";"Alkmaar";"2";"0";"Mbo";"Anders"
"2";"2";"2";"3";"3";"3";"3";"2,2";"1,4";"2,6";"3";"4";"4";"4";"4";"4";"3";"2";"4";"5";"3";"3,8";"4,2";"2,33";"2,33";"2,33";"3,67";"2,33";"3,67";"2,33";"2,33";"4,2";"6";"2,6";"1";"1,0";"5,0";"1,0";"1,0";"1,0";"3,0";"1,0";"1,0";"1,0";"1,0";"3";"3";"2";"3";"2";"2";"3";"3";"3";"1";"2";"4";"3";"3";"2";"1";"2";"1";"";"4";"2,28";"";"";"";"";"";"";"";"";"";"";"";"";"";"";"";"";"";"";"";"";"";"";"";"";"Techniek, Ontwerpen en Informatica (TOI)";"Man";"22";"Amsterdam";"2";"1";"Mbo";"Alleen"
"3";"4";"4";"3";"2";"4";"2";"4,2";"3,8";"3,4";"4";"3";"3";"2";"3";"2";"2";"2";"2";"3";"4";"4,2";"3,8";"1,0";"2,33";"1,0";"1,0";"1,0";"1,0";"1,0";"2,33";"3,6";"6";"4,2";"0";"1,0";"1,0";"1,0";"1,0";"1,0";"1,0";"1,0";"1,0";"3,0";"1,0";"4";"2";"4";"4";"4";"4";"3";"3";"3";"3";"4";"4";"4";"4";"4";"2";"2";"1";"1";"4";"1,8";"2";"1";"2";"1";"1";"1";"2";"3";"2";"4";"2";"2";"2";"3";"2";"3";"2";"5";"3";"3";"3";"4";"2";"2";"Verloskunde Academie";"Vrouw";"24";"Groningen (Verloskunde Academie)";"5 of hoger";"0";"Havo";"Met mijn partner / een relatie"
"3";"4";"5";"2";"3";"2";"3";"3,8";"2,6";"3,4";"3";"4";"3";"4";"5";"3";"3";"5";"4";"2";"4";"3,4";"3,4";"2,33";"2,33";"3,67";"2,33";"2,33";"2,33";"2,33";"2,33";"3,8";"6";"1,0";"0";"1,0";"1,0";"3,0";"3,0";"3,0";"3,0";"3,0";"1,0";"1,0";"1,0";"4";"5";"2";"4";"3";"3";"4";"3";"4";"4";"2";"4";"3";"3";"2";"2";"2";"1";"1";"5";"1,0";"";"";"";"";"";"";"";"";"";"";"";"";"";"";"";"";"";"";"";"";"";"";"";"";"Gezondheid, Sport en Welzijn (GSW)";"Vrouw";"20";"Amsterdam";"1";"0";"Mbo";"Bij mijn ouder(s)/verzorger(s)"
"2";"3";"3";"4";"4";"5";"4";"3,0";"3,8";"3,4";"4";"4";"3";"4";"4";"3";"4";"4";"4";"5";"3";"2,6";"3,8";"2,33";"2,33";"3,67";"3,67";"2,33";"5,0";"2,33";"2,33";"3,04";"6";"4,2";"1";"1,0";"1,0";"1,0";"3,0";"3,0";"1,0";"1,0";"1,0";"1,0";"1,0";"4";"4";"3";"4";"3";"2";"2";"2";"2";"2";"1";"2";"2";"2";"1";"1";"2";"1";"0";"4";"1,48";"4";"4";"3";"4";"4";"3";"4";"3";"5";"1";"4";"5";"5";"2";"4";"4";"3";"2";"3";"4";"3";"4";"3";"4";"Business, Finance and Law (BFL)";"Vrouw";"20";"Rotterdam";"1";"0";"Vwo";"Bij mijn ouder(s)/verzorger(s)"
"4";"4";"3";"2";"2";"3";"3";"3,8";"3,8";"3,4";"2";"4";"3";"3";"4";"4";"2";"3";"2";"2";"3";"4,2";"4,2";"2,33";"2,33";"1,0";"2,33";"1,0";"2,33";"1,0";"2,33";"3,4";"6";"3,4";"0";"3,0";"1,0";"1,0";"3,0";"5,0";"3,0";"1,0";"1,0";"3,0";"1,0";"3";"4";"3";"4";"4";"4";"4";"4";"4";"4";"3";"4";"3";"3";"4";"4";"3";"1";"1";"4";"4,2";"4";"2";"3";"2";"1";"1";"4";"4";"2";"4";"2";"2";"2";"4";"2";"3";"4";"3";"4";"4";"2";"2";"3";"2";"Onderwijs en Innovatie (ONI)";"Vrouw";"34";"Haarlem";"3";"0";"Mbo";"Met mijn partner / een relatie"
"3";"4";"5";"4";"2";"4";"4";"3,0";"3,4";"2,6";"";"";"";"";"";"";"";"";"";"";"4";"2,6";"3,8";"3,67";"5,0";"2,33";"3,67";"5,0";"3,67";"2,33";"2,33";"3,2";"6";"1,0";"1";"1,0";"1,0";"3,0";"5,0";"5,0";"5,0";"1,0";"1,0";"1,0";"1,0";"4";"4";"1";"4";"2";"2";"1";"1";"1";"4";"4";"4";"4";"4";"1";"1";"1";"1";"1";"4";"1,8";"";"";"";"";"";"";"";"";"";"";"";"";"";"";"";"";"";"";"";"";"";"";"";"";"Gezondheid, Sport en Welzijn (GSW)";"Vrouw";"22";"Alkmaar";"1";"0";"Mbo";"Bij mijn ouder(s)/verzorger(s)"
"2";"4";"4";"4";"3";"3";"5";"3,8";"5,0";"3,4";"1";"5";"4";"5";"5";"2";"3";"5";"5";"5";"4";"2,6";"3,0";"2,33";"3,67";"3,67";"5,0";"3,67";"3,67";"2,33";"5,0";"3,28";"6";"4,2";"0";"5,0";"1,0";"3,0";"5,0";"3,0";"5,0";"1,0";"1,0";"1,0";"1,0";"4";"5";"5";"5";"5";"5";"4";"3";"4";"5";"5";"3";"4";"5";"5";"3";"5";"5";"1";"1";"1,64";"5";"3";"4";"5";"5";"5";"4";"4";"5";"4";"2";"4";"2";"2";"3";"4";"5";"5";"4";"4";"4";"1";"2";"2";"Gezondheid, Sport en Welzijn (GSW)";"Vrouw";"23";"Amsterdam";"3";"0";"Havo";"Bij mijn ouder(s)/verzorger(s)"
"3";"5";"4";"3";"2";"4";"3";"4,6";"4,2";"4,2";"2";"5";"";"4";"";"4";"5";"1";"5";"3";"3";"4,2";"3,4";"1,0";"3,67";"5,0";"2,33";"1,0";"3,67";"2,33";"2,33";"4,08";"5";"1,8";"0";"1,0";"1,0";"1,0";"1,0";"1,0";"3,0";"1,0";"1,0";"1,0";"1,0";"4";"1";"3";"4";"4";"4";"4";"4";"4";"4";"3";"4";"4";"4";"1";"3";"1";"1";"1";"4";"2,2";"5";"2";"1";"2";"3";"1";"5";"1";"4";"2";"4";"4";"4";"1";"3";"4";"5";"3";"4";"4";"4";"3";"3";"3";"Gezondheid, Sport en Welzijn (GSW)";"Vrouw";"20";"Amsterdam";"1";"0";"Havo";"Alleen"
"3";"4";"4";"3";"3";"4";"2";"4,2";"3,4";"3,8";"5";"3";"4";"5";"4";"4";"5";"4";"4";"5";"4";"3,4";"3,8";"2,33";"3,67";"2,33";"2,33";"2,33";"2,33";"3,67";"3,67";"3,4";"5";"1,0";"0";"3,0";"5,0";"3,0";"1,0";"1,0";"1,0";"1,0";"1,0";"1,0";"1,0";"4";"4";"3";"1";"3";"3";"3";"3";"3";"3";"3";"3";"3";"4";"3";"3";"3";"3";"1";"1";"1,8";"4";"4";"3";"5";"1";"1";"5";"4";"3";"4";"4";"3";"3";"3";"3";"4";"3";"3";"4";"4";"3";"4";"4";"4";"Gezondheid, Sport en Welzijn (GSW)";"Vrouw";"29";"Alkmaar";"1";"0";"Mbo";"Anders"
"3";"4";"4";"3";"3";"3";"4";"4,2";"4,2";"3,0";"2";"4";"2";"3";"4";"5";"4";"4";"4";"4";"3";"1,8";"3,4";"3,67";"3,67";"2,33";"3,67";"2,33";"3,67";"2,33";"3,67";"3,8";"5";"5,0";"0";"1,0";"1,0";"3,0";"1,0";"1,0";"1,0";"1,0";"1,0";"1,0";"1,0";"4";"4";"4";"4";"4";"4";"4";"4";"4";"4";"4";"4";"3";"4";"2";"2";"2";"3";"1";"3";"3,32";"4";"3";"3";"3";"3";"3";"5";"3";"3";"2";"5";"4";"4";"2";"3";"4";"4";"4";"4";"4";"4";"4";"4";"2";"Gezondheid, Sport en Welzijn (GSW)";"Vrouw";"28";"Rotterdam";"2";"0";"Mbo";"Met mijn partner / een relatie"
"2";"2";"2";"4";"5";"3";"4";"2,2";"4,2";"1,8";"";"3";"";"";"4";"3";"";"2";"2";"";"3";"3,4";"3,8";"2,33";"3,67";"5,0";"3,67";"2,33";"3,67";"3,67";"5,0";"3,64";"5";"5,0";"1";"5,0";"3,0";"3,0";"1,0";"5,0";"1,0";"1,0";"1,0";"1,0";"5,0";"3";"4";"5";"5";"4";"4";"4";"3";"4";"4";"4";"2";"1";"5";"3";"1";"1";"1";"1";"5";"4,28";"4";"3";"4";"3";"1";"2";"4";"3";"3";"2";"4";"4";"4";"2";"4";"5";"4";"2";"3";"3";"3";"4";"4";"3";"Onderwijs en Innovatie (ONI)";"Vrouw";"45";"Den Haag";"3";"0";"Mbo";"Anders"
"1";"4";"3";"3";"2";"4";"4";"4,6";"4,2";"3,4";"3";"2";"2";"3";"3";"3";"5";"4";"3";"4";"4";"4,2";"3,4";"2,33";"2,33";"3,67";"2,33";"2,33";"2,33";"1,0";"2,33";"3,44";"5";"2,6";"0";"1,0";"3,0";"3,0";"1,0";"1,0";"1,0";"1,0";"1,0";"1,0";"1,0";"3";"4";"3";"4";"4";"3";"3";"2";"3";"4";"4";"3";"4";"4";"2";"1";"1";"1";"1";"3";"2,04";"";"";"";"";"";"";"";"";"";"";"";"";"";"";"";"";"";"";"";"";"";"";"";"";"Agri, Food and Life Sciences (AFL)";"Man";"25";"Delft";"4";"0";"Havo";"Bij mijn ouder(s)/verzorger(s)"
"2";"3";"3";"5";"3";"3";"5";"3,4";"5,0";"1,0";"";"4";"";"3";"4";"4";"";"5";"2";"2";"4";"3,4";"4,2";"3,67";"3,67";"3,67";"3,67";"5,0";"3,67";"2,33";"5,0";"3,0";"5";"5,0";"0";"5,0";"1,0";"3,0";"1,0";"5,0";"1,0";"1,0";"1,0";"1,0";"1,0";"4";"4";"5";"5";"3";"4";"3";"3";"5";"4";"4";"4";"4";"4";"2";"1";"1";"1";"1";"1";"3,4";"5";"2";"3";"5";"4";"3";"5";"1";"1";"1";"5";"4";"4";"2";"4";"3";"5";"4";"4";"4";"1";"3";"1";"2";"Verloskunde Academie";"Vrouw";"31";"Amsterdam";"5 of hoger";"0";"Mbo";"Met mijn partner / een relatie"
"4";"4";"3";"3";"4";"4";"2";"4,2";"4,6";"4,2";"4";"5";"4";"5";"5";"5";"5";"5";"5";"";"4";"4,6";"3,8";"1,0";"2,33";"1,0";"1,0";"1,0";"1,0";"2,33";"2,33";"4,4";"5";"1,0";"0";"5,0";"1,0";"1,0";"1,0";"1,0";"3,0";"1,0";"1,0";"1,0";"1,0";"4";"5";"2";"5";"4";"5";"4";"4";"4";"4";"2";"5";"1";"3";"4";"5";"2";"1";"1";"3";"3,24";"4";"1";"4";"1";"1";"1";"4";"1";"4";"5";"1";"1";"4";"4";"1";"3";"5";"3";"2";"2";"2";"2";"2";"2";"Onderwijs en Innovatie (ONI)";"Vrouw";"43";"Alkmaar";"5 of hoger";"0";"Mbo";"Met mijn partner / een relatie"
"3";"4";"4";"2";"2";"3";"2";"3,8";"2,2";"3,8";"2";"2";"2";"4";"4";"4";"";"3";"2";"3";"4";"3,4";"4,2";"1,0";"1,0";"1,0";"2,33";"2,33";"2,33";"2,33";"2,33";"3,8";"5";"1,0";"0";"1,0";"1,0";"1,0";"3,0";"3,0";"3,0";"3,0";"1,0";"1,0";"1,0";"4";"5";"1";"5";"5";"5";"4";"5";"5";"5";"3";"5";"4";"5";"4";"1";"1";"1";"1";"4";"3,24";"2";"2";"3";"2";"2";"2";"2";"2";"2";"4";"2";"2";"3";"4";"2";"4";"1";"4";"3";"4";"4";"5";"5";"5";"Gezondheid, Sport en Welzijn (GSW)";"Vrouw";"29";"Amsterdam";"1";"0";"Anders, namelijk (vul in):";"Met mijn partner / een relatie"
"3";"4";"3";"3";"3";"5";"4";"3,8";"3,4";"3,8";"4";"4";"3";"5";"5";"3";"5";"4";"5";"3";"3";"3,8";"3,4";"2,33";"2,33";"2,33";"1,0";"3,67";"1,0";"2,33";"2,33";"3,72";"5";"5,0";"1";"3,0";"1,0";"1,0";"3,0";"1,0";"3,0";"1,0";"1,0";"1,0";"1,0";"3";"5";"3";"4";"4";"4";"4";"3";"4";"4";"3";"4";"3";"3";"2";"1";"1";"1";"1";"5";"1,64";"4";"4";"3";"1";"1";"2";"4";"3";"3";"3";"3";"2";"4";"2";"2";"4";"2";"3";"4";"4";"3";"3";"3";"3";"Gezondheid, Sport en Welzijn (GSW)";"Vrouw";"17";"Alkmaar";"1";"0";"Havo";"Bij mijn ouder(s)/verzorger(s)"
"1";"3";"3";"4";"4";"4";"2";"3,8";"4,2";"4,2";"3";"4";"2";"3";"5";"4";"1";"4";"5";"4";"3";"3,8";"4,6";"1,0";"2,33";"5,0";"2,33";"1,0";"2,33";"1,0";"3,67";"4,0";"5";"1,0";"0";"5,0";"1,0";"1,0";"3,0";"1,0";"5,0";"5,0";"1,0";"1,0";"1,0";"3";"5";"2";"5";"4";"5";"4";"2";"5";"4";"1";"5";"4";"5";"4";"1";"5";"1";"1";"1";"1,64";"1";"3";"4";"2";"5";"2";"5";"5";"3";"4";"4";"2";"2";"4";"2";"2";"3";"5";"2";"3";"4";"2";"1";"1";"Creative Business (CB)";"Man";"21";"Haarlem";"2";"0";"Mbo";"Bij mijn ouder(s)/verzorger(s)"
"2";"3";"4";"4";"4";"4";"4";"3,8";"4,6";"3,4";"2";"3";"2";"4";"4";"";"5";"1";"1";"1";"3";"3,0";"4,2";"3,67";"3,67";"2,33";"3,67";"3,67";"3,67";"3,67";"3,67";"3,8";"5";"4,2";"1";"5,0";"1,0";"5,0";"3,0";"5,0";"5,0";"3,0";"1,0";"1,0";"1,0";"5";"4";"3";"5";"4";"4";"4";"4";"3";"4";"3";"5";"2";"2";"4";"4";"4";"2";"1";"4";"1,8";"4";"3";"3";"4";"3";"4";"5";"4";"4";"3";"4";"4";"4";"3";"3";"4";"4";"3";"3";"4";"4";"3";"2";"2";"Creative Business (CB)";"Vrouw";"24";"Den Haag";"2";"0";"Anders, namelijk (vul in):";"Met een of enkele huisgenoten / vrienden (geen relatie)"
"2";"3";"3";"3";"4";"4";"4";"3,4";"3,4";"3,4";"";"";"3";"5";"3";"3";"";"1";"4";"3";"3";"3,4";"3,8";"2,33";"3,67";"2,33";"3,67";"1,0";"3,67";"1,0";"3,67";"4,12";"5";"4,2";"1";"5,0";"1,0";"1,0";"3,0";"1,0";"5,0";"1,0";"3,0";"1,0";"1,0";"3";"5";"3";"4";"3";"3";"4";"3";"4";"3";"3";"5";"3";"4";"1";"1";"1";"1";"1";"3";"2,68";"4";"2";"4";"3";"3";"3";"4";"3";"2";"4";"3";"2";"3";"3";"2";"5";"3";"3";"4";"4";"4";"4";"2";"3";"Creative Business (CB)";"Vrouw";"23";"Den Haag";"2";"0";"Vwo";"Bij mijn ouder(s)/verzorger(s)"
"1";"2";"1";"4";"2";"5";"4";"1,4";"3,8";"1,4";"3";"4";"3";"5";"5";"5";"2";"4";"5";"3";"4";"3,0";"3,8";"3,67";"3,67";"2,33";"3,67";"2,33";"3,67";"2,33";"3,67";"2,6";"5";"1,8";"0";"3,0";"1,0";"1,0";"3,0";"3,0";"3,0";"3,0";"3,0";"3,0";"3,0";"3";"4";"4";"4";"2";"3";"4";"4";"5";"5";"1";"5";"4";"4";"3";"1";"1";"1";"1";"3";"2,28";"4";"3";"5";"2";"2";"3";"2";"3";"2";"4";"4";"4";"3";"2";"4";"3";"2";"1";"3";"3";"3";"4";"4";"4";"Business, Finance and Law (BFL)";"Vrouw";"21";"Alkmaar";"3";"0";"Havo";"Bij mijn ouder(s)/verzorger(s)"
"4";"5";"4";"2";"2";"3";"3";"4,6";"2,2";"4,6";"3";"2";"1";"2";"2";"3";"1";"2";"2";"2";"3";"3,8";"3,4";"1,0";"2,33";"3,67";"2,33";"1,0";"2,33";"2,33";"2,33";"4,8";"5";"1,0";"0";"1,0";"1,0";"1,0";"3,0";"1,0";"5,0";"1,0";"1,0";"1,0";"1,0";"4";"4";"2";"5";"5";"5";"3";"3";"2";"2";"3";"4";"3";"4";"3";"3";"3";"1";"1";"5";"2,28";"1";"2";"2";"2";"1";"1";"4";"2";"2";"4";"3";"2";"4";"4";"3";"4";"5";"4";"4";"4";"4";"4";"3";"4";"Gezondheid, Sport en Welzijn (GSW)";"Vrouw";"39";"Den Haag";"3";"0";"Havo";"Met mijn partner / een relatie"
"2";"3";"3";"4";"3";"3";"3";"2,2";"4,2";"3,4";"3";"2";"";"3";"";"4";"";"1";"1";"2";"4";"3,0";"4,2";"2,33";"3,67";"3,67";"3,67";"2,33";"3,67";"2,33";"3,67";"4,0";"5";"4,2";"0";"1,0";"1,0";"1,0";"3,0";"3,0";"3,0";"1,0";"1,0";"1,0";"5,0";"3";"5";"4";"5";"4";"4";"4";"3";"4";"3";"3";"5";"2";"4";"2";"1";"2";"1";"1";"4";"1,4";"4";"2";"3";"2";"2";"3";"5";"3";"4";"2";"4";"3";"3";"2";"2";"3";"4";"4";"3";"4";"4";"3";"4";"4";"Onderwijs en Innovatie (ONI)";"Vrouw";"20";"Dordrecht";"3";"0";"Havo";"Bij mijn ouder(s)/verzorger(s)"
"3";"4";"3";"3";"2";"2";"3";"3,8";"2,6";"3,4";"";"3";"";"3";"";"5";"";"3";"2";"2";"4";"4,2";"3,8";"2,33";"2,33";"1,0";"2,33";"2,33";"2,33";"2,33";"3,67";"4,0";"5";"4,2";"1";"1,0";"1,0";"1,0";"5,0";"1,0";"1,0";"1,0";"1,0";"5,0";"1,0";"4";"4";"5";"5";"4";"4";"4";"3";"4";"2";"3";"4";"3";"5";"3";"1";"3";"3";"1";"1";"2,76";"";"";"";"";"";"";"";"";"";"";"";"";"";"";"";"";"";"";"";"";"";"";"";"";"Gezondheid, Sport en Welzijn (GSW)";"Vrouw";"50";"Rotterdam";"3";"0";"Havo";"Anders"
"2";"4";"3";"2";"2";"3";"2";"3,4";"3,0";"3,4";"";"3";"";"";"";"3";"";"3";"3";"2";"4";"4,2";"3,8";"2,33";"2,33";"1,0";"2,33";"2,33";"2,33";"2,33";"2,33";"4,0";"5";"4,2";"1";"1,0";"1,0";"1,0";"5,0";"1,0";"1,0";"1,0";"1,0";"5,0";"1,0";"4";"4";"5";"5";"4";"4";"5";"3";"4";"3";"4";"3";"3";"4";"3";"1";"2";"3";"1";"1";"2,76";"4";"2";"4";"2";"2";"2";"4";"2";"2";"4";"3";"4";"4";"2";"2";"5";"3";"5";"3";"5";"5";"4";"3";"4";"Gezondheid, Sport en Welzijn (GSW)";"Vrouw";"50";"Rotterdam";"3";"0";"Havo";"Anders"
"1";"2";"1";"5";"5";"5";"5";"1,0";"5,0";"1,8";"5";"1";"3";"1";"1";"1";"2";"1";"2";"1";"4";"3,4";"5,0";"2,33";"2,33";"2,33";"3,67";"2,33";"3,67";"2,33";"2,33";"3,4";"4";"1,0";"1";"1,0";"1,0";"1,0";"1,0";"1,0";"5,0";"1,0";"1,0";"1,0";"1,0";"3";"4";"3";"3";"1";"1";"1";"1";"1";"1";"4";"5";"5";"5";"1";"1";"1";"1";"";"3";"2,6";"";"";"";"";"";"";"";"";"";"";"";"";"";"";"";"";"";"";"";"";"";"";"";"";"Gezondheid, Sport en Welzijn (GSW)";"Vrouw";"21";"Rotterdam";"2";"0";"Mbo";"Bij mijn ouder(s)/verzorger(s)"
"2";"3";"3";"2";"2";"3";"4";"3,4";"2,6";"3,4";"2";"2";"2";"3";"3";"3";"2";"2";"4";"3";"3";"3,8";"4,2";"2,33";"2,33";"2,33";"2,33";"2,33";"2,33";"2,33";"2,33";"3,4";"4";"1,0";"0";"1,0";"1,0";"1,0";"3,0";"1,0";"1,0";"1,0";"1,0";"1,0";"1,0";"2";"4";"3";"5";"3";"4";"4";"4";"4";"4";"4";"5";"3";"3";"3";"3";"2";"1";"1";"2";"2,2";"";"";"";"";"";"";"";"";"";"";"";"";"";"";"";"";"";"";"";"";"";"";"";"";"Gezondheid, Sport en Welzijn (GSW)";"Man";"20";"Rotterdam";"2";"0";"Havo";"Bij mijn ouder(s)/verzorger(s)"
"4";"4";"3";"2";"2";"2";"2";"4,6";"2,2";"4,6";"2";"2";"1";"2";"4";"3";"2";"1";"2";"1";"4";"3,8";"4,2";"1,0";"2,33";"2,33";"2,33";"1,0";"3,67";"1,0";"1,0";"4,0";"4";"1,0";"0";"1,0";"1,0";"1,0";"3,0";"1,0";"1,0";"1,0";"1,0";"1,0";"1,0";"4";"4";"2";"5";"3";"4";"3";"4";"3";"4";"3";"3";"4";"4";"3";"1";"1";"1";"1";"1";"2,92";"1";"1";"2";"1";"5";"1";"4";"3";"1";"4";"2";"2";"2";"2";"2";"4";"3";"4";"4";"4";"3";"4";"4";"4";"Gezondheid, Sport en Welzijn (GSW)";"Man";"28";"Rotterdam";"4";"0";"Mbo";"Met mijn partner / een relatie"
"2";"3";"1";"3";"3";"4";"5";"3,4";"3,0";"2,2";"1";"2";"1";"2";"2";"2";"2";"3";"3";"5";"3";"4,2";"4,2";"1,0";"3,67";"2,33";"2,33";"2,33";"5,0";"1,0";"2,33";"3,6";"3";"1,0";"1";"3,0";"1,0";"1,0";"1,0";"1,0";"1,0";"1,0";"1,0";"1,0";"1,0";"1";"2";"4";"3";"4";"3";"4";"4";"2";"2";"2";"4";"2";"2";"3";"1";"1";"1";"";"5";"3,4";"";"";"";"";"";"";"";"";"";"";"";"";"";"";"";"";"";"";"";"";"";"";"";"";"Techniek, Ontwerpen en Informatica (TOI)";"Man";"21";"Amsterdam";"2";"0";"Havo";"Bij mijn ouder(s)/verzorger(s)"
"4";"4";"4";"3";"3";"5";"1";"4,2";"4,2";"3,8";"4";"5";"3";"5";"5";"2";"3";"3";"5";"2";"3";"3,8";"4,2";"2,33";"2,33";"1,0";"1,0";"2,33";"1,0";"2,33";"2,33";"3,2";"3";"4,2";"0";"1,0";"1,0";"3,0";"3,0";"3,0";"3,0";"1,0";"3,0";"3,0";"3,0";"4";"4";"3";"5";"5";"5";"4";"5";"5";"4";"5";"4";"4";"4";"3";"1";"1";"1";"1";"1";"2,2";"4";"2";"3";"3";"4";"4";"4";"4";"5";"2";"5";"5";"3";"4";"4";"4";"4";"5";"4";"5";"4";"4";"4";"3";"Gezondheid, Sport en Welzijn (GSW)";"Vrouw";"21";"Amsterdam";"2";"0";"Havo";"Bij mijn ouder(s)/verzorger(s)"
"2";"2";"2";"4";"3";"3";"4";"1,8";"3,4";"2,2";"2";"4";"2";"3";"3";"4";"5";"4";"4";"3";"4";"3,4";"4,2";"3,67";"3,67";"5,0";"3,67";"2,33";"3,67";"2,33";"3,67";"3,4";"3";"5,0";"1";"3,0";"1,0";"3,0";"3,0";"5,0";"5,0";"1,0";"1,0";"1,0";"1,0";"3";"4";"5";"5";"3";"4";"4";"4";"3";"3";"4";"4";"4";"4";"3";"2";"3";"1";"1";"2";"1,16";"5";"2";"3";"4";"5";"3";"4";"3";"4";"2";"4";"4";"4";"2";"4";"4";"2";"4";"4";"4";"3";"3";"2";"2";"Gezondheid, Sport en Welzijn (GSW)";"Vrouw";"23";"Amsterdam";"3";"0";"Vwo";"Met een of enkele huisgenoten / vrienden (geen relatie)"
"3";"4";"3";"1";"1";"4";"3";"3,0";"1,8";"3,0";"1";"1";"1";"3";"3";"3";"1";"2";"3";"1";"4";"3,8";"3,4";"2,33";"1,0";"3,67";"2,33";"1,0";"2,33";"1,0";"1,0";"4,0";"1";"1,0";"0";"3,0";"1,0";"1,0";"1,0";"1,0";"3,0";"1,0";"1,0";"1,0";"1,0";"4";"5";"2";"5";"3";"4";"5";"5";"5";"2";"4";"4";"5";"5";"3";"1";"1";"1";"1";"4";"1,4";"2";"4";"1";"1";"1";"2";"3";"3";"3";"4";"3";"2";"4";"4";"2";"4";"2";"3";"4";"5";"4";"4";"4";"3";"Onderwijs en Innovatie (ONI)";"Man";"18";"Den Haag";"1";"0";"Vwo";"Bij mijn ouder(s)/verzorger(s)"
"3";"3";"3";"3";"3";"3";"3";"4,2";"3,4";"3,4";"3";"5";"5";"4";"5";"4";"3";"3";"3";"5";"5";"2,6";"3,8";"2,33";"3,67";"1,0";"2,33";"2,33";"2,33";"2,33";"2,33";"1,0";"0";"1,0";"0";"1,0";"1,0";"1,0";"1,0";"1,0";"1,0";"1,0";"1,0";"1,0";"1,0";"2";"4";"3";"4";"3";"3";"4";"4";"5";"4";"4";"4";"3";"3";"5";"3";"1";"2";"1";"4";"3,0";"";"";"";"";"";"";"";"";"";"";"";"";"";"";"";"";"";"";"";"";"";"";"";"";"Business, Finance and Law (BFL)";"Man";"19";"Alkmaar";"1";"0";"Mbo";"Bij mijn ouder(s)/verzorger(s)"
"1";"2";"1";"4";"4";"4";"4";"1,8";"3,8";"1,4";"";"2";"";"3";"";"3";"4";"3";"3";"";"4";"2,6";"3,8";"3,67";"3,67";"2,33";"3,67";"2,33";"3,67";"2,33";"2,33";"3,0";"0";"1,8";"1";"1,0";"1,0";"5,0";"1,0";"1,0";"3,0";"1,0";"1,0";"1,0";"1,0";"3";"3";"4";"4";"2";"2";"1";"1";"1";"1";"1";"1";"1";"1";"1";"1";"1";"1";"";"1";"4,76";"4";"3";"3";"3";"3";"4";"3";"4";"4";"3";"3";"3";"3";"3";"3";"3";"4";"3";"3";"3";"3";"3";"3";"3";"Gezondheid, Sport en Welzijn (GSW)";"Vrouw";"20";"Alkmaar";"1";"0";"Mbo";"Alleen"
"3";"4";"4";"3";"3";"3";"3";"3,8";"3,8";"4,2";"2";"3";"2";"3";"3";"3";"3";"2";"3";"3";"3";"4,2";"3,4";"1,0";"2,33";"2,33";"2,33";"1,0";"2,33";"1,0";"2,33";"3,0";"0";"1,8";"0";"5,0";"3,0";"1,0";"1,0";"3,0";"1,0";"1,0";"1,0";"1,0";"1,0";"3";"4";"4";"3";"3";"4";"3";"4";"4";"4";"4";"4";"3";"4";"2";"1";"1";"1";"1";"4";"3,24";"";"";"";"";"";"";"";"";"";"";"";"";"";"";"";"";"";"";"";"";"";"";"";"";"Gezondheid, Sport en Welzijn (GSW)";"Vrouw";"23";"Alkmaar";"1";"0";"Mbo";"Alleen"
"4";"5";"5";"2";"1";"1";"1";"4,6";"4,6";"5,0";"1";"5";"4";"4";"4";"3";"1";"1";"4";"1";"1";"4,2";"4,2";"1,0";"1,0";"1,0";"1,0";"1,0";"2,33";"2,33";"1,0";"4,2";"0";"1,0";"0";"1,0";"1,0";"1,0";"1,0";"1,0";"1,0";"1,0";"1,0";"1,0";"1,0";"5";"5";"1";"4";"5";"5";"5";"4";"3";"4";"3";"4";"5";"5";"5";"5";"5";"5";"1";"5";"3,8";"";"";"";"";"";"";"";"";"";"";"";"";"";"";"";"";"";"";"";"";"";"";"";"";"Onderwijs en Innovatie (ONI)";"Vrouw";"39";"Haarlem";"1";"0";"Mbo";"Met een of enkele huisgenoten / vrienden (geen relatie)"
"3";"3";"2";"4";"5";"5";"5";"4,2";"3,8";"3,0";"";"3";"";"3";"";"3";"1";"1";"3";"";"4";"3,4";"4,2";"2,33";"3,67";"3,67";"3,67";"1,0";"3,67";"1,0";"2,33";"1,0";"0";"1,0";"0";"1,0";"3,0";"5,0";"1,0";"5,0";"1,0";"1,0";"1,0";"1,0";"1,0";"4";"4";"4";"4";"2";"3";"4";"3";"1";"1";"1";"2";"1";"1";"5";"1";"5";"5";"1";"4";"4,6";"4";"4";"1";"5";"4";"5";"5";"2";"5";"3";"1";"4";"2";"3";"2";"5";"5";"2";"3";"5";"3";"5";"5";"5";"Gezondheid, Sport en Welzijn (GSW)";"Man";"20";"Haarlem";"1";"0";"Havo";"Bij mijn ouder(s)/verzorger(s)"
"4";"4";"3";"2";"2";"2";"2";"4,2";"3,4";"4,2";"";"";"";"";"4";"5";"5";"2";"";"1";"4";"3,8";"4,6";"3,67";"3,67";"2,33";"3,67";"3,67";"3,67";"3,67";"3,67";"1,0";"0";"1,8";"0";"5,0";"1,0";"1,0";"1,0";"1,0";"1,0";"1,0";"1,0";"1,0";"1,0";"3";"5";"3";"5";"5";"5";"5";"5";"4";"4";"4";"4";"4";"4";"2";"1";"1";"1";"1";"4";"3,56";"4";"1";"4";"1";"1";"1";"3";"3";"3";"4";"2";"4";"4";"2";"4";"5";"5";"4";"4";"4";"4";"3";"3";"3";"Gezondheid, Sport en Welzijn (GSW)";"Vrouw";"28";"Rotterdam";"1";"0";"Anders, namelijk (vul in):";"Met mijn partner / een relatie"
"4";"4";"4";"4";"2";"4";"2";"3,8";"3,8";"3,8";"";"3";"";"4";"";"4";"5";"4";"";"2";"2";"3,8";"3,8";"1,0";"1,0";"2,33";"1,0";"1,0";"1,0";"1,0";"2,33";"3,12";"0";"1,8";"1";"1,0";"1,0";"1,0";"1,0";"1,0";"1,0";"1,0";"1,0";"1,0";"1,0";"4";"3";"3";"4";"4";"4";"3";"3";"3";"1";"3";"3";"3";"4";"1";"1";"1";"1";"1";"5";"2,92";"4";"2";"2";"2";"4";"4";"5";"3";"4";"4";"4";"4";"4";"2";"2";"5";"5";"3";"3";"5";"4";"3";"3";"3";"Gezondheid, Sport en Welzijn (GSW)";"Vrouw";"19";"Rotterdam";"1";"0";"Mbo";"Bij mijn ouder(s)/verzorger(s)"
"4";"4";"3";"1";"1";"1";"1";"4,2";"2,6";"4,2";"";"3";"3";"3";"4";"3";"4";"3";"3";"1";"4";"4,2";"3,8";"1,0";"1,0";"1,0";"1,0";"1,0";"1,0";"1,0";"2,33";"1,0";"0";"1,0";"0";"5,0";"1,0";"1,0";"1,0";"3,0";"3,0";"1,0";"1,0";"1,0";"1,0";"4";"4";"2";"5";"5";"5";"4";"3";"3";"4";"4";"5";"5";"4";"3";"1";"1";"1";"1";"1";"";"2";"1";"2";"2";"1";"2";"3";"3";"2";"4";"2";"2";"2";"3";"2";"4";"4";"3";"3";"4";"4";"4";"3";"3";"Gezondheid, Sport en Welzijn (GSW)";"Vrouw";"31";"Den Haag";"1";"0";"Mbo";"Met mijn partner / een relatie"
"1";"2";"2";"4";"1";"1";"4";"1,8";"2,2";"1,8";"4";"3";"4";"4";"4";"4";"5";"3";"2";"2";"2";"2,6";"3,0";"3,67";"2,33";"3,67";"2,33";"1,0";"2,33";"2,33";"3,67";"3,56";"0";"1,0";"1";"1,0";"1,0";"1,0";"1,0";"1,0";"3,0";"1,0";"1,0";"1,0";"1,0";"2";"5";"3";"4";"2";"2";"3";"2";"2";"4";"2";"5";"3";"4";"1";"1";"1";"1";"";"2";"1,4";"";"";"";"";"";"";"";"";"";"";"";"";"";"";"";"";"";"";"";"";"";"";"";"";"Creative Business (CB)";"Man";"18";"Den Haag";"1";"0";"Havo";"Bij mijn ouder(s)/verzorger(s)"
"2";"4";"3";"3";"4";"3";"2";"3,4";"4,6";"3,4";"1";"3";"1";"4";"4";"4";"5";"4";"5";"";"3";"3,4";"4,2";"2,33";"5,0";"3,67";"2,33";"2,33";"3,67";"1,0";"3,67";"3,0";"0";"4,2";"1";"3,0";"1,0";"1,0";"1,0";"3,0";"3,0";"1,0";"1,0";"1,0";"1,0";"3";"3";"4";"3";"3";"4";"5";"4";"4";"4";"3";"5";"4";"4";"2";"1";"1";"3";"1";"3";"1,88";"4";"1";"4";"3";"3";"2";"3";"4";"3";"4";"4";"2";"2";"3";"3";"4";"4";"4";"4";"4";"4";"4";"4";"4";"Business, Finance and Law (BFL)";"Man";"19";"Alkmaar";"2";"0";"Havo";"Bij mijn ouder(s)/verzorger(s)"
"3";"4";"3";"4";"2";"4";"5";"3,8";"4,6";"3,8";"1";"3";"1";"3";"4";"4";"1";"4";"3";"1";"3";"3,8";"3,8";"2,33";"5,0";"1,0";"3,67";"1,0";"3,67";"2,33";"3,67";"3,8";"0";"1,0";"0";"1,0";"1,0";"1,0";"1,0";"1,0";"1,0";"1,0";"1,0";"1,0";"1,0";"4";"3";"3";"5";"4";"5";"4";"3";"3";"2";"3";"3";"2";"4";"1";"1";"1";"1";"1";"4";"2,92";"2";"3";"2";"2";"2";"1";"4";"4";"1";"2";"4";"4";"4";"1";"4";"5";"5";"3";"4";"4";"4";"3";"2";"2";"Gezondheid, Sport en Welzijn (GSW)";"Vrouw";"30";"Rotterdam";"2";"0";"Mbo";"Anders"
"3";"2";"2";"3";"2";"3";"3";"3,4";"3,8";"2,6";"";"2";"";"2";"4";"4";"";"4";"3";"4";"4";"2,2";"3,4";"2,33";"2,33";"2,33";"5,0";"2,33";"5,0";"3,67";"3,67";"1,4";"0";"1,8";"1";"3,0";"1,0";"1,0";"1,0";"3,0";"3,0";"1,0";"1,0";"1,0";"1,0";"2";"2";"4";"1";"4";"4";"3";"3";"2";"1";"3";"4";"3";"4";"1";"1";"1";"1";"1";"2";"1,96";"4";"4";"2";"3";"4";"2";"4";"2";"4";"1";"4";"4";"4";"2";"3";"3";"3";"4";"5";"5";"5";"5";"4";"4";"Agri, Food and Life Sciences (AFL)";"Man";"25";"Amsterdam";"5 of hoger";"0";"Havo";"Bij mijn ouder(s)/verzorger(s)"
"4";"4";"3";"3";"2";"1";"1";"3,8";"3,4";"3,4";"1";"1";"1";"1";"1";"1";"1";"1";"4";"1";"4";"4,2";"4,2";"1,0";"1,0";"1,0";"1,0";"1,0";"1,0";"1,0";"2,33";"3,4";"0";"1,0";"1";"1,0";"1,0";"1,0";"1,0";"1,0";"1,0";"1,0";"1,0";"1,0";"1,0";"5";"5";"2";"5";"4";"4";"4";"4";"4";"4";"3";"4";"4";"3";"1";"1";"1";"1";"1";"5";"3,56";"4";"1";"4";"1";"1";"1";"4";"4";"4";"5";"2";"2";"3";"3";"2";"5";"5";"3";"4";"3";"3";"4";"4";"4";"Gezondheid, Sport en Welzijn (GSW)";"Vrouw";"37";"Alkmaar";"5 of hoger";"0";"Mbo";"Anders"
"4";"5";"4";"2";"2";"4";"3";"4,6";"3,4";"4,6";"";"4";"";"2";"3";"4";"";"3";"5";"2";"3";"2,2";"3,4";"2,33";"5,0";"2,33";"3,67";"1,0";"3,67";"2,33";"3,67";"1,0";"0";"5,0";"1";"3,0";"1,0";"3,0";"1,0";"1,0";"5,0";"1,0";"1,0";"3,0";"3,0";"4";"2";"5";"5";"5";"5";"5";"5";"5";"4";"5";"3";"3";"3";"5";"5";"3";"1";"1";"";"1,8";"5";"1";"4";"4";"1";"5";"5";"1";"3";"3";"4";"5";"5";"2";"5";"5";"3";"4";"4";"4";"4";"4";"3";"3";"Gezondheid, Sport en Welzijn (GSW)";"Vrouw";"50";"Haarlem";"5 of hoger";"0";"Havo";"Met mijn partner / een relatie"
"4";"4";"4";"3";"2";"2";"3";"4,2";"3,4";"4,2";"2";"2";"2";"4";"4";"4";"";"3";"3";"2";"4";"4,2";"3,4";"2,33";"2,33";"2,33";"1,0";"1,0";"1,0";"2,33";"2,33";"1,0";"0";"1,0";"0";"1,0";"1,0";"1,0";"3,0";"3,0";"1,0";"1,0";"1,0";"1,0";"1,0";"4";"5";"1";"4";"4";"4";"4";"4";"4";"3";"3";"5";"3";"4";"3";"1";"1";"1";"1";"5";"3,88";"";"";"";"";"";"";"";"";"";"";"";"";"";"";"";"";"";"";"";"";"";"";"";"";"Gezondheid, Sport en Welzijn (GSW)";"Vrouw";"33";"Alkmaar";"1";"0";"Mbo";"Met mijn partner / een relatie"
"2";"4";"3";"3";"4";"4";"3";"3,8";"3,4";"3,8";"2";"2";"2";"3";"2";"3";"3";"3";"2";"2";"2";"2,2";"3,4";"2,33";"3,67";"3,67";"5,0";"1,0";"5,0";"2,33";"3,67";"3,8";"0";"3,4";"0";"1,0";"1,0";"1,0";"3,0";"3,0";"1,0";"1,0";"1,0";"1,0";"1,0";"2";"2";"4";"4";"4";"4";"3";"3";"4";"1";"2";"3";"2";"2";"1";"1";"1";"1";"1";"";"4,6";"4";"2";"1";"4";"2";"3";"5";"2";"2";"4";"3";"2";"3";"4";"2";"4";"2";"2";"3";"4";"4";"4";"3";"4";"Business, Finance and Law (BFL)";"Man";"37";"Rotterdam";"1";"0";"Mbo";"Alleen"
"4";"4";"5";"2";"2";"2";"2";"4,6";"3,4";"4,6";"2";"3";"1";"2";"3";"3";"2";"5";"3";"3";"3";"3,8";"3,8";"2,33";"1,0";"2,33";"2,33";"1,0";"2,33";"1,0";"1,0";"1,0";"0";"1,0";"0";"1,0";"1,0";"1,0";"3,0";"3,0";"3,0";"1,0";"1,0";"1,0";"1,0";"4";"5";"2";"4";"4";"4";"5";"4";"4";"3";"3";"5";"3";"3";"3";"2";"3";"3";"1";"";"2,2";"3";"2";"3";"3";"1";"2";"4";"3";"3";"4";"3";"2";"3";"3";"2";"4";"3";"4";"3";"3";"3";"3";"3";"3";"Onderwijs en Innovatie (ONI)";"Vrouw";"59";"Den Haag";"1";"0";"Anders, namelijk (vul in):";"Anders"
"3";"4";"5";"3";"4";"4";"3";"5,0";"5,0";"3,8";"3";"4";"3";"4";"5";"5";"3";"3";"5";"4";"4";"3,4";"4,6";"1,0";"3,67";"2,33";"3,67";"1,0";"3,67";"2,33";"2,33";"1,0";"0";"1,0";"0";"3,0";"3,0";"1,0";"3,0";"1,0";"5,0";"1,0";"1,0";"1,0";"1,0";"5";"5";"2";"5";"5";"5";"4";"4";"4";"4";"4";"5";"4";"5";"3";"3";"5";"4";"1";"1";"3,0";"2";"2";"3";"3";"1";"2";"5";"3";"3";"2";"4";"4";"4";"3";"2";"5";"4";"5";"5";"5";"5";"4";"3";"3";"Onderwijs en Innovatie (ONI)";"Vrouw";"44";"Den Haag";"1";"0";"Anders, namelijk (vul in):";"Met mijn partner / een relatie"
"2";"3";"2";"3";"2";"2";"3";"1,8";"2,2";"1,4";"2";"2";"";"";"3";"";"5";"2";"2";"3";"3";"3,0";"3,8";"2,33";"1,0";"1,0";"3,67";"3,67";"3,67";"1,0";"1,0";"3,0";"0";"1,0";"1";"5,0";"1,0";"1,0";"3,0";"1,0";"1,0";"1,0";"1,0";"1,0";"1,0";"3";"5";"3";"5";"2";"3";"3";"2";"1";"2";"1";"5";"2";"3";"1";"1";"5";"2";"1";"2";"";"";"";"";"";"";"";"";"";"";"";"";"";"";"";"";"";"";"";"";"";"";"";"";"";"Creative Business (CB)";"Vrouw";"21";"Den Haag";"1";"0";"Havo";"Alleen"
"2";"3";"3";"3";"2";"3";"4";"3,0";"3,4";"3,0";"4";"4";"4";"4";"4";"3";"";"5";"5";"3";"4";"3,8";"5,0";"2,33";"3,67";"2,33";"2,33";"2,33";"2,33";"2,33";"5,0";"3,76";"0";"1,8";"0";"5,0";"1,0";"1,0";"3,0";"1,0";"3,0";"1,0";"1,0";"1,0";"1,0";"3";"3";"3";"3";"4";"4";"3";"2";"3";"3";"3";"4";"2";"3";"2";"1";"1";"1";"1";"1";"3,4";"3";"3";"5";"3";"4";"4";"3";"3";"3";"3";"3";"3";"3";"4";"4";"";"";"";"";"";"";"";"";"";"Creative Business (CB)";"Vrouw";"18";"Den Haag";"1";"0";"Mbo";"Bij mijn ouder(s)/verzorger(s)"
"2";"4";"3";"3";"4";"3";"4";"1,8";"4,2";"3,4";"2";"3";"1";"2";"5";"4";"4";"4";"2";"3";"3";"4,6";"3,8";"1,0";"2,33";"2,33";"1,0";"1,0";"1,0";"1,0";"2,33";"3,04";"0";"1,8";"1";"1,0";"1,0";"1,0";"3,0";"3,0";"3,0";"1,0";"1,0";"1,0";"1,0";"4";"2";"3";"4";"3";"4";"4";"2";"4";"3";"1";"5";"4";"2";"1";"1";"1";"2";"";"5";"1,8";"5";"1";"2";"3";"3";"2";"5";"2";"3";"5";"3";"2";"4";"5";"2";"2";"2";"4";"3";"4";"2";"4";"4";"2";"Business, Finance and Law (BFL)";"Man";"19";"Alkmaar";"2";"0";"Havo";"Bij mijn ouder(s)/verzorger(s)"
"4";"5";"5";"2";"2";"3";"2";"4,2";"3,4";"4,6";"3";"2";"3";"2";"2";"4";"1";"2";"4";"1";"3";"3,8";"3,8";"2,33";"2,33";"2,33";"2,33";"1,0";"2,33";"1,0";"2,33";"4,36";"0";"1,0";"0";"5,0";"1,0";"1,0";"3,0";"1,0";"3,0";"1,0";"1,0";"1,0";"1,0";"4";"5";"3";"5";"5";"5";"4";"2";"3";"4";"4";"4";"4";"5";"3";"2";"4";"2";"1";"";"3,24";"2";"2";"1";"4";"2";"2";"4";"2";"4";"4";"4";"3";"4";"3";"3";"5";"4";"5";"4";"5";"5";"4";"3";"4";"Gezondheid, Sport en Welzijn (GSW)";"Man";"34";"Alkmaar";"2";"0";"Anders, namelijk (vul in):";"Met mijn partner / een relatie"
"1";"3";"2";"4";"4";"3";"5";"1,4";"4,6";"2,2";"";"2";"";"3";"4";"5";"5";"3";"4";"2";"4";"3,8";"3,4";"1,0";"2,33";"1,0";"2,33";"1,0";"2,33";"1,0";"2,33";"3,24";"0";"5,0";"1";"3,0";"1,0";"1,0";"3,0";"1,0";"5,0";"1,0";"1,0";"1,0";"1,0";"3";"1";"4";"3";"4";"4";"2";"2";"3";"3";"3";"4";"3";"3";"2";"1";"1";"4";"1";"3";"3,56";"5";"3";"4";"3";"5";"3";"5";"3";"2";"2";"4";"3";"4";"2";"2";"3";"2";"3";"3";"4";"3";"4";"2";"2";"Onderwijs en Innovatie (ONI)";"Man";"22";"Alkmaar";"2";"0";"Mbo";"Bij mijn ouder(s)/verzorger(s)"
"3";"4";"3";"4";"4";"4";"4";"3,0";"4,2";"3,4";"2";"5";"3";"3";"3";"3";"";"4";"4";"2";"4";"3,8";"3,4";"3,67";"3,67";"3,67";"3,67";"3,67";"3,67";"3,67";"3,67";"1,0";"0";"5,0";"1";"5,0";"5,0";"3,0";"3,0";"5,0";"1,0";"1,0";"1,0";"1,0";"1,0";"3";"2";"2";"3";"2";"3";"2";"2";"3";"2";"3";"5";"3";"3";"3";"1";"1";"4";"";"3";"1,56";"4";"4";"3";"5";"4";"4";"5";"4";"4";"2";"4";"4";"3";"4";"4";"3";"3";"3";"3";"3";"3";"4";"3";"4";"Creative Business (CB)";"Man";"24";"Haarlem";"2";"0";"Vwo";"Met een of enkele huisgenoten / vrienden (geen relatie)"
"4";"4";"4";"4";"4";"4";"4";"5,0";"5,0";"5,0";"4";"4";"3";"3";"5";"4";"5";"5";"5";"5";"5";"5,0";"3,4";"5,0";"5,0";"3,67";"3,67";"2,33";"2,33";"2,33";"3,67";"3,16";"0";"5,0";"0";"3,0";"3,0";"3,0";"3,0";"3,0";"3,0";"3,0";"3,0";"3,0";"3,0";"2";"3";"4";"2";"4";"3";"2";"2";"2";"2";"2";"4";"2";"3";"2";"3";"4";"2";"1";"2";"4,2";"4";"4";"4";"4";"5";"5";"5";"3";"3";"2";"3";"3";"3";"3";"2";"2";"3";"2";"4";"2";"3";"3";"3";"2";"Business, Finance and Law (BFL)";"Anders";"20";"Rotterdam";"2";"0";"Havo";"Bij mijn ouder(s)/verzorger(s)"
"4";"4";"3";"3";"2";"4";"4";"3,8";"3,8";"3,8";"2";"4";"2";"3";"3";"3";"2";"3";"4";"1";"4";"4,2";"3,8";"1,0";"2,33";"1,0";"1,0";"1,0";"2,33";"1,0";"2,33";"3,12";"0";"1,0";"1";"1,0";"1,0";"1,0";"3,0";"5,0";"3,0";"1,0";"1,0";"1,0";"1,0";"4";"5";"3";"5";"4";"5";"3";"5";"4";"4";"4";"5";"3";"4";"4";"4";"4";"2";"1";"4";"1,96";"2";"3";"4";"2";"4";"2";"4";"3";"2";"3";"4";"2";"4";"4";"3";"3";"3";"5";"4";"4";"3";"4";"2";"2";"Creative Business (CB)";"Vrouw";"19";"Rotterdam";"2";"0";"Vwo";"Bij mijn ouder(s)/verzorger(s)"
"2";"4";"3";"3";"4";"3";"3";"3,8";"3,8";"4,2";"4";"4";"3";"5";"5";"5";"5";"5";"5";"1";"4";"3,0";"3,4";"2,33";"2,33";"2,33";"3,67";"2,33";"2,33";"2,33";"2,33";"1,0";"0";"1,0";"0";"1,0";"1,0";"1,0";"3,0";"1,0";"5,0";"1,0";"1,0";"1,0";"1,0";"3";"4";"3";"4";"4";"4";"4";"3";"4";"4";"3";"5";"3";"4";"2";"1";"1";"1";"1";"4";"3,16";"4";"2";"3";"3";"1";"1";"3";"4";"3";"3";"4";"4";"3";"2";"4";"4";"3";"3";"3";"3";"4";"3";"3";"3";"Gezondheid, Sport en Welzijn (GSW)";"Vrouw";"24";"Rotterdam";"2";"0";"Havo";"Alleen"
"3";"4";"3";"3";"3";"3";"3";"5,0";"3,4";"4,2";"3";"2";"3";"4";"4";"2";"4";"2";"4";"3";"4";"3,0";"3,8";"5,0";"5,0";"5,0";"3,67";"3,67";"3,67";"3,67";"3,67";"3,8";"0";"1,0";"0";"3,0";"1,0";"3,0";"3,0";"1,0";"5,0";"1,0";"1,0";"1,0";"1,0";"4";"4";"3";"4";"4";"5";"5";"2";"3";"3";"5";"5";"3";"3";"3";"1";"1";"1";"1";"2";"3,8";"";"";"";"";"";"";"";"";"";"";"";"";"";"";"";"";"";"";"";"";"";"";"";"";"Gezondheid, Sport en Welzijn (GSW)";"Vrouw";"27";"Rotterdam";"2";"0";"Mbo";"Alleen"
"3";"4";"3";"3";"3";"2";"3";"3,4";"4,6";"4,2";"3";"5";"3";"5";"4";"4";"";"3";"4";"";"3";"3,4";"4,2";"2,33";"2,33";"2,33";"3,67";"1,0";"3,67";"2,33";"2,33";"3,4";"0";"1,0";"0";"1,0";"1,0";"5,0";"3,0";"3,0";"3,0";"1,0";"1,0";"1,0";"1,0";"5";"5";"2";"5";"4";"4";"4";"4";"4";"4";"4";"5";"3";"4";"5";"5";"5";"1";"1";"5";"1,8";"2";"3";"4";"3";"3";"3";"5";"5";"3";"3";"4";"4";"4";"3";"3";"4";"1";"5";"3";"3";"3";"3";"3";"3";"Creative Business (CB)";"Vrouw";"21";"Den Haag";"2";"0";"Mbo";"Bij mijn ouder(s)/verzorger(s)"
"3";"4";"4";"3";"2";"3";"2";"4,6";"3,8";"4,2";"2";"3";"2";"3";"4";"3";"2";"4";"3";"2";"3";"4,6";"3,8";"1,0";"1,0";"1,0";"2,33";"1,0";"2,33";"2,33";"1,0";"4,4";"0";"1,0";"0";"1,0";"1,0";"1,0";"3,0";"3,0";"3,0";"1,0";"1,0";"1,0";"1,0";"5";"4";"2";"4";"3";"5";"4";"4";"4";"4";"3";"4";"3";"3";"1";"1";"2";"1";"1";"3";"2,92";"2";"2";"2";"2";"1";"2";"4";"3";"3";"4";"2";"2";"1";"4";"2";"4";"4";"3";"3";"4";"3";"4";"3";"3";"Onderwijs en Innovatie (ONI)";"Vrouw";"36";"Den Haag";"2";"0";"Havo";"Anders"
"3";"4";"3";"3";"2";"3";"2";"3,8";"3,4";"3,8";"3";"4";"";"3";"4";"4";"4";"2";"3";"1";"4";"4,2";"3,8";"1,0";"2,33";"2,33";"2,33";"1,0";"2,33";"1,0";"2,33";"3,64";"0";"1,0";"0";"3,0";"1,0";"1,0";"3,0";"1,0";"1,0";"1,0";"1,0";"1,0";"1,0";"4";"3";"3";"4";"4";"5";"3";"3";"4";"4";"3";"5";"2";"5";"3";"3";"4";"3";"1";"5";"2,68";"3";"2";"2";"3";"2";"3";"4";"4";"2";"4";"3";"2";"3";"3";"3";"4";"2";"3";"3";"4";"4";"4";"4";"3";"Creative Business (CB)";"Vrouw";"21";"Den Haag";"2";"0";"Mbo";"Bij mijn ouder(s)/verzorger(s)"
"2";"3";"3";"4";"3";"4";"4";"2,6";"3,0";"2,6";"2";"3";"2";"3";"3";"3";"3";"3";"2";"2";"3";"2,6";"3,8";"2,33";"3,67";"1,0";"3,67";"5,0";"3,67";"2,33";"3,67";"4,12";"0";"4,2";"1";"3,0";"3,0";"3,0";"3,0";"5,0";"5,0";"1,0";"3,0";"1,0";"1,0";"4";"3";"3";"3";"3";"3";"2";"3";"4";"2";"4";"4";"4";"3";"4";"3";"1";"1";"1";"3";"";"4";"5";"3";"3";"3";"2";"4";"4";"3";"2";"4";"4";"4";"2";"4";"5";"4";"4";"3";"3";"4";"4";"4";"4";"Gezondheid, Sport en Welzijn (GSW)";"Vrouw";"23";"Amsterdam";"3";"0";"Mbo";"Bij mijn ouder(s)/verzorger(s)"
"3";"3";"3";"3";"3";"3";"3";"2,6";"3,4";"3,0";"2";"2";"2";"3";"3";"2";"2";"3";"2";"2";"3";"3,0";"3,8";"3,67";"2,33";"2,33";"3,67";"2,33";"3,67";"2,33";"3,67";"1,04";"0";"5,0";"1";"5,0";"1,0";"5,0";"3,0";"5,0";"5,0";"1,0";"1,0";"1,0";"1,0";"3";"4";"4";"3";"3";"4";"4";"3";"3";"3";"3";"5";"2";"4";"1";"1";"1";"1";"1";"3";"2,44";"4";"2";"2";"3";"3";"2";"3";"4";"3";"";"";"";"";"";"";"";"";"";"";"";"";"";"";"";"Gezondheid, Sport en Welzijn (GSW)";"Vrouw";"22";"Amsterdam";"3";"0";"Havo";"Bij mijn ouder(s)/verzorger(s)"
"4";"3";"3";"3";"2";"3";"4";"3,8";"2,2";"3,8";"2";"2";"3";"4";"4";"3";"";"4";"4";"2";"3";"3,0";"4,2";"2,33";"3,67";"1,0";"3,67";"1,0";"3,67";"2,33";"3,67";"3,48";"0";"1,0";"0";"1,0";"1,0";"1,0";"3,0";"3,0";"5,0";"1,0";"1,0";"1,0";"1,0";"4";"4";"2";"4";"4";"4";"4";"2";"4";"4";"2";"5";"2";"3";"3";"2";"1";"4";"1";"4";"1,8";"2";"3";"4";"2";"2";"4";"4";"3";"2";"2";"2";"4";"4";"4";"4";"5";"5";"5";"4";"4";"3";"4";"4";"3";"Creative Business (CB)";"Vrouw";"23";"Amsterdam";"3";"0";"Mbo";"Bij mijn ouder(s)/verzorger(s)"
"1";"3";"2";"4";"5";"5";"5";"4,2";"4,2";"3,4";"2";"3";"3";"2";"4";"2";"1";"1";"2";"3";"3";"3,8";"3,8";"3,67";"3,67";"5,0";"3,67";"2,33";"3,67";"2,33";"1,0";"3,6";"0";"1,0";"0";"1,0";"5,0";"1,0";"3,0";"3,0";"3,0";"3,0";"1,0";"1,0";"1,0";"4";"4";"3";"4";"5";"4";"3";"4";"3";"3";"3";"5";"3";"2";"3";"3";"3";"3";"1";"2";"1,0";"";"";"";"";"";"";"";"";"";"";"";"";"";"";"";"";"";"";"";"";"";"";"";"";"Gezondheid, Sport en Welzijn (GSW)";"Man";"28";"Amsterdam";"3";"0";"Mbo";"Bij mijn ouder(s)/verzorger(s)"
"3";"4";"2";"4";"4";"1";"3";"4,2";"2,6";"2,2";"1";"1";"1";"4";"4";"5";"1";"2";"1";"";"1";"3,8";"2,2";"2,33";"3,67";"3,67";"3,67";"1,0";"1,0";"2,33";"3,67";"1,4";"0";"5,0";"0";"3,0";"5,0";"3,0";"3,0";"3,0";"5,0";"1,0";"1,0";"3,0";"1,0";"3";"5";"4";"5";"5";"5";"4";"5";"5";"5";"4";"5";"5";"4";"5";"2";"3";"3";"1";"2";"2,44";"4";"1";"5";"2";"5";"1";"4";"4";"4";"4";"2";"2";"2";"2";"4";"5";"2";"5";"5";"5";"4";"4";"3";"4";"Business, Finance and Law (BFL)";"Man";"24";"Alkmaar";"3";"0";"Havo";"Bij mijn ouder(s)/verzorger(s)"
"2";"3";"1";"3";"3";"2";"3";"1,4";"3,4";"2,6";"1";"1";"1";"1";"1";"3";"1";"3";"1";"1";"4";"4,2";"3,0";"2,33";"2,33";"2,33";"2,33";"2,33";"1,0";"2,33";"3,67";"1,0";"0";"5,0";"1";"3,0";"1,0";"1,0";"3,0";"5,0";"5,0";"1,0";"1,0";"1,0";"1,0";"2";"4";"5";"5";"3";"5";"4";"4";"3";"1";"4";"4";"2";"3";"1";"1";"1";"1";"";"1";"2,6";"4";"2";"3";"1";"1";"1";"4";"2";"2";"4";"2";"2";"2";"4";"2";"4";"4";"3";"3";"4";"4";"4";"3";"3";"Gezondheid, Sport en Welzijn (GSW)";"Man";"56";"Alkmaar";"3";"0";"Anders, namelijk (vul in):";"Met mijn partner / een relatie"
"2";"3";"3";"4";"5";"4";"4";"2,2";"5,0";"1,8";"2";"5";"2";"5";"5";"5";"3";"5";"5";"1";"3";"2,6";"3,8";"3,67";"3,67";"5,0";"3,67";"5,0";"3,67";"2,33";"3,67";"1,0";"0";"1,8";"0";"5,0";"1,0";"5,0";"3,0";"1,0";"3,0";"3,0";"1,0";"1,0";"1,0";"4";"5";"3";"4";"4";"3";"3";"4";"5";"4";"3";"5";"3";"3";"3";"4";"3";"3";"1";"3";"";"5";"3";"4";"5";"5";"5";"5";"5";"3";"4";"4";"4";"5";"3";"4";"5";"5";"4";"4";"3";"3";"4";"4";"5";"Creative Business (CB)";"Man";"21";"Haarlem";"3";"0";"Havo";"Bij mijn ouder(s)/verzorger(s)"
"3";"4";"4";"3";"3";"2";"2";"3,8";"3,4";"3,4";"2";"3";"2";"2";"3";"2";"";"3";"2";"4";"3";"3,8";"3,4";"2,33";"2,33";"1,0";"3,67";"1,0";"3,67";"1,0";"1,0";"3,8";"0";"1,0";"0";"1,0";"1,0";"1,0";"3,0";"1,0";"3,0";"1,0";"1,0";"1,0";"1,0";"4";"4";"3";"3";"4";"4";"4";"3";"4";"3";"3";"4";"3";"3";"2";"2";"2";"2";"1";"3";"";"3";"3";"2";"2";"2";"4";"2";"2";"4";"3";"2";"2";"3";"4";"3";"3";"3";"4";"4";"4";"4";"4";"4";"3";"Agri, Food and Life Sciences (AFL)";"Man";"22";"Amsterdam";"4";"0";"Havo";"Alleen"
"3";"3";"2";"3";"3";"2";"3";"3,0";"3,4";"3,4";"2";"2";"2";"3";"3";"3";"3";"2";"2";"2";"4";"3,4";"4,2";"2,33";"3,67";"1,0";"3,67";"2,33";"3,67";"2,33";"3,67";"1,0";"0";"4,2";"0";"3,0";"1,0";"3,0";"3,0";"1,0";"5,0";"3,0";"1,0";"1,0";"1,0";"3";"4";"4";"3";"3";"3";"3";"3";"3";"2";"2";"4";"2";"3";"1";"1";"1";"1";"1";"3";"1,4";"4";"4";"3";"3";"3";"3";"4";"3";"4";"2";"4";"3";"4";"2";"4";"4";"3";"3";"4";"4";"3";"4";"3";"4";"Gezondheid, Sport en Welzijn (GSW)";"Vrouw";"20";"Alkmaar";"4";"0";"Havo";"Bij mijn ouder(s)/verzorger(s)"
"4";"4";"4";"2";"1";"1";"5";"4,2";"1,8";"3,8";"3";"5";"2";"5";"5";"5";"";"2";"1";"3";"2";"2,6";"3,8";"3,67";"5,0";"3,67";"3,67";"5,0";"2,33";"2,33";"3,67";"3,8";"0";"4,2";"1";"1,0";"1,0";"5,0";"3,0";"1,0";"3,0";"1,0";"1,0";"1,0";"1,0";"3";"4";"2";"3";"4";"4";"4";"2";"5";"5";"4";"5";"3";"4";"1";"3";"1";"3";"1";"3";"1,64";"2";"5";"4";"3";"5";"3";"5";"3";"4";"3";"4";"2";"5";"2";"4";"4";"2";"5";"3";"4";"4";"4";"2";"3";"Agri, Food and Life Sciences (AFL)";"Man";"20";"Delft";"4";"0";"Havo";"Bij mijn ouder(s)/verzorger(s)"
"3";"3";"2";"2";"1";"2";"2";"4,2";"3,4";"3,8";"";"4";"2";"3";"5";"";"2";"1";"3";"3";"4";"3,8";"2,6";"1,0";"2,33";"2,33";"5,0";"1,0";"3,67";"1,0";"1,0";"1,0";"0";"1,0";"0";"3,0";"1,0";"3,0";"3,0";"3,0";"5,0";"5,0";"1,0";"1,0";"1,0";"4";"3";"4";"5";"3";"3";"4";"3";"4";"5";"5";"5";"3";"5";"1";"1";"1";"1";"1";"4";"1,8";"";"";"";"";"";"";"";"";"";"";"";"";"";"";"";"";"";"";"";"";"";"";"";"";"Business, Finance and Law (BFL)";"Man";"23";"Alkmaar";"5 of hoger";"0";"Mbo";"Bij mijn ouder(s)/verzorger(s)"
"1";"3";"3";"5";"5";"4";"4";"1,4";"5,0";"2,2";"";"4";"";"4";"4";"5";"";"5";"3";"3";"2";"2,2";"3,8";"5,0";"5,0";"3,67";"3,67";"5,0";"3,67";"3,67";"5,0";"4,6";"0";"5,0";"1";"3,0";"1,0";"1,0";"3,0";"1,0";"5,0";"1,0";"1,0";"1,0";"1,0";"5";"5";"4";"5";"3";"2";"4";"4";"5";"3";"4";"5";"4";"3";"4";"3";"3";"1";"1";"1";"4,6";"2";"5";"4";"1";"1";"1";"5";"2";"4";"3";"2";"4";"4";"3";"3";"5";"3";"4";"3";"3";"3";"2";"3";"3";"Business, Finance and Law (BFL)";"Vrouw";"46";"Rotterdam";"5 of hoger";"0";"Havo";"Anders"
"3";"3";"4";"2";"1";"3";"2";"4,2";"3,0";"3,8";"2";"1";"1";"";"2";"";"2";"2";"2";"2";"4";"3,4";"4,2";"2,33";"2,33";"1,0";"2,33";"1,0";"2,33";"2,33";"2,33";"1,0";"0";"1,0";"1";"3,0";"1,0";"3,0";"5,0";"5,0";"5,0";"5,0";"1,0";"1,0";"1,0";"4";"5";"2";"5";"4";"3";"4";"2";"4";"4";"3";"5";"1";"4";"2";"1";"4";"3";"1";"5";"2,28";"";"";"";"";"";"";"";"";"";"";"";"";"";"";"";"";"";"";"";"";"";"";"";"";"Creative Business (CB)";"Vrouw";"24";"Amsterdam";"1";"1";"Havo";"Anders"
"2";"3";"2";"4";"4";"2";"4";"3,4";"4,2";"2,6";"3";"1";"4";"4";"3";"3";"1";"3";"2";"4";"4";"3,4";"3,4";"3,67";"3,67";"2,33";"5,0";"3,67";"3,67";"3,67";"3,67";"1,0";"0";"5,0";"1";"3,0";"1,0";"1,0";"5,0";"1,0";"5,0";"3,0";"3,0";"3,0";"1,0";"2";"4";"4";"4";"3";"2";"3";"2";"3";"3";"2";"5";"3";"4";"2";"3";"1";"2";"1";"4";"1,8";"";"";"";"";"";"";"";"";"";"";"";"";"";"";"";"";"";"";"";"";"";"";"";"";"Creative Business (CB)";"Man";"24";"Rotterdam";"3";"0";"Mbo";"Bij mijn ouder(s)/verzorger(s)"
