Energy_Sources,Negative_Outcomes,Positive_Outcomes,Response_to_Stress,Stressors,Wellbeing
-0.5444735445156583,-0.28931477090557434,0.5344634100266168,-0.48727107981379736,0.2524614029510728,0.32883662277254677
0.5426766786919808,-0.11513092261941205,0.4924131219210033,0.6681230953839266,0.8562123203408043,-0.06446690366678975
-0.8360890837173149,-0.31940632799398083,0.4421071858756014,-0.8486065915457419,-1.769347894084039,0.5020294367775961
0.49642390550509474,-0.21854667443397557,0.48448015589568527,-0.3780192747521818,0.49410252446321623,0.046189033639332244
-0.5233070633910872,0.052396375234502024,0.34395833977313894,0.02152512604787482,-0.5805455233777583,-0.8384331669094149
1.7891427114387486,-0.0572201938759912,0.31627663837037434,0.25963622275676057,0.8346019529567328,0.007376745978300736
-0.005929952625475243,-0.13295346186372714,0.38088350238003477,0.0978997718025365,0.16548076577144766,0.1647165945517992
-0.8427561463474083,-0.19443473590572402,0.3038358982982987,-0.4669413647759959,-1.679183200789045,0.2954971767660681
0.9853153648421713,-0.024142059084006906,0.286312653314589,0.3913430322564708,0.8067242400126728,0.11622054046263486
0.39725695437226993,-0.08570598756783354,0.3898306259570614,0.4432674314428904,0.6474753773543456,0.22302109225425237
-0.22853001668239137,-0.22058321468403275,0.37727138276063754,-0.1509044277717131,-0.9129812355472298,0.37804119187910645
-0.18109329063563173,-0.07561498694005175,0.4409657996982008,0.8769724736717732,1.008053960540781,-0.10183032490750987
-0.5352968249526784,-0.21601446165684934,0.41294053684796506,-0.09737190344817104,0.1767816954249808,0.3101369994885639
-0.29897484591065626,-0.17660979407242683,0.40911791839736655,-0.004997001793822564,-0.0886510483997256,0.123569683248693
-0.7428602894058787,-0.3034677143329413,0.39759696378527054,-0.5632368264297551,-0.524860508601253,0.6352201010608889
-0.9245755016963073,0.02293796713341234,0.2747578416558516,-0.3913092844127082,-0.003594888459029111,-1.0426341757426694
0.6477591344423745,-0.1995309703428635,0.46374541175505146,0.51513152114254,1.5267836884471593,0.5289614204739612
0.32350633073553836,-0.10856144844234006,0.2953346472091398,0.15182400238236338,1.019555021041164,0.002636783019541067
-0.024650865728357507,0.08980635157601319,0.27368193869321766,0.3545543778742153,0.9906998566946927,-1.0667786030867576
0.31836295325428954,0.005029235279535582,0.3571054111251446,0.5653097591029899,0.45413062377347035,-0.5971627144642715
0.5035791995218799,0.02511788023059569,0.28761071336149,0.45223591070185876,0.7471525096742129,-0.25763570024852944
0.8646762493994096,-0.12410568195134841,0.337033903547564,0.6022946612742466,0.5095953238860669,0.2504221452189799
-0.045246969085190214,-0.22798986466927307,0.41370730796885646,-0.1684452450381586,-0.8330647583829685,0.3454896516164121
-0.5526651245853647,-0.15222730241914195,0.3701464903863836,-0.04441456521492815,0.5002118853047648,0.027714232093906332
-0.4095827136893879,0.11108545381123391,0.18781121561323477,0.34233744919806286,0.648853646878436,-0.5506660723818655
0.5308101645854861,-0.39195737627389104,0.42477341611506714,-1.0798021853008168,-0.9293043788866364,0.8602093688014452
-0.2627729686359288,-0.23320887826141712,0.39577158403597434,-0.6329820011266769,-0.6949751424303379,0.17267314129395794
-0.795092683759874,-0.23653588824719363,0.3775618148806119,-0.3251687181777845,-1.0942202156300933,0.3856257389978923
-0.24688415600006897,-0.13841262454268854,0.5149318454643774,0.34173541399917706,0.22801741354438088,-0.1321966394310632
-0.42053550418582875,-0.11522551755474186,0.39349253915480764,0.23826636207495144,0.008928292053581366,-0.0977274366438241
0.04666083387400066,0.05961258134273523,0.1402576107576574,0.22910814340664887,0.685409513591626,-0.10269982594046656
0.8102619204792834,0.051344222158003716,0.21621221715894712,0.581100419276948,0.3476438304187699,-0.10077521700320569
-0.5926080301563423,-0.048292086851079,0.3293656355072454,0.6881571392212749,-0.376116373371262,-0.1551358809598371
0.4084827759732861,0.028361621852538543,0.23701640073182317,0.3146861405821655,0.06315076513212192,-0.25251422954124925
-0.1662213769339469,0.10421291795177567,0.14065048895256416,0.509642896618574,0.3236122003255293,-0.4345564759790097
0.15789408852868259,-0.09640368644966113,0.11541136130311114,0.019848282979313403,0.16083507930512564,0.20055799614753766
-0.008747692302634169,0.07773977544513905,0.13572866759894642,-0.14545674059987213,0.025498388224580282,-0.3975739855717886
-0.4424748123023521,0.05899041767298774,0.2040109110153996,0.19878631444117012,-0.15387527611167462,-0.43718902175066
-0.44170730010318904,-0.1580582137937071,0.18302892854509634,-0.5660854647297064,-1.502162854783457,0.35133304539377885
-0.37123623084808033,-0.3667419715965272,0.28091850134384777,-1.005224171205335,-1.454229017873352,1.0161205926574604
-0.24311410991659765,0.2915968953147695,0.1367135973357685,0.8534059313747693,1.5659891117488711,-1.2966612092519127
0.5789283123278837,-0.08174701893692338,0.18044911323472435,-0.17495300322127405,-1.0583575104553384,-0.011136413881550844
-0.3528023909016982,-0.08054308462310955,0.19048026287633735,-0.15792575573382783,1.083086849297489,-0.12981683332559069
0.4014228692467119,-0.2327194250585367,0.2888905594045337,-0.7408970897499536,-1.721560558003921,0.3163011467166532
0.37846579203098485,0.07459930186501168,-0.014031413895131628,0.4262283227100281,0.27032639965312955,-0.1907036224456049
-0.5417884361628087,-0.3298595441993518,0.2760339031817758,-1.061022134691401,-0.3491357202983467,0.7708721172640667
0.008296049991982413,0.2449435993621134,-0.12472278237625023,0.2612700561301333,-0.5210148378627459,-0.41661614008552084
-0.661516968174785,-0.23153993746180412,0.2608197289323757,-0.38675291953181623,0.8788787134152933,0.6452037424582318
-0.20483901526420079,-0.003891978684600339,0.1913963277924764,0.12443831618323387,-0.07154105590200777,-0.4557694106227137
1.6329817905395265,-0.17024294650696037,0.2257522848215403,0.13356227822375222,0.4409921286203451,0.5024555885775737
-0.5817650214065451,-0.30630677234735415,0.3256020647721942,-0.8625087821839222,-0.9335253437072406,0.6349510596729613
-0.5604314557236014,-0.11899325098840208,0.27008693908445536,-0.4394833339856077,0.44070733315746224,0.11370342464719174
-0.25363178345738846,-0.11947855392683493,0.1711531094078631,-0.6410832980161687,-0.33118197151065765,0.0990460199803449
-0.7049111481520904,-0.13071816033987127,0.23425086030787634,0.38785174529006383,0.1197570896089517,0.3750501149453047
0.05940967776521977,-0.07300113555150567,0.20529725252543285,-0.2701371837790296,0.13342367293941226,0.1275694231126976
-0.1953991628487335,-0.10883252696930823,0.22334213656563273,0.2604090938674386,-0.7515943464538128,0.19619835687835474
-0.6155935891953574,-0.032683717127075074,0.2355731961255032,0.2415106103376694,-0.11126221338628373,-0.3028605284448864
-0.8477686228090686,0.25900644887978397,0.13800269730035963,1.4738007541528657,0.36065133163177787,-1.1700318953223228
1.3191053175547915,-0.3081605821634017,0.2619877676277631,-0.4379475929969925,-0.09700614834127608,0.9847120365916346
0.30767120336749065,-0.1269388614783723,0.24400178247213233,-0.05729651384865431,-1.009270286993007,0.10475788223571314
0.5013634633178758,-0.02988581527515566,0.20764605716521678,0.34818035867464214,1.0844862384631178,-0.21238401634881754
-0.19534607594449382,-0.10915288535714918,0.23918982592099858,-0.35164373795704074,-0.2895449063927944,-0.14627610255901313
0.6113788495156782,0.1126860893713581,0.1618891333451251,0.5114331102718159,-0.1006302015309748,-0.5256682917651891
-0.30542190939243374,-0.23940489412731902,0.2526515828799609,-0.567048329300444,-0.7498673842735926,0.5150712685996668
0.9474158077275312,-0.24775295593261104,0.21005241262817376,-0.6460802104573768,-0.33845746386570585,0.6061148764055027
1.6996935955833734,-0.1189543454371974,0.37368592755935826,0.16503136096176463,-0.6085128755923164,-0.07507897279277342
-0.7106180397649144,-0.045237060289405995,0.1773410964133355,-0.5031664817590664,-1.1343292544212795,-0.3974308694202615
0.4631792622543831,-0.1332767777607663,0.23609266604190315,-0.2224147549594222,-0.3317971212771398,0.07367715635140692
0.44982565962097865,-0.03352245495968387,0.27629385471598633,0.7752268629620671,0.5419880743425955,-0.10048832306210365
0.11344219957542268,0.01970280418482684,0.07374454480875614,-0.013363732823740815,0.6880668572902975,0.2439109670920443
-0.4046521775829288,-0.18656177853533562,0.30678385595164137,-0.21365754167784035,-0.8605099813742709,0.2707660704674417
-0.41564020450142825,-0.15089177174477209,0.2622173885063117,0.061220268045128146,-0.07948681360854248,0.27786595093705113
-0.3439259768643599,-0.22276428546939275,0.25080683436021056,-0.5531287050603975,0.18816173214854137,0.423828049762903
-0.7802615555451198,-0.24295390953156026,0.2179615958156913,-0.5008152892683402,-1.2944129647702236,0.6364166034862433
1.1040432134470677,-0.10999703160535834,0.18756696601989797,-0.22563451767936993,-0.1889606265582806,0.12232812350607158
-0.3464183506453069,-0.1655634387380257,0.22952171650189812,-0.5767360944664552,-0.5091875620924697,0.10172591203457992
-0.7509335464945015,0.1308830055633991,0.20359803911490304,0.933512310549121,0.7276582379552194,-0.39797766304089954
0.6562316164540565,0.022251616945395902,0.12360696980670127,-0.15699685302391586,-0.035517393523134544,-0.24304261234199886
1.228445419696951,-0.18078776249703132,0.2618468257081188,-0.36496038524362295,-0.06192243204389092,0.24263368289081377
-0.355684072029272,-0.27118228549931545,0.2971096689923476,-0.8034880166101434,-1.5079110332634855,0.5040931622829334
1.1697938034276125,-0.17984214141919252,0.21959025363238016,-0.28674869848552564,0.5419192241592388,0.35692061190091984
-0.1926215059690095,0.0008123514050706326,0.1264602270766153,-0.12304833764929302,-0.5270375285775915,-0.09973137353332184
-0.7670890571206266,-0.2794291852299472,0.29892737388031887,-0.7120231192133258,-0.7851174216178873,0.5981434130160337
-0.8750149414228463,0.12853401692543093,0.13919307547378224,-0.19948656757092853,0.561149140678475,-0.9450600941662015
1.139014304225417,-0.1306655913963647,0.22975083016352627,-0.10140169206831295,0.3646047545576323,0.1318568029854621
-0.18491812689263543,-0.10200513608742778,0.18557165260441,0.1251765711198205,0.26181961354266203,0.15632436107617442
-0.7409673761287188,0.014738931171166314,0.09081282918177824,0.49636782287579795,0.23672651584637006,0.013611087266039767
-0.5282272735510003,-0.17827895823059692,0.28595781981794377,-0.8186172442813148,-0.7568697099453303,-0.05140109994664144
0.7181251826510897,-0.13911906199205415,0.17312254919666836,-0.153649572795457,0.3113418963173813,0.2638312025048206
-0.3683886832174097,0.09465316380353755,0.30299994298669297,0.6704201047368628,-0.8504359681331721,-0.9895903170606188
0.7142959463372753,-0.20685172709276933,0.1764979406085121,-0.6603153426983903,-0.5935855492820394,0.4118200785417616
0.6473984953853094,0.13028881098199013,0.09846755279828145,0.8336263032419149,0.7595137327341583,-0.3479920171996218
0.5654220063320758,-0.1787606762316838,0.21131413033300994,-0.3960698715916471,-0.8904824384449861,0.3097768987416525
-0.24857468048488207,-0.1139570987860008,0.19788989808921897,-0.24348641440483476,-0.3349102169255005,0.01679191529139068
-0.3683819935461621,-0.13175010477070437,0.2721611885125359,0.6131053144143448,0.042070593905702225,0.42542981703275684
0.5415254158943121,-0.11665263740224441,0.2418462595131352,0.153642963006426,0.4375470499600742,0.2553291775000752
-0.7178557549783209,-0.17240980127846828,0.21185804858201207,-0.25488773013790667,0.4432829414456467,0.3424046823805882
0.8663651595894295,-0.17959674313078877,0.28327984295313047,-0.3494159039559135,-0.6855950421037198,0.2028066509011075
-0.3569061844518975,-0.2446235299780104,0.31416592501122764,-0.1592918074094214,0.322798187358039,0.640228247429627
0.8940858122090585,-0.1966783838359989,0.31959055533122993,0.2723140230100807,1.1769089616535182,0.5581858866000453
-0.49756718072386863,0.010204448598791327,0.17821541979008604,0.7724532959210779,1.4578882360013226,-0.18420400821896843
-0.4788079615789662,-0.12235146422744725,0.22031918318807642,-0.049335423845764836,0.7201841057482681,0.5147665657646696
1.559387109700724,-0.28806603449156853,0.28667141500336624,-0.6022971171175189,-0.9741750882439735,0.7305717223887309
-0.4813717247647824,0.145071391283995,0.14881553704790385,-0.49396555022755506,-1.5723602541574089,-1.2158071930261838
-0.22368120247529766,0.005932835646876411,0.2560706816009719,0.6382132308662283,0.43511439670846874,-0.37421857250008195
0.015939664580306268,-0.2707468119008991,0.25656419987307855,-0.5455673178798672,0.14148242002222045,0.7106032626292267
-0.6818871629287944,-0.2019027388218071,0.3092489923343158,-0.1432604576827281,0.9162940511530948,0.39620129431553686
-0.6357854040042259,0.02124084890410094,0.19251335827460614,0.13824423581485257,0.32528789624421117,-0.6046646473427217
0.37700165392188745,-0.21748275070602374,0.22663458949811432,-0.78336667736125,-0.5036730353721826,0.31889551521014114
-0.1881806545813689,-0.12803655871027808,0.2455200693648394,0.09383713854820264,0.14912619710732455,0.1862608233644507
0.514643690002244,-0.12849502546928582,0.20576117804480942,-0.35191026920155677,-0.6118588644672587,0.03521102626848238
0.7627183378413995,-0.13086295235797485,0.3595066885353335,0.8009069295029039,0.8320021540313713,0.35135362954741334
0.770522170875884,-0.21938722145515854,0.23658187466931202,-0.5027227317982046,-0.35250137492446143,0.45594453555083136
-0.18543903720491683,-0.032696554052160764,0.2599142464182569,0.5581245262806989,0.7666812606522857,-0.18612486082849067
-0.4760824553984522,0.018976594950719683,0.2526066621624379,0.2773775322526235,-0.26584322285950135,-0.430742881222812
-0.15409931357731432,-0.1968061861810626,0.293991468199686,-0.1830812521886358,-0.29959602812967345,0.3733836447357728
-0.39118837554865227,-0.082659633332553,0.1619048995382999,-0.020557638823128555,0.010856170802496568,0.20993263004160312
1.567000748206113,-0.1478698337425708,0.24769371958070696,0.07452162271176488,-0.26613096471674247,0.2936570368419771
-0.5542739262266947,-0.05317783731681003,0.1687566544899366,-0.10374368961342895,0.18592600130402426,0.1607781549301448
-0.7395731604753009,-0.00992996214103714,0.2958820241300817,0.879029627528142,0.5692983827881282,-0.22863419884285374
-0.40115524145225545,-0.24955209738768958,0.27467659258813093,-0.633382448157098,-1.0422198109850396,0.5014744021186566
-0.5989208937318802,-0.08770839548585052,0.21021321604527388,-0.11858100499237989,-0.009043162074731104,-0.10303905825173354
0.5352589739030529,-0.09597814629967782,0.21441599049393312,0.23225871281545918,0.5915397088259953,0.11990909208232292
0.2107821916879533,0.041312162282036324,0.1284169296865505,0.6126725963455479,0.9556928046972488,0.026622104776065747
-0.32642170844775187,-0.19523613098778547,0.3013997256128813,-0.1340268554188122,0.3247099495280428,0.3749689322597658
0.34098508445957987,-0.183550860849494,0.23237328875707597,-0.4984216900615934,0.4256696022209536,0.24670154611950634
-0.6605016422320296,-0.08597395747235181,0.1634584666191139,-0.519919051639157,-0.5683067663053047,-0.2314708744701237
0.09614210224285746,-0.17067506703225643,0.26094046049578634,-0.33312509739496043,-0.7516503555858927,0.19878887665950096
0.45682086745909856,-0.05749351316205242,0.12916967137153956,-0.5805559048870983,-1.7013422168217907,0.017058124230762584
-0.8101926096974774,-0.002525899541642951,0.05905575673066088,-0.07286762652155065,-0.34523670370297266,-0.11311779693059654
-0.42755378418525947,-0.07078962076129403,0.2225360457909975,-0.11414040232581368,-0.14543182890487572,-0.2276412429025636
0.8032469386266798,-0.20118976409102185,0.3011162880518534,-0.24172289058335572,-0.28781138879166646,0.3566217698864915
0.3766926655283436,-0.26370551343443016,0.2601667323299741,-0.8402420770348235,-0.08318058306824039,0.509277136385943
-0.07325649998260508,-0.3303133346133865,0.30705190291859075,-0.48418970079457413,0.7615562717672262,1.0113847036133183
0.8110873226136406,-0.04517899712708895,0.2114231867429075,0.5620347356717401,0.1686784388482545,-0.016013181391860254
-0.3031981162588995,0.0015593858092965984,0.20745230775925516,0.732916677222323,0.08208210205993494,-0.20686413175634488
0.7658897417014867,0.07324950198855396,0.1487335879560081,0.9034863777837923,0.3623153729692854,-0.05790616267075066
0.6924247425261119,0.0174752032148755,0.150122136200596,0.14977774417629663,0.21257522811045293,0.009926380401474866
0.6002557114560576,-0.06958563034591769,0.17495876718108616,0.3597408085301974,0.22469791116643867,0.48764893363163075
0.318776415653965,-0.1157030268315935,0.35239703720436877,1.000279085930306,0.00014858750951196598,0.3744157550135627
1.3745198499957676,-0.3139456340764052,0.33601178436722523,-0.2310712176822154,-0.8557310195905352,0.9864732619221805
0.24667365765407223,-0.13723804682621954,0.25418167795579083,0.1403305970833133,0.18928547212468239,0.2501099376122444
0.16939055499318578,-0.2003881239004216,0.25390169525934403,-0.7051641233588549,-0.7304781583211677,0.20286170918387336
-0.5159408484220418,-0.07333602444983,0.1659260012461634,0.1056818970226514,0.17849291947916157,0.3971525048108191
1.1807750894982345,-0.11780832024865096,0.24813161543976126,0.5101692592807083,0.813439235806451,0.33261273649610423
-0.41025218325657864,-0.1967035434283737,0.22821746776702256,-0.7461716534405377,-0.40520927675007457,0.20779213590064183
-0.44542933682684116,-0.15011865547548875,0.18910946658046668,-0.5139151871549046,-0.42180162176369684,0.11584634453032239
1.2635627892340489,-0.35958152608972915,0.275769707440114,-0.7821839256507337,-0.5676548752410535,1.0966133585852451
-0.6012420490896726,-0.139244408836404,0.1773390485344717,-0.09951752849389073,-1.0255472563909847,0.28443997922093445
0.13718795873590817,-0.14864184035970351,0.1907985736551443,-0.3109572802156908,-0.0022005199434316225,0.2078911593879753
0.5605240574844783,-0.26573802170842786,0.2807973208756782,-0.57920835652521,-1.1910300125960145,0.6168362082839685
-0.5506011759744491,-0.06253501337994927,0.19473586551611222,0.4512305133266943,0.6789542019530082,0.06486781692878685
-0.4475425124643193,-0.07637221016147833,0.15501721548462455,-0.3148406328479316,-1.0206623214424666,0.03325646852638675
0.06292621747155702,0.19129828977822239,0.0440176506115415,0.5819099795337035,0.6026790504120139,-0.5457277931224984
0.07046048432547969,0.4571801732837116,0.07995210898313543,1.5514791363187719,1.4140333962010483,-1.5411880136431826
-0.3661575550201104,-0.0525443922472949,0.1905831265527036,0.1280477878522992,0.6686308486577839,-0.15450082362871687
1.8112225666382027,-0.3625754422827474,0.26733729860522826,-0.5866622868124209,-1.1175967152494126,1.2313456237665723
-0.8685798813596064,-0.020300343933811194,0.19894898650562132,0.27392322629412846,-1.2888299030796893,-0.2927820662896501
-0.37064683729326253,-0.06706745197964326,0.2157561843654463,-0.05533669647614414,0.853318085914899,-0.20739877671850104
0.1481771381923742,-0.10330490332105569,0.1384056545114738,-0.3889531649585052,-0.8524423433015171,-0.010705459050983634
-0.37627610786909815,-0.21283463163366068,0.19478877440776032,-0.33054665357067625,-0.9978738550778377,0.5833053744047079
-0.8529119574171473,-0.12400920470141863,0.18225515063823972,-0.5487430648804814,-0.9608184836772149,-0.048945638412827286
-0.019302366412735417,0.2607346927017607,0.023814278244128406,1.2084418370628685,1.5848260255087934,-0.610745103916404
0.647517374291305,-0.27420855482960793,0.2781989192625216,-0.5969697447563167,-0.6452961038611602,0.6644841888115351
0.20141306292451744,0.023901355770451382,0.10433516450767266,0.07056056576350955,1.0904981330885204,-0.09978808266494399
-0.060973944537670466,-0.0978115794408666,0.2280715319460085,0.1109220050600408,-0.18951790954983316,0.04297387056322721
-0.10269967264447755,0.17447160712718895,-0.08383208394650199,0.19390965833346763,0.5398280634877031,-0.6025309450669953
-0.2177666044223141,-0.1758214918987565,0.1900676972785169,-0.36685461996133095,-0.4641324833160989,0.3469614466321489
-0.0700868933389367,-0.1954042267890972,0.1994341797120236,-0.37759933557273717,0.07033901812138366,0.44362847900138114
-0.5716866137103083,-0.14221686393116006,0.20161839873594922,-0.23113106020771013,-0.1213013566922454,0.1891126071285365
-0.037198485564882144,0.05996593279418866,0.08167926513777446,0.40269632180028125,0.4150463711328771,-0.10710935218346984
-0.2558933785868893,-0.20308904792705296,0.1766155262303586,0.14995710627828585,0.4008775566389988,0.8048800695935205
0.006182696914947883,-0.26859163324435886,0.288781962192068,-0.9278062206275035,-1.1586498029617833,0.4401014067325928
-0.4981989251900818,-0.20898836593302106,0.15677677638474186,-0.5305478149408729,0.6807734184220466,0.5288618172543051
-0.7804223362361842,-0.18571245468196584,0.20524586520898325,-0.8624538618600932,-0.005099425477256059,0.2252761122935767
-0.6205616372710543,-0.19966033810384298,0.2701794877173538,-0.5079534538351924,-1.0461825223062984,0.2689578508434045
0.5677298670417648,-0.23347572486992263,0.23730732182282055,-0.6344252029444652,0.39583853405409464,0.47316150926799594
-0.369038146951703,-0.17871756243094028,0.185484113770769,-0.12549172334806213,-0.8033090912422485,0.49737129386849244
-0.6519311425573386,-0.14861460019185957,0.24601040846211197,-0.1472159546602958,-1.1137123789390064,0.18747023416888808
0.15304099557528184,-0.10872913248383043,0.21602517093912965,0.21403289694299676,-0.6539655548313656,0.1855707645676139
0.09204785011334571,-0.15121388492256305,0.17031398303298384,0.4462518654805452,-1.1333874370919557,0.7525154870786825
-0.34169140542037857,-0.2664912909919236,0.24755754503380434,-0.7223179253465296,0.5087012687753751,0.61076204358928
-0.5636397770132551,-0.1465993971727173,0.2308920922495188,-0.2116485263925254,0.06416834502035274,0.17060951943093183
-0.5855258341679275,-0.10239262529023319,0.2634025311423456,0.009551676101860362,0.01406740531003603,-0.04786031639191668
0.4966281928190457,-0.10038937857550134,0.14750330883617235,0.6391636085926282,0.30317998923479283,0.4824921665046604
-0.41197216315387175,0.04752953185458342,0.10560450643613795,0.1678138808349403,0.32448627906866845,-0.3839279288718136
-0.5708800574044162,-0.13527980347669544,0.1569556742999787,-0.3375592001817931,0.007027011033322594,0.17639752449657475
-0.5822393313138907,-0.12887563611208475,0.3201211386041607,-0.37925503944641803,-0.730749409152835,-0.19271998142163627
-0.5615317866409213,-0.20641669512356642,0.24944622284169538,-0.5191397851649826,-0.08792476931227355,0.34377516927946106
-0.7583319034666371,-0.09762052541546917,0.20618156556298906,0.06346506859692358,0.1224731239363317,0.058806336684188665
0.3223393368167897,0.14293750184798515,0.01978906082315479,0.17972647870879133,0.863791323901963,-0.6126577922949532
0.284939677259229,-0.21515298234902547,0.2731477678321075,-0.3847352168233362,-0.5149695300226655,0.4215101170603961
-0.7129444090073294,-0.23260716248209712,0.2690579259441288,-0.2775035085147428,-0.05970335751749323,0.5912023112540465
-0.33046676310290235,-0.16658423500410025,0.22784803254582142,-0.023219907814078455,0.11138510223736686,0.3955377207747208
-0.43246324350870546,-0.22414787258941626,0.19834575436474333,-0.8670637413864877,-1.1408297794451492,0.3701828263104652
-0.5794441823874288,-0.13288281937152435,0.3020799577440989,-0.0618653257679862,-0.004301991575324848,0.02899865842491911
-0.09598404060957932,-0.23137030098155087,0.2627514983575816,-0.17037241494354283,0.3660362919599254,0.6505967982629315
1.083961907126225,-0.26363359147182797,0.248295978234369,-0.6050411236404358,-0.9836066908569772,0.6521265881700815
-0.1287637298230777,-0.1472808022482739,0.24185689869978622,-0.5822071842103611,0.8949253704512583,-0.03634257683975406
0.14511106901840365,0.1679413601065442,0.1335745793336227,0.44630980295933,0.09606685165193918,-0.8438994978433081
-0.504504865105263,-0.07359774600792102,0.18539855308397057,0.4440967659277426,0.7584666957272699,0.1465878929628377
1.08429074996156,0.009125649584693862,0.16005190834281757,0.6205557897406697,-0.17551474158688407,-0.12021109526180185
-0.16015332009149819,-0.14698543176577872,0.23571967356026202,-0.4688053508371768,0.03672333645763226,0.03171825068574874
-0.003377481109823277,-0.1412204984943639,0.23390067983430307,0.18532533510986315,0.7467319067887925,0.33595476741395247
-0.880828602333549,-0.026337705304960934,0.10193147632470678,-0.8395193801816101,-0.7652362606924763,-0.25525346578418695
0.35352729616899237,-0.24326927368707896,0.2386399664723038,-0.6157312666040173,-0.7765747608456526,0.5402084005588286
0.4720463831273467,-0.24532264069468745,0.28905824011104886,-0.5974183988247153,-1.4559423943538576,0.4668674919184639
0.8512669709692344,-0.20180071499215912,0.3030203054830227,-0.07117014302983882,-0.7633579364995327,0.4443928807474755
-0.6951300099167708,-0.25771815696424005,0.28470557885598025,-0.07905894694844329,-0.42776937126211223,0.8173228724192843
-0.5674332668834281,-0.007396193046386945,0.20926289738806592,1.1600570369673253,-0.7946638402093036,0.06400915995659506
-0.12865319831443633,-0.08940492390726773,0.28464674526677625,0.5312428437794376,0.5605041665573545,0.10050299109191885
0.20991423311041157,-0.13041685369946998,0.1476095338337211,-0.2921575348933827,-0.11940758908815718,0.3898069622083655
0.9575338392760446,-0.2925150019832031,0.20447665080317412,-0.85950254822915,-0.30245795882058335,0.9832429587094111
-0.5697823978603345,-0.2504251446162242,0.17048957086516148,-0.7534570050912605,-0.8043113380468792,0.6421034775498682
-0.6119892301413983,-0.22681623172105292,0.19561697486061247,-0.8241371588432729,-0.9972438654022016,0.4137348234087872
-0.587032147195703,-0.2362743066073858,0.19529954062034793,-0.9807626890420843,-0.3434897940707855,0.3917679730031658
-0.6867777533428177,0.010167871154464159,0.08939090742194744,0.6281613027533091,0.9343427453849271,0.11200165595045952
-0.6816708098356514,-0.10996886284995677,0.19090758015047826,0.17116387605021655,1.1186597173858384,0.21862277102320782
-0.5436290610034435,-0.3231193417235574,0.1916332341876461,-0.9452067071841154,-0.9124015681095032,0.9486809136220868
-0.16096188218219698,-0.12354170870918013,0.21132038769084516,-0.11490676300315616,-0.4581221514990177,0.11614659261924043
-0.7774267936876538,0.26146163087623897,0.08946127518418923,0.648920765277647,-0.8849981847614945,-1.127885253560344
0.18506925010352515,-0.12155295054229343,0.14994160163393522,-0.5077807897646913,-0.12165021316253455,0.6095705838732668
-0.04829778731486223,-0.18090528711442033,0.16829139605671872,-0.5604625130073404,0.24405863559543084,0.4208746763253104
-0.5166953429141952,0.32025955239592796,0.005832150832667082,1.1711213480668072,-1.0316058594063748,-0.9603666388883669
-0.7386635215511028,0.08063193790065337,0.1647245263755719,-0.21957869243114048,-0.15550238167217767,-1.099601130544832
-0.8293492225422605,-0.13608699596287366,0.1966112355748546,-0.32270945859783606,-1.0834155400091185,0.113995722722946
0.6114876684792023,-0.15049909855992138,0.3153362049195183,0.2858103500132634,0.7346204569155672,0.3915217474141337
0.3843510519400486,-0.13570538834301837,0.25126945345483986,0.188644637280593,-0.5756467934417473,0.27105592742730433
1.0393320008630698,-0.20493036965453026,0.28358444790372084,-0.2976110235450051,1.100456936389791,0.38395446164005165
0.4173492399306402,-0.16224582502085438,0.18006896594164967,-0.12801692751820037,-0.03126243242958715,0.4054628912005369
-0.08596431169503682,-0.09800463542657778,0.13800186590122565,-0.08050408876070114,0.09737597707418466,0.21718131862660695
0.12286661634710883,-0.05912356131853602,0.1589876034160047,0.05990569103955279,1.0268626301794082,-0.08949589283712545
0.1550014310918877,0.07830574887716363,0.07194201216602969,0.328174589391629,0.3460300476090281,-0.23927562904511257
-0.3667796170455446,-0.004521039589745701,0.07815249221247611,-0.25847898571065686,0.18097360994739686,-0.4345602209787227
-0.3183762974766853,-0.1428176283872603,0.13631740042551344,-0.3773476467471242,-0.46714428312828904,0.2411240035628217
0.4084283065761325,-0.20999352861246212,0.16389288689381454,-0.5753944673795706,-0.09040610338777855,0.4985197993135366
0.08264245572529538,0.23128848188944734,0.04842160170088827,0.367553333277431,0.5798857875324321,-0.9090325800173171
1.421543713048021,-0.11213485925591371,0.25440216149538264,0.43059899339897534,-0.6998400448476967,0.24513813338989232
-0.9938956089548573,-0.0068249098259764995,0.0727805846603089,-0.8730684549261377,-1.7494866781316696,-0.7260756209903616
0.6356476619808034,0.04139652991436643,0.038255540033509394,-0.7046500611172655,-0.47726980724053103,-0.48027608435968117
-0.36942256196820633,-0.10671470945461936,0.13485425495370618,-0.07070201186008629,-0.06950583900122087,0.1804036145234349
-0.20348634462727522,-0.08868716428421564,0.12300603312832803,-0.15637460352920507,-0.5747086592686705,0.4376408930241551
-0.7010530421694432,-0.08253542134971392,0.16483996366961784,0.39491739850802654,0.5841497771608823,0.21490929325941677
-0.6368613331273589,0.12104605757074094,0.046448926970639404,0.4375740485691728,-0.4385401578196224,-0.3965476350980084
-0.790083907450472,-0.11506812930701837,0.1588137396914986,-0.6810415480716934,0.541621467781146,-0.12734411578425409
0.16574335015417918,-0.110133320287087,0.16269765202347863,-0.1944998362516681,0.15094026026402352,0.08508530828268723
-0.756616790012125,-0.16995366817334456,0.1687144992884868,-0.31146629665529213,-0.3509680835371274,0.37986489339992735
-0.08536837550028964,0.06759935221997032,0.10349314217577255,0.16810501875617878,0.6459424877720181,-0.5026649212733543
1.0242789248264936,-0.16096542911771405,0.213841357867687,0.051024756258869264,0.4411524191363063,0.42576471028050555
0.07460594092183048,0.10170209320148055,0.07576511980196088,0.5814562475529153,0.4808788449192605,-0.15851947442926262
-0.9378533695604883,0.24289912953351822,0.023289001970761447,0.26648149830581236,-0.40599379292800597,-1.186719506191209
-0.7619959719004936,-0.07348161417460652,0.09285759423950446,-0.47729992055959003,0.4884373745335222,0.049607166543590875
-0.5668488493849693,-0.10387562857850996,0.16458345731714563,0.09157498669219932,-0.2778436208980253,0.19019273446876994
-0.8055132561937051,-0.0795238799256135,0.07944383246674902,-0.46014183858372437,-0.5369174414505418,0.12077742325960905
0.1821611064974522,0.1676787343543038,0.036600798463576334,-0.18482179666818932,-0.525530233631121,-0.7810417359789139
-0.20265827287808613,-0.15579027464251305,0.0880116214496458,-0.35959190831489884,-0.16434086916064805,0.42100053627005174
-0.7381319312667554,-0.21587613629415203,0.27317081177475844,-0.42041782863371857,0.01922642354251458,0.40756030053729386
-0.5875484754601623,-0.2851229786062027,0.1772531625863949,-0.8682063312530813,-0.7955824264442648,0.7827967038822115
-0.4944759200736095,-0.00010944472817431272,0.09774409525941108,-0.553889848232632,-0.5503443139853021,-0.44820779578652115
-0.31850698055394266,0.00990850183430203,0.15908311124874053,0.9612287326080495,0.6870333723470057,-0.049226920880007796
0.47417111753195473,0.20788935823513494,-0.05400986927290541,0.5800620795474294,0.5913390622197974,-0.462923766356957
-0.9254387423663929,0.23416308015324916,0.05823990381813959,-0.081935093323938,0.07300556487189303,-1.1761431189419222
-0.799603703039564,-0.24435161679528405,0.20122730228771069,-0.8429480343310217,-1.0694544142317823,0.500823928589758
-0.5697096529137082,-0.2078720905554805,0.2018062226590911,-0.30911603832499335,-0.9169060501268864,0.5506657383558142
-0.49452841305370776,-0.17237434270334917,0.20566593652494913,-0.20853297738441423,0.8784269097278199,0.3777116894567798
-0.42866902170751686,-0.21299586648615332,0.27302605027980564,-0.39900581304371596,-1.5025811321894538,0.401200942148777
-0.4045599393001902,-0.09395762609627656,0.1466103113547681,-0.18167834553699258,-0.2711943847285103,0.023051691914219408
0.1811467604213648,-0.18394131467732766,0.18063767295153332,-0.43655017547874686,-0.7841664805060165,0.4797871279259023
-0.7373401307480549,-0.18380696023697696,0.24828063083255691,-0.3830995355226976,0.3273558844149127,0.2774474812510257
1.114896780937887,-0.23037772468498685,0.2035557323299062,-0.4090983685792877,-0.05243825075240771,0.6337787221550419
1.6047533589211345,-0.16286029668254942,0.19687292565743308,-0.26529874035545253,0.07663847632695786,0.30691942868346045
0.8471762483772893,0.1671412992382858,0.07485144322767434,0.23590480057928453,0.013375874723912773,-0.8360842807790883
-0.17267389709396785,-0.058477828222421646,0.23470276934738976,0.5338980254975634,0.5535699588085512,0.006939909381379561
-0.1706550584676827,-0.1234965143555724,0.25969608610320427,0.0825634913816311,0.6437908035732165,0.12587028129593758
-0.20466547815745595,-0.20022267905354663,0.18313202106308069,-0.6879737542380228,0.03944094908917606,0.3444799507947889
-0.7422298287618845,-0.0526259102923895,0.10450909666327979,-0.552564189181826,0.929236620000113,0.04826204160538383
1.25975064122426,-0.027061066446489868,0.15155078225603735,0.8162564924548885,0.5568962106645952,0.11687470156276802
-0.5758564574561147,0.021820541582165953,0.008120173745454373,-0.12696993514013877,-0.2970328657841361,0.19555207441085365
-0.8085154008531312,-0.10835156388963785,0.2469563610560226,0.043234015813198745,-0.7727526839450432,0.037023099624128974
0.5879668263921005,-0.006883237716378443,0.10534211021688367,-0.2174065305157562,-0.26643722006025383,-0.24821417712380356
0.24652116259903667,-0.23600194583882517,0.22212715747824285,-0.4186064847842037,-0.5181273454488471,0.6282164248895832
0.6777510969535065,-0.02409919475186051,0.11790201260773214,0.15007157391282822,0.50987350454165,0.022256179843563206
0.3256842148341541,-0.12681761415157367,0.0568923757204709,-0.04023100944058511,0.6138605302089633,0.6687226733998131
0.20578608337865734,0.04029050692940195,-0.03756628911784177,-0.04397278339618582,1.4047590109772234,0.00930324949779271
-0.8495512640012537,-0.09060845609146417,0.19202267492050673,-0.26419435045011763,-0.9242422827109955,-0.1257082646397758
0.727611048838017,-0.252248646587118,0.1267954305534038,-1.0483940028854217,-0.11327234628086602,0.7865234878838017
-0.693522940179321,-0.23354637810411294,0.168642540334486,-0.4527064398065559,-0.06300732231979911,0.7978734964545842
0.3203977459480607,-0.051001518086804976,0.1595261036484943,-0.17995669063309117,0.8489516356528082,-0.26348329858525643
1.1255000075478672,-0.034269270360110404,0.18872576544068442,0.8817402883857368,1.0324863635207904,0.12436908542921721
-0.19334203507064474,0.043763410090910504,0.14024842623632838,0.4997924388260775,0.721051879822836,-0.4579826453467848
0.40645884391571063,-0.2639412083814531,0.17996360430057967,-0.7030546053567175,-1.4628042194740094,0.7328412065461762
0.4516026685074632,-0.10345618447305394,0.22864968365744298,0.4466144065184423,0.5742751848473353,0.24891952300179865
0.618805650442009,-0.0411413199481504,0.17904073384666108,-0.06754038664166995,-0.6146705766728764,0.08624205043274547
0.9079499613161988,-0.08798268594197367,0.11042880925152221,-0.7102681882018145,-0.12452558418935133,-0.014529432364357664
-0.17811243509365338,0.14723996180195947,0.04703938146011066,0.7494669563269625,1.0343011504048958,-0.29669337146098895
-0.47914399401692465,0.2064552071784001,0.14156863752970383,0.6037653287746436,0.8664336666819104,-1.0139150567695798
1.1244837508313335,-0.2742808151099171,0.2840832029575615,0.38833373129750814,-1.1683817482274368,1.160052381851572
-0.27609407143207854,-0.20492953326515218,0.24992422622597332,-0.10230856055272874,0.8404055505706913,0.5479348791270748
0.7327277417822542,-0.13542230409914213,0.16195517979696472,-0.2272587755025064,-0.7177888966190915,0.22449037388653936
1.1333764797922556,-0.13309688078790416,0.19126251600681843,0.19532335451105265,0.23745797525394918,0.47306002064728325
0.20410061455559503,-0.22022390924482327,0.2690783103941825,-0.6996778320186411,-0.8031929708351195,0.5006183897628049
-0.01743387283205755,-0.08711135802063408,0.14925825168473916,-0.20834470373829683,0.6784165219309006,-0.03757236998504787
-0.2807586205179584,0.06736890058045902,0.22167281820205442,1.307763431675907,0.9074669891881921,0.047915821736312925
0.12077869625855153,-0.10371407842816815,0.13050926796222506,-0.2826127039904853,-0.476783372639936,0.2635523266731936
-0.7829042268725805,-0.08749085257683142,0.13586204076080333,-0.3872477889795607,-0.8195247906968999,0.3884802875636013
-0.7589129886687143,-0.011509586480281553,0.11299295985814073,0.12397709040623339,-0.10616649715161985,0.12809387979159803
0.26932815879634675,-0.011479691939556003,0.14250467173112447,0.032471628298557986,0.36568492022118626,-0.3641302827003914
-0.4022627884989982,0.07492614864227876,0.06535161635009623,0.3733761387179073,0.31930398579027797,-0.36994365268817386
0.5086068709254807,-0.19756320094939317,0.11648276214003772,-0.3747651351145893,0.03414111736168346,0.9184113061102028
0.5647491346047835,-0.21282354834289718,0.25232988847074656,0.05772334629179543,-0.07695315173724859,0.6739428277489385
-0.5410009309692863,-0.037452746390504665,0.15156294700808504,0.6834663348440579,-0.041246775235232125,0.11224740078952289
-0.5303944175534552,-0.07781176810593005,0.17304572552591369,0.16818544707845007,0.7007321657305994,0.053979223606339666
-0.46854887375277765,-0.13332230115119392,0.23129496675462557,0.3491635692549613,0.9536268069367604,0.37670450659114874
0.6646651318761732,-0.13872936948919068,0.11723929063020999,-0.6237249840257795,0.5366630102300349,0.3277594140581006
-0.696733967468266,-0.03306822744874083,0.25136084835965766,0.71659929021996,1.1651456233445785,-0.08625340181703356
0.28646906117549187,-0.20476290488554583,0.2660731267343175,0.10248546140068804,-0.1326153024942056,0.6216067585936838
0.40400784523092015,-2.734343619748003e-05,0.220898656053357,0.15981667716625836,-0.3020428604900327,-0.5170311129340728
-0.08965497637742614,0.16070808239837825,0.13032290129038016,0.3445337169578182,-0.7970585933015579,-0.8457584757707626
0.4783474156250336,-0.17733980109888337,0.1649936431070924,-0.5894771054981529,0.25949994547836264,0.49146467506854474
0.027513091082653318,0.14088414165613145,0.015300148011531123,0.17092529123122935,0.22165842269338798,-0.29284285591070525
0.1724415745331156,0.3243794208270385,-0.021673976043361187,0.53406266188748,-0.6866969879965468,-1.2609089368631379
0.22157184961312137,-0.2748347259477938,0.23720688131250345,-0.8335416361263613,-0.4725981956007095,0.6242673484825301
-0.34131908820148915,-0.029697205139953664,0.1418341491445878,0.5021234254631048,0.5029096051641284,-0.010017082545398903
0.3319300238541285,-0.14375602775308638,0.1724711580593159,0.03232484728973306,-0.0938222914829594,0.38900676607733686
1.5918912374001588,-0.10418033840312102,0.22615507358142284,0.16567276462989033,0.5870853225217632,0.11372122227394854
1.8836512256265399,0.02868676670176412,0.11651709158990897,1.0264323609282262,1.245142300657311,0.33901028290828394
-0.8561148708746644,0.30154950326993146,-0.028827178522938812,0.39922260301082124,0.28989745737060124,-0.8736104366124058
0.3481912739376487,-0.1666556500758266,0.1571108139951689,-0.3800076845137754,0.02940006466248901,0.3463941282503713
-0.8516113983601143,0.002479307823863519,0.13975980658739617,-0.08621589442204769,-0.16194455121673323,-0.5053872460684561
-0.07754985115605328,0.156837718442904,0.019966599856960032,0.3781595917077598,0.718582021626228,-0.7831872184230679
0.5492833232740535,-0.060212020035810276,0.20404899721042735,0.6596747564263015,0.4841583829859526,0.14013660448402332
-0.14376187278098085,0.16411102574391562,0.009187997153109473,0.5830101580850093,0.14872690035213276,-0.21176476048337012
-0.015350910176679111,0.30066536941177574,-0.059220217684712306,0.49398138506719835,1.3089621629246952,-1.1664194505063614
0.7259331842534029,0.2459911831662996,-0.09672154851803239,0.05921952550903642,0.9483079776756247,-1.0852476721661608
0.05633801047779197,-0.06565733584636257,0.1665280940975189,-0.1906958436651498,0.4527802270750083,0.1967216326941239
0.27819187909209053,0.1817112613707893,0.09404841514753892,0.9870071662503515,0.3784838894515543,-0.7627103454972517
-0.36704234834911764,-0.05560767262730337,0.1742564511974518,0.43452628662078174,0.01602968851102382,0.25477662581705607
0.5584841233561246,-0.1271084148569973,0.1257180027822813,-0.1763708508659041,0.37401455027334896,0.26824534843583825
-0.09528332944575801,0.014172155269174369,0.07772689611656292,0.5333085960829043,1.0551013419405426,0.06080199532213548
-0.3591053830974622,0.050927480509058376,-0.022219326750147483,-0.3467112582507046,0.8800053948122515,-0.0381994121318745
-0.8608646436699621,0.0946611612431078,0.0472588803419034,-0.18951268466471172,0.333140407331753,-0.7457789262841001
-0.1658545042465891,-0.21832633293950965,0.1883601229216536,-0.3812779496110721,0.522041260635953,0.6030168815558037
-0.7281795400422129,-0.10365950326358064,0.12573519968365954,-0.27518120384743816,0.9238120265261731,0.07387688514216606
-0.65949207337172,-0.19574016837766717,0.1305546806040223,-0.9388588149053724,-1.5106927332793483,0.287534279272037
-0.3616413698643324,-0.04480982366089825,0.09492610751677866,0.08908377869567197,0.005359826030761461,0.16116105434485606
0.8173888048401257,0.07216267139835919,0.01380535943564376,-0.23322293075270562,-0.8644797422461825,-0.5672413400699492
-0.7619276574734548,-0.22040851000039408,0.08768627336071,-0.6321037302753645,-1.4419557700779355,0.8794121892424185
-0.672095995667416,-0.12822553422511773,0.14553125218914142,-0.770277399064686,-0.39467272152601485,-0.06752468967656311
0.7712026780584125,-0.11804603809796499,0.10209538690466413,-0.07555850376903828,0.6600892244699992,0.5114051431257618
-0.40479821735265276,-0.17954809981607744,0.10934759472494271,-0.705460085805813,-0.678946200710894,0.34841290604091135
-0.6181669120545294,-0.1984422683412186,0.18243560053122665,-0.769675742084166,-0.8591456600501435,0.29291734355446986
0.012924234214743313,-0.14088669418039435,0.1493624613630753,-0.5165664523694871,-0.5851957302385435,0.13310760815461453
-0.23461225426699728,-0.16210081260575926,0.21142511790492047,-0.255550287319932,-1.317041561026724,0.2797655237347283
-0.19403824548606807,0.05896026159584733,0.01821613172601655,-0.5073182204380529,0.1019155339268134,-0.24634881521972352
-0.754553138607458,-0.055979748548280694,0.10490710308714868,0.4058579472389514,-0.34462484268717697,0.17125269096984042
-0.5995926288233948,-0.03142106130741884,0.10166344890301038,0.21762524111915815,-0.8610477622300614,0.13249482817706193
-0.0070689752637191905,-0.2835779824485467,0.21216608455818742,-0.9648900413458571,-0.26128279315190506,0.6576539704612152
-0.9418734867176337,0.41849078951440705,-0.06945339679357077,1.1229291622624933,-0.7519881576451906,-1.3431236684121048
-0.1121741825177629,-0.06043135687598844,0.11039994244272555,0.16865965946374395,0.3859302459405436,0.0662500601186502
-0.2078212798252732,-0.0646222290649281,0.10413843780044041,-0.37328812431129754,0.05913967114757046,0.214523187036757
-0.5794273096709766,-0.14949772727332555,0.2696785404904376,0.02718642378008118,-0.5878112907566995,0.23773797745579417
0.5751055958986286,-0.10156171202067377,0.10710310313382165,0.056664268081770386,1.1288909093927337,0.26676213932092985
-0.24710027639697008,0.05169188442776501,0.18278299558631717,0.7887910136310903,-0.4710027589121233,-0.23626831914917013
0.2537171986898372,0.001192544455855371,0.12928214649477687,0.5343939307133843,0.9461502659031411,0.04335637084427235
0.34619245898026185,-0.16016129324458217,0.1857956365149518,-0.06184547782746086,-0.5114492272981179,0.6180578742802507
0.8618739942385483,-0.026702810158825585,0.17584405575625994,0.14522517072670604,-1.3700812972202896,0.11320467456125849
0.9445733014984932,-0.2968628817002581,0.310451064354049,-0.546746121582703,-0.8690669709498655,0.7680146749727998
0.27673758625735023,-0.04722070930888922,0.24709005407895446,0.443428470819875,0.671115961529257,-0.13188540765445955
-0.5489576592562453,0.11149266006264463,-0.012787762607769482,-0.22601068353559217,-0.8428910177213966,-0.8551505230976932
0.5170016976211544,0.2463535697944546,0.021825473956655905,1.2838749715702034,0.16949994975100502,-0.17689990135406353
1.0108331992831279,-0.07981387331421874,0.07222213232754271,-0.5586485134082713,1.0274151661627968,0.2726378866078769
-0.15431706720623684,-0.10393854669682723,0.1304545236796406,-0.16828871998762862,0.5502728169250739,0.12158443520729545
-0.3761147151749198,-0.1948774825856605,0.13828106662678574,-0.4898432869668248,-0.6630254703733722,0.49834977025342075
-0.4257233956428952,-0.11386042701145782,0.09090885614001776,-0.8649958345546743,-0.34860229721970315,0.10131370892770386
0.16410301881441902,0.1856089089514007,-0.03277354440408675,-0.008861821012448923,-0.17386483026219324,-0.871436358136257
-0.27935372689323335,-0.017461625369785128,0.12517125879573054,0.37257365404716536,0.16021898270038548,-0.1199896409860779
1.0803121616693196,-0.05052334726041052,0.19502235628789144,0.39882860673748954,-0.7896001882048731,0.16604559453134105
0.019864989578430192,-0.09539208688154921,0.14158639151940866,-0.4015644748193501,-0.033902073928252285,-0.07164531875359437
-0.4108808611305532,0.22355974831382064,-0.0003779256838931655,0.7448272032989909,0.9876490362617036,-0.575607568932814
0.949893794888476,-0.07874265161086369,0.17678447188134805,0.382322025102654,0.9819301478423519,0.3648193906157271
-0.21992426103980733,0.608097687663897,-0.43906763716136554,0.48093603118951256,1.551866170569959,-1.932871029617447
0.09573057796285656,-0.037951438222400324,0.13145994913293513,0.3894884830912888,0.02650015611876233,0.002261484747049902
-0.5066708949653944,-0.22177313062411563,0.12874355798521853,-0.7231119211213332,0.5853568446478046,0.5611975540711454
-0.16665596940153726,-0.0788575466704361,0.08205423223604758,-0.07301739848397948,-0.5806692177415602,0.10848215358538615
-0.3185420201803859,-0.13437981992515724,0.05210708124287011,-0.16118206624865072,0.2874943121003364,0.4597393446442517
0.04512867856953018,0.04365775915171205,0.05018177945543778,0.21937405640803753,0.36530637621622875,-0.22894765710412335
-0.19681890854120132,0.31556530808654326,0.07284658872514327,1.258523632794835,1.1963350131182535,-0.9123246801237832
0.21991556969669834,-0.33827247392392246,0.36121000972009965,-0.2503634569698099,-0.8057878051577989,1.0778627054691876
-0.5159979881739813,0.009987696202628737,0.0655728690702404,0.6827360976394563,0.2572152302993418,0.1861763353896868
-0.38214985678044755,0.16675065446749304,0.006637170585670926,0.33028421973132494,-0.10668654198673755,-1.0454627291373861
0.7607415443820538,-0.19082031192291582,0.15654987966636247,-0.4073500753829684,-0.6762191890214588,0.4813552952208058
0.5325687530496988,0.07325342684800884,-0.035380488453995995,0.03520859070175053,0.8726178356660448,0.046222892197095966
-0.4305626745354467,0.015872058869986327,0.03860073271907716,0.1554455428785646,-0.18948647131461582,-0.06977966443029882
0.20239450672991777,-0.034454464079941016,-0.048127500815348556,-0.7222306177242191,-0.7836277977761537,0.23950261131553852
-0.16037321015630646,-0.12012739324117438,0.12833315924477962,-0.23372584656733686,-1.151084203170316,0.19109035556847198
-0.31822535805625307,-0.03481192672991951,0.07626390137102135,-0.2870169871762336,0.20570022006124322,-0.058009593127007264
0.503421287892855,-0.012430905294257832,0.05661179096760627,-0.2363290772559712,0.4979318759493152,0.055204233979540884
0.10657134146347302,-0.08770027284774351,0.11862003435026724,-0.09495206133869516,1.0178964686234453,0.08221993987311693
-0.5997977327698998,-0.04492682460947628,0.02168348384120078,-0.13775009130767701,-0.7199092022112821,0.1838038947588445
0.7284488105432334,-0.19149130044276597,0.17623107359249612,0.1712051651880384,-0.9287939224192097,0.7455164886217935
-0.5842408724081163,-0.10736455866061967,0.061122614225756156,-0.5385516651119764,-0.36577480812490126,0.2855846189893878
1.8237305885030357,-0.058883947993492614,0.1504409029454521,0.6303121498969397,0.694787834445131,0.2182715347164561
-0.5009378521046342,-0.25047784351767666,0.1462820908591569,-0.7396367003953959,0.3768853028733017,0.6952942344319086
0.35148061449216983,-0.07853824230614526,0.08213650977348474,-0.0599386658906822,0.42418260724384815,0.11309151939965867
0.4504980588461496,-0.06021680243698313,0.01581518882701749,-0.19621285172183245,0.4111614363864411,0.258473924804159
-0.7871419806178361,-0.05861446335654108,0.08930497130491655,0.047841171987957454,-0.8548967270322119,0.23511749786774372
1.6313431265208311,-0.14331646221127248,0.06693519530943481,-0.36971209430717744,-0.010727246169133231,0.5814624405546192
0.9932549900802974,-0.06999858051225138,0.19112675485213781,0.2498505875882886,0.10028647790307232,0.013917930671911272
1.328481801029158,0.06738861549443703,0.0031554824154689243,0.4182446170458225,0.1903013941371432,0.0038925180664914905
0.7976578987627507,-0.12739957255032108,0.08283124200248304,-0.6149032775975556,1.0705342210859174,0.12579188513627093
1.3324839327484865,-0.11231976361988383,0.09824425681869031,0.20895409932949738,-0.1697700791700445,0.9179470613194991
0.23647562323535243,0.19182889788532714,-0.0041699842736222514,0.4489517428206429,0.3155743424389956,-0.7283716042946569
-0.6973623006974876,0.07573512584677289,-0.0385547506043562,-0.681667497152793,-0.9063888221532772,-0.3313023398890542
-0.45377536542372954,0.13503365248708016,-0.01572448509691693,-0.07693161952536953,0.06395723422043931,-0.5279020216512533
1.1492066592915442,0.020518162856189792,-0.01257484974549783,0.030718651473728764,0.48505295556225825,0.12148752767926574
-0.8698713694668145,0.2256610744001451,0.07732740417449291,0.6058452293404786,1.1635214747766383,-1.398209205775135
0.024092692186361564,0.01465832458863603,0.15749271751672644,0.3883485318262023,-0.6739268755746042,-0.3696479881590009
0.9747850288338211,-0.12306569980125193,0.10716091716133391,-0.6467426285446525,-0.6768040987723927,0.03690020599629795
0.9158142704701955,-0.1398595944638965,0.06924105738296316,-0.4773650004591736,-1.424281816826309,0.5006258374823713
-0.6502680255684752,0.36219829557134786,-0.06416096926021775,1.0053553517296128,0.7803053022670592,-1.1699787712239818
-0.09470407821568183,-0.13168144497782308,0.06571567260963951,-0.603597839259425,1.0062716950951884,0.19017567693426418
0.4507119587369737,-0.12015594707649813,0.09009135232274867,-0.13430046443796262,0.4270100393580236,0.3146509441524934
-0.10080448600696146,-0.22092457965275125,0.06772373754518335,-0.7589737108391993,-0.745446814591475,0.6529418578772161
0.39748614737250665,-0.08773324935408955,0.08789567571738455,0.04509551534345824,0.37252834107551,0.2124667073793769
1.2016205503252213,-0.21834034767722232,0.14582652793482787,-0.46491913592844036,-1.123856560249236,0.7416354571592199
-0.8069316547090313,-0.12527790631171742,0.23985793936173994,-0.22799217080626955,-0.479734213221644,0.014719311136608848
0.014243282810074254,-0.10016189233490547,0.08474842904978441,0.31980978035975793,0.12618164554825384,0.4356605791432768
-0.9275837194645911,-0.0698564904187674,0.1737392169887766,-0.48912658992046887,-1.7379214090382038,-0.3337665821829079
0.7517850314857364,0.3063129750724891,0.04307234595833709,1.0701643638726757,1.0644721184349386,-0.9972571322499606
-0.7522540251465062,-0.07010988892349712,0.03480825841773205,-0.06286943399541789,0.11195284329410438,0.14946257420017162
1.3553926134045968,-0.19247441415442568,0.11199063662247744,-0.7038381072629489,-0.5735974210922512,0.5244840155432193
0.07763652533375098,-0.2105472290472964,0.15957834683882566,-0.7355397019663233,0.09803877467803801,0.4277841060332337
-0.5904708107067596,-0.057394345175601824,0.05194026983429656,-0.5188930706880641,0.18747360408540548,0.007100722113360103
1.6998642367663404,-0.3020834336983147,0.1336529705864391,-0.8506358295455625,0.6941931239802837,0.9780971106679361
1.8027892477900476,-0.3004770888076569,0.24131129961544007,0.0024306630427437526,-1.6603503908332473,1.2030280584581097
-0.06415478980853484,0.04621120421932401,0.07981696431080865,0.7421834674451011,0.06167791337094242,-0.031989751812380174
1.6356408420742665,-0.13271127536841254,0.1715514724245426,0.01702202255819829,0.4337207881442353,0.3152609347526196
0.18162582044941877,-0.10499690452089616,0.08634455844388356,-0.49862291751294574,-0.7547484812100078,0.24391883803647607
-0.4196165062471111,0.051281571265769044,0.0159133692648461,0.4468429911517027,-0.7522728202785722,-0.09396220212202877
-0.284165322595731,-0.08464005590533574,0.019710103327563955,-0.741954099790953,-1.0037210441658981,-0.0819458649083531
-0.13825189059626952,-0.0014518248414272517,-0.04543156842714613,0.08737168478011981,0.5681119373992765,0.16018347823102053
-0.897736495563122,0.15141945487029784,-0.13501601699740606,-0.4992471561135683,-0.6999106111569131,-0.5185832764088172
-0.3476468407270379,-0.04140845059921727,-0.020017063126381962,-0.772424968413889,-1.5829749688789647,-0.0849946305502498
-0.5023836650553424,0.2843692254294312,-0.05909317247223389,0.14932983877078265,0.4759927352569999,-1.142875581337476
-0.4517722483519786,0.049431036406058004,0.046341478724066354,-0.0010402938956388663,0.7645219466787214,-0.5724691262753352
-0.39119541000109015,-0.06595292180887824,0.1290023421981994,-0.2683230312359819,0.5033001545179032,-0.15963653724974858
1.1899162267506547,-0.06367776124140079,0.22419962739490806,0.014471697966611297,0.021256885459461916,-0.20824799231814195
-0.15960328599471052,-0.1524064761525049,0.06643253666141469,-0.41857224995039144,-0.9276364063807749,0.41077677516752686
-0.3466309597437349,-0.12183784999397695,0.06462047049390862,-0.2213400090076343,0.11817660935693786,0.32838321563743156
0.7034596273897182,0.07037319016528121,0.013967527172002114,0.7942531019175241,-0.22272652373332757,0.07242010464173454
0.015239659564614483,-0.05471179070796517,0.14083216707859103,-0.3908327816217241,0.4671916919791821,-0.31377233342538835
-0.812314407854219,0.12564828342869916,-0.04467808401072271,0.1352023496164878,-0.06690389859406931,-0.30670453002171394
-0.5328479753023891,-0.20182837413398547,0.19288892296441595,-0.5107768713293985,0.2515870537722016,0.4269083558579947
-0.7880610970305513,-0.03937275453392819,0.09259455946879203,-0.30434491289162025,-0.3491879781585392,0.132321630714217
-0.6848296650701615,0.4764600778518399,-0.16604648700952962,0.943060365004813,0.9957091857290532,-1.5067462807861902
-0.9066822830700361,0.17098935392923886,0.11034553694677762,0.7584209039570284,-0.5271318483438008,-1.0475103174052853
-0.1630898870475821,0.13422463565171228,0.005172599249185561,-0.08395758545855925,1.4125475839106465,-0.667160024095311
0.01458820542429251,0.031408716248577495,0.02747216522413054,0.23915774185281302,-0.405387560653804,0.08619222556448802
1.1226536290818283,0.06682013156654043,-0.049635713444435625,-0.07315106463963983,0.21376592414465678,0.056886890060024786
1.777953343900969,0.11057549594256183,0.021905802782412387,0.6548540576108315,0.7663215518894759,-0.17440050166038334
-0.01691497981436929,0.0006597660890382828,0.038413602433083005,-0.09011557058377906,-0.705037068791897,-0.10245768013433265
-0.7351419035949951,-0.10687941914303356,0.17255584993367323,0.056443187704154685,0.2853473236869686,0.17546000839526732
1.1068129558521862,-0.14765515127245088,0.06713120371685477,-0.2811858618959435,-0.46397982792986214,0.4509550389919661
0.49866490503101724,0.19758924538989375,-0.15743441330809504,0.14998832176602295,0.54884824706367,-0.1220184031779814
-0.4517271708156494,0.20186037914664368,-0.04903149264787576,0.6448235907082198,0.10029874085206103,-0.5032415111712532
-0.43918298228357444,0.12327726159472197,0.0379755946976672,0.23504517156176563,0.03251005667972917,-0.49824811741165553
0.7305136912634451,-0.24308309396731476,0.26257361403518265,-0.4563379458888832,0.01044509263693083,0.5757155940650276
0.22453289829172296,-0.0044237656197553266,0.09967484220148193,0.29182857988220223,-0.5645744078342965,0.009088194733827049
0.2108531729174341,-0.12365283529570437,0.13529643187822837,-0.4797786564838158,-0.2848826515606695,0.275273308459254
-0.608126252310893,-0.20583285959291087,0.22234376997588856,-0.4666925400940467,-1.2079238555355791,0.4183886095213136
1.4168491561333847,0.07645131244853182,0.007902494926804948,0.5582666791141206,0.05005969322546244,0.11246732565875694
-0.6251613204125099,-0.09186114532100154,0.09486030923905875,-0.4309995414987293,-0.4794381721686123,-0.02004607283590598
1.3693539526374987,-0.03130389696567859,0.022736894925873052,-0.4600232877506394,-0.6016462022455391,0.32205069759301796
0.4645650053332606,-0.03461075153549453,0.09991848364236322,0.8585703024616635,1.0354374219920581,0.2824560873954316
-0.2619018790963783,-0.02956845616054138,0.10854574212280577,0.307385558378402,0.8086274023008717,-0.047926214755656726
0.506012520874991,-0.0911919788594473,0.04163075824603579,0.0045189462130839075,-0.2419494453149409,0.3002641138869757
-0.8323940844939459,-0.08534264777149558,0.08080881937609163,-0.32116417845096534,-0.9184127961435629,0.023043809339480248
0.16173070914809062,-0.1338910025855412,0.1303521585100993,-0.22040231882043826,0.2260692558489361,0.27838715662033664
-0.7737175154358285,0.22413492714125288,-0.11227626781350941,0.4296170526205718,0.5006954945153526,-0.3273415702890672
-0.7585063224125812,0.0676431674408397,0.14505007736754538,0.8697235985333158,0.6932064504775934,-0.42319432795303147
-0.3364689019178946,-0.04692597520551578,0.15983770194063518,0.22330455962490015,0.1335484720326967,-0.0818287358005243
0.4601260091105346,-0.18564314637543144,0.07021394431176864,-0.9007338264293835,-0.8272315416925555,0.46047784753299803
0.17501112456091783,0.31214389469763193,0.012489883967357285,0.9884756287775716,0.7358154572481572,-1.11820191932078
1.0898077712565526,-0.09015351791715731,0.14568502380351767,-0.00703277261112123,0.24842528545347564,0.19233624626225243
-0.1402701491264824,-0.06629935136582776,0.06171058857511613,0.026590183735842432,0.17252183410954425,0.3234203337182038
0.40628698109170336,0.40377538344050823,-0.007462177368789291,1.2414982899781015,1.621017529250088,-1.612587271853188
-0.7033703252482713,0.16066470335667887,0.07315078511863415,0.4645065759538576,0.524033990387871,-1.064989667699993
-0.909192814598319,0.31583357069756446,-0.011730779563748461,0.4195574917685323,0.7731063283298232,-1.488403967776077
1.1074891456809162,-0.0033743972327336946,-0.023391955040416024,-0.45514543630470694,-0.2397878724957283,0.24076957974879676
1.1618724741651507,-0.051452200240107215,0.05346180077137408,0.24994407417487152,0.46394348881508973,0.16068738831156137
0.6820054531098199,0.08543548939176543,-0.02760564009802957,-0.23262936015972313,1.1359980908812695,-0.07958447397190938
-0.4121178809131112,-0.20085697644624068,0.10638149508568273,-0.5833486707294071,-1.404228648154038,0.5472263001075
0.0981260513950708,0.15754750264964762,-0.046927787640813845,-0.0021189858110233217,-0.6805714517666006,-0.16394037539963868
0.7559464907513107,-0.14536755586571481,0.08819083387976412,0.020723419084493377,0.5525424683806173,0.6533476563523952
-0.15837832714693834,-0.10844113959603519,0.12194630122367367,-0.43266380589474096,-0.5610940573273786,0.029401194056932756
0.509049984483888,-0.15828653397984016,0.1743199640586257,-0.04049558253971419,-0.4871044451155613,0.4370597751833105
-0.1396861263393141,0.05040856167599256,0.10586405747174066,1.2700175336543924,0.845806310167406,0.1642686305036194
-0.5877418022159371,0.13419218848160475,-0.029656725247624527,-0.3908232241703109,-1.7003357058967172,-0.7587803873530135
0.03404955488670858,-0.05513845467190048,0.04962364763287108,0.15895288178314382,-0.7222325020305649,0.14376170297692958
0.5256677778569674,-0.009004905357720139,0.04579818120173984,0.18582075174047552,0.5301294575130449,0.0845298409712738
-0.03210486077765018,-0.06378317404852896,0.0581241673928905,0.1950937453812347,0.9661835186290264,0.19918735160909318
-0.41608098785682923,-0.015574018481796181,0.08684309393801093,0.055155123436858355,-0.06793996651365974,-0.22217272981382852
0.3606403667301701,-0.03163593204834103,0.02521304812093894,-0.014115821853092347,0.4510651062015021,0.15928025174119131
-0.3396344066617458,-0.1035225483842338,0.12440310280771216,-0.10170526310155514,0.565558520828664,0.16468912213726128
-0.6222730690695373,0.02744410737795594,0.13601875242566486,0.5198714554790564,-0.361425242638731,-0.33975363255478186
0.7809631872985101,0.036682143703745396,0.03658767375567362,0.3984084637589911,-0.0448507581353228,0.13363597265715077
-0.023376903941063842,-0.15092508713398511,0.15914033620447632,-0.8203730015680898,-1.2121813676723885,0.01998548418050472
-0.8006761063850443,0.020173293384316837,0.01938062594736545,0.019538356793526557,-0.19228228365435918,-0.1296055596090553
0.12219661400420523,-0.2087968950784337,-0.011379462302772758,-0.8401084152377256,-0.10438014007822094,0.8887422822983129
0.8526853366367348,-0.13902740295531346,0.07687376780437849,-0.4422550447333531,-0.5874927787681066,0.4991396930662306
-0.0965861271819135,0.07282666900291085,-0.058794560860802925,-0.6183275810553397,0.3896142838046961,-0.2426851759351818
0.211035482371569,0.010367946667748429,0.08080678171103872,0.5105374899355102,1.0273921776789798,-0.1356148869601559
0.4857879999931931,0.25089556430913046,-0.033380977462615036,1.0227391028423383,0.9106989434348352,-0.6388771572995513
-0.25340701012273614,0.1203210205907922,-0.06482100813242786,0.11628297819474276,0.30583608663768524,-0.14463347524588732
0.492095077643498,0.16207725504050252,-0.0052880877778425095,0.5686837639414302,0.9557020570814503,-0.46744218173705887
-0.25618515533773367,0.112485178940047,-0.06828387908277656,0.16463511908378647,0.5188933692104389,-0.2674533659175009
-0.3399138575015901,0.04173064241255153,-0.093533738485716,-0.07361197526394458,0.47081929467139316,0.1921633973128949
-1.0530023052722237,0.18251323720791912,0.09699656535787105,-0.26218952644565796,-1.4008949416295031,-1.5161266638696866
0.10745574324329144,-0.007200703723939328,0.14233373092001855,0.35696456180001856,-0.6293321958288338,-0.22328032958300614
-0.44868167216456567,-0.10011951368400573,0.03933866718057777,-0.541144418304947,-0.8717086377517638,0.28107956735192374
0.6657697781146295,0.07947033437544543,-0.022935802879510914,-0.14291879237853822,-0.39723126549559495,-0.10689078184718959
-0.8461095518188344,-0.1293693822601607,0.199041685498909,-0.49014899097793196,-0.9519489926519196,-0.017758970208852976
0.1386141706916375,-0.13486429128092348,0.08076552750490307,-0.21609210758374808,-0.6712256656284985,0.3803103573535509
-0.7211414273304735,0.29270775441219476,-0.09288169494219789,0.4382697057648639,-0.003503420911453059,-0.9815894209911258
0.005795088704140028,-0.10264503598892061,0.07819258804271834,-0.0803954950528245,0.7097852610885718,0.2576321524653107
-0.2154337510836941,-0.04853071248352392,0.03908440304846739,-0.6807921455529176,-0.5232377179758636,-0.10604571570869847
0.8547808479313643,-0.14961288259633332,0.20847809071648538,-0.501808811846244,-0.9352334833068527,0.08235124779035541
-0.4626151990893237,0.008916679945004558,0.003969368552602548,0.126381690993149,-0.40336726159780945,0.023346731536122434
0.08884031276384063,-0.1634091183410783,0.053531010647925203,-0.4385223972326018,-0.07318037201717731,0.4922824375682242
0.30842008074714156,-0.04273103058798233,0.019653143062115186,-0.2361379539079398,-0.8463785670589596,-0.07853879096861371
-0.20362885418382826,-0.15213656875817394,0.05675604501228726,-0.7196881717582038,0.2609527307564723,0.27270493471156154
1.0799888507928272,-0.15760427829159918,0.10801991526972254,-0.6533779996766398,-0.6230290001829679,0.24333088990722107
-0.8596698291990328,-0.01100218539391995,0.08307897879134862,0.07880319070672592,-1.1212161349591263,-0.23089704092233854
-0.6125469313828817,-0.1484219102633556,0.0799469892276885,-0.48018288803762466,-1.062156512236798,0.3291747045927149
-0.6809552850490774,-0.04220150552892521,-0.0427175136679081,-0.9496811156898756,-0.8875807874210335,-0.12829566664282455
0.3351067183995615,-0.18015501454212335,0.15476990551927683,-0.5212123417878727,-0.14995396780729742,0.36091915282867504
-0.49471983118618024,0.24687678320778478,-0.1351619543088194,-0.0897941870291874,0.18731125357444878,-0.8923714369985636
-0.1323257985305999,-0.06636439565649332,0.008576215206520521,-0.3436312815494029,-0.6340938155560454,0.23405514589702348
0.8402219916823988,0.06647373122403,-0.03278777700866675,-0.453458931080728,-0.13338312109005557,-0.3704338093841857
0.8947307425882769,0.08926184106401719,-0.018216853674618894,-0.31357559403028135,-0.09799391223977993,-0.3493968252983821
-0.6708056064149703,0.07902282521348081,-0.05723090613011572,0.3389803771782982,-0.43867218146702003,-0.38312664464017
1.093150646036052,-0.11661170037897972,-0.026151768880948723,-0.5097664039792589,-1.1683836025745902,0.5219934943202995
-0.13914870399712598,-0.05811288275822679,0.04901621533867728,-0.43933026796631336,-0.4482331177739889,-0.04318499298137812
0.3425616345745126,-0.154782457496365,0.05751973005088251,-0.29623641134414336,-0.5348113994451746,0.5050309588970285
-0.5858724409975968,-0.03705524482754341,-0.03542115171114535,-0.4921999760875615,0.12114374909722647,0.061456105460666155
0.483661546334883,-0.018404549131352255,0.11047145059917884,0.07691279399042261,0.10423862599552702,-0.03615026997248627
1.1833688231279036,0.05633370920190073,0.03571257334519329,0.6799370256789241,1.0503277448572543,-0.04256282114681209
-0.5770933326212853,-0.04103381775407633,-0.027044947984664724,0.05553114583922181,0.014311693609256437,0.25031132178435733
0.7351993684990752,0.10368433702856644,0.007736085710564167,0.730501149817298,0.2777610760458451,-0.4557818209757274
-0.8717428220226622,0.2887307640120903,-0.31074352544495565,0.06229874712109673,0.16326689459504973,-0.8396129902343179
0.9917902226935411,0.0754608733910585,-0.017337587408073007,0.32438087453619424,0.656161652198541,0.2482654281256429
0.14537706685472718,-0.06991068934582534,0.02470953835944223,-0.5917652929993225,0.03204432150330261,0.0977737521828117
-0.9343120451238427,0.10578439209656426,0.016100853713103325,-0.03927377164000356,-1.3614315174912581,-0.6777803072937403
-0.5810092992487645,0.0738012227453641,0.018876486416292693,0.779952030818674,0.056608567953619904,-0.26847545704461995
-0.5753409355869792,0.16622997236248177,-0.105340588617854,0.15727445249293792,0.7890439456196194,-0.32804435764975093
0.8220070683944842,-0.04363814686279144,0.06258500230019481,0.13412264233954718,0.5771658897800518,0.03608770221551305
-0.4011214369647571,-0.23484538745452654,0.09104083226431525,-0.7910535680702933,-0.7461012721198301,0.6776061113933882
-0.1935780759134298,0.04892201256629669,-0.02029166177382058,0.3057627247711656,0.7477688173044332,-0.08355295039112809
-0.9162280029876857,0.05271868296476101,-0.03379994012077481,-0.49019628898533063,-1.6318234013972042,-0.28803879998410276
-0.06858794225224107,-0.0070454284309022785,0.02497114528927291,0.6225077634167806,-0.4006685095777649,0.33627950827039266
-0.3915649819222946,-0.0005088485665735165,-0.07426964886560206,-0.6037355298972562,-0.029805418139044804,0.15711820605852234
-0.7446037581900882,-0.35096011864992094,0.14842869696714467,-1.1115564813673076,-1.3251443462504078,1.1153499678788092
-0.6153380219364168,0.023992479705106873,-0.027497555188695233,-0.022736097870251104,-0.4397928677878764,-0.08608044472486132
-0.37280756010751914,0.21962782140409598,-0.016441166504633564,0.7886437710209604,0.8857561595551706,-0.4986516123508895
-0.5796241625499494,-0.01591951482693932,-0.01022724611858905,-0.06106428544508513,0.3010610407980674,-0.09624778493829345
0.8140947048456464,0.24257007391948643,-0.12936927313717672,1.2341998982528688,1.180805826985663,-0.19668459770636026
0.026388250322508133,0.41360720931508993,-0.5807112147466146,0.6558547747871537,1.0544009113347892,-0.788797431441155
0.40009772662417764,-0.0790390272153273,-0.014879036175637017,-0.41051999626175895,0.03942450543551956,0.5086779941584854
-0.9238796086913676,0.49120468467558875,-0.33448747805961176,1.2425653095969,-0.28808027379476764,-1.4279546420254872
-0.20188664971392845,-0.11874015546407313,0.058758809696361824,-0.09948694384268597,0.15726090796657166,0.3831079591526869
0.03155455584372824,-0.02952066886349236,-0.0904653063886438,0.3608562042833863,0.21340417342594664,0.35550929736869064
0.4396542548566449,0.12172718606044036,-0.14420500929561675,0.1988511540739879,-0.05954143303224724,-0.3499638725074492
-0.4204305659209666,-0.06702441976483442,-0.05070518876493413,-0.46096966689060515,-0.52230324191282,0.08770067201232745
0.1283423540110593,-0.17891036061596077,0.0965502640650635,-0.6504113583573432,-0.9897387648531404,0.3969873784645257
0.8626973540799383,0.06237945244755083,0.11111339679244225,0.16035653675792472,0.42384596502329286,-0.6912796432443906
-0.25298120959743686,-0.19618098057450173,0.14793755993812074,0.05477673794037585,0.6210195875668636,0.767900480054883
-0.32860353173274315,0.1002435031348447,-0.4706007621392583,-0.4625068809080035,-0.6999025280975297,-0.1433304481935198
0.5965534528729195,0.04420902562062817,-0.04051921051514473,0.840910720867301,1.0134756971204157,0.1574124148519198
1.1137541363342416,0.09018791875379134,0.11720008064142773,1.181927074322441,0.08335875561138195,-0.34816102471912913
1.2921144227806705,0.04082871744468425,-0.0017044187790935528,0.23754419305193197,1.0956603014142368,0.08285071038207548
0.1908212810738641,-0.193961155406987,0.03616406457941035,-0.5712115370738342,0.5040202883254095,0.8461826487473076
-0.0900153690589105,-0.06325715280162814,0.016287457892832036,-0.2706095665956134,0.11357484609463109,0.23797055455113014
0.4255905695275033,0.1769187128952323,-0.16070950203235923,0.3987372219224379,0.2731721898135753,-0.0636481276709584
0.795458926890473,0.13716508890479606,-0.09759852842460426,0.37379218258011493,0.6043953866514071,-0.25566899762622164
-0.3158066661899297,-0.008305219570048039,-0.02101567221020928,-0.16574666281130956,0.9532194221788006,0.21297414520174884
0.3803999725401741,-0.1950283219473642,0.06173302696026006,-0.7602466864030029,-1.5260010143734384,0.5050629776266415
-0.2957954260426714,-0.04055830346822653,0.11694345612215051,-0.5334174902041295,-0.5305128801537942,-0.42852344137341936
1.8584215670040114,-0.18269374593126098,0.1430610932970775,-0.30207326592944805,1.3510779516383629,0.5111936533414561
0.8803741952741919,-0.08641745276224011,-0.04075126188079703,-0.5573488637267552,0.4251994762316986,0.3402820388082204
-0.7771839653275854,0.06770673934293059,-0.03101090970364495,0.15892871192061642,0.45929588441850155,-0.25374081356044975
-0.3552872257355921,-0.03093597469835674,-0.012589525349155917,-0.6640941684310457,0.5140921164429249,-0.10749493887167683
-0.2709977602340181,0.0036670791196056207,-0.02701749836777667,-0.23278959908505925,-0.3605801902487742,-0.07047075189564733
-0.2744749854191795,0.057882516302803555,-0.12492917763844136,0.6957246412648121,0.9729867080511836,0.2597791608162492
0.317148580599963,-0.05461419740479756,0.04350587038777687,0.006078916966691272,0.08431411569468938,0.3768497714425241
0.18787535601241445,-0.05013757937731922,0.0017700193992917779,-0.12631024085194498,0.5060214601951261,0.2592336348783748
-0.37753156559231904,0.06465217367958603,0.007399144591327511,0.4124851097037161,0.28896914464546297,-0.177380270615088
-0.24408914070444765,-0.14132697658344484,0.05137380071010034,-0.8205649525043965,-0.7831092777380011,0.16486784055854686
-0.35857407630070615,-0.11323752575917423,0.06119271514122837,-0.16679686580049413,-0.10824745381746048,0.31023230472331464
-0.8104639896984196,0.14161647948076383,-0.0458643580908068,0.21600755392835636,0.2900355377008439,-0.46180265645641727
-0.7431402015496074,-0.007004378042022363,0.08458534122152117,0.6399972563140737,0.044306424985701476,0.03012078369455784
-0.8213763771367506,-0.017957617168770645,0.04216470115884485,-0.2309878634557423,-0.0513172004259137,-0.2701298556411498
-0.7799427204486218,0.11759328459448676,-0.15345476272281822,-0.1412066440099986,0.737412313670291,-0.29484403760500566
-0.5940374083719409,-0.09451478235384925,0.07919096215214383,-0.29894253603871257,-0.26322346014352416,0.09367689142833457
0.4834389998067834,-0.12064656969060861,0.08750483527568242,-0.5088097973260219,-0.47279131255468476,0.13012134740420755
0.1293804276837116,0.09482901605109167,-0.1258001111797572,0.09050045060013923,1.2371805700680727,0.11348381949704356
0.6248031194422501,-0.01893793415278111,-0.46862751486880283,-0.6336011066217107,-0.46557928621119427,0.4947240368349459
-0.08071384970219353,0.023293848270591777,-0.0737896747477661,-0.030652534478018634,0.6926476204308427,0.0016504029006307874
-0.8132622293622278,-0.11758198170933276,0.054540248954427106,-0.16937228216505118,-1.4698657986648378,0.3480854794369148
-0.6465762193623337,0.4989645085302686,-0.17979373573619317,1.7611105822116846,0.8424490580005424,-1.4004096834315944
-0.3572624085227456,-0.1652795783754959,0.10279065554550759,-0.19839605051670994,-0.6116594977824634,0.5339803753097199
-0.816595490586187,-0.1424027018767704,0.12571481424215603,-0.5183978125467013,-0.86688129480776,0.18615725172069997
-0.24898891337246298,-0.019941999936762267,0.03752887585583742,0.0164535136984032,1.0214056013571446,-0.12207995351909817
-0.5934105324618861,-0.19733492854128187,0.2694887604885623,-0.3518394870567487,-0.8099849188030035,0.3362379741673873
1.099690776482581,-0.12653005135509732,-0.02756999580817443,-0.6689977287192876,0.06527905303124415,0.30140144409878733
-0.5357861350642927,-0.11933168955251505,0.0683438906443603,-0.24464583204471757,0.31984129446099674,0.29402497950814066
-0.7317591197891995,0.3034476810804527,-0.27937999703500394,0.21408190397226057,-0.5706600265100685,-1.0121208933387706
-0.34577130562571856,0.23355229783453163,-0.17881611083330873,0.9362778361327413,-0.1920576760615642,0.10221791650338785
1.5419016000762589,0.11851675617045038,-0.545200337878216,-0.0025707601199658203,1.2870046746910502,0.5113763562066387
1.4317156957335253,-0.11366171450381313,-0.022118952923974033,-0.06148762776054717,-0.09748016119789327,0.7266339996898887
0.03543496273817648,-0.0391585027521314,-0.041263928201438094,-0.09369148658985837,-0.2604516337102054,0.39122706606319024
-0.7916080206295495,-0.10261443459640474,0.07224918962499527,-0.22065541093438612,-1.3895056264842738,0.4998940880612861
-0.38205908756131723,-0.030416914747977697,0.025268565767426754,-0.36292004506109565,0.674575195927583,-0.12859724072600454
-0.3195636427570505,-0.21268077884984904,0.11925995618397778,-0.5726274349730884,0.2341428552714402,0.6007783406174392
-0.5707566053896489,-0.17530389803515256,0.09184058735207667,-0.7421684681048996,-0.07705384858450204,0.3366658995510954
-0.6154260789596959,-0.019475783917504152,-0.03757913512629241,-0.37708525831529127,0.07429863566951234,-0.18513442659685797
-0.3674967025631548,0.02230348141026084,0.09058214283446642,0.428461254422706,0.4470603582508441,-0.16825037966166922
-0.0461513474009545,0.10193524996669195,-0.13089229410143655,-0.3721881558867224,-0.5015243166663228,-0.15812727532759618
-0.7497616537936969,0.22478862450976783,-0.08091630022949126,-0.19348312089148445,-0.35034144487170593,-1.1151549015237028
-0.16525938497067982,0.05948781710189627,-0.09327984066504735,-0.4010073946273931,0.5294724815416596,0.11693349085262561
0.22389247895700248,0.0005772183476521198,0.03485086877234278,-0.010289073933100301,0.3101080700571206,-0.2563870749142598
-0.6137467555398615,-0.16280875080399737,0.04988279977778931,-0.4823695252069342,-1.4388193573010475,0.4729753153308027
-0.6266312750720808,0.1223747848443581,-0.07314895792566845,0.10819040286340864,-0.11037788189808495,-0.3478062913168336
-0.60760738729426,-0.09708437377377288,0.020851081022803752,-0.6136400320994033,-0.08471441830432402,0.2602014553111518
0.7872628773391261,-0.2611141211984205,0.06873021223619902,-0.476887640514565,-0.035223645005265425,1.042037600098054
1.2038548193386787,-0.2324367643293338,0.14514584925080642,-0.3426260341449183,-0.44306613969300335,0.7909699340173928
-0.6419230120866719,0.06375207042789927,-0.040935698162873124,-0.25230902386604726,-0.40718231720019027,-0.23501448423749727
-0.90032825690021,0.10464929296989134,0.09365097195991923,-0.04307489044316215,0.14405201405502588,-1.021587218446081
-0.6636371363232283,-0.12418570776077553,0.05873607790202606,-0.5755551532678542,-1.5825507334693152,0.17188685340725662
-0.2990970728166946,-0.03432109327058419,-0.01699626710435065,-0.03533482199711613,1.0964324663023026,0.2446197932909726
0.42524144447624423,0.09128246425024694,0.027141436591086032,0.3209997034366072,0.2543122438949945,-0.6269415896491761
-0.1177922899224253,0.09878112495089386,0.05525834046258771,0.36787722485192775,0.9722479731326916,-0.7019251709225871
0.11204222739788405,-0.012206993058191062,0.030190800523662187,-0.6826372744696354,-0.07697772631028688,-0.5147584792292732
-0.7357339244909853,-0.002838989754948451,0.013613456119719203,0.2796085364638794,0.40155066479568147,0.054723458957478766
0.6234133055597753,-0.054576316978431905,0.11169552552118556,-0.13346859836597313,0.051852273678084426,-0.1272811957938842
-0.3136745994920831,0.18846094723946416,-0.05572871401396595,0.3305376437656249,0.635960349467771,-1.0603444097940007
-0.3815792423938449,-0.18876798301960906,-0.02355523754051947,-1.0351389040204195,-0.32224826828574393,0.4867415624208946
-0.03820832210055958,0.1460200458414575,-0.04897883262748792,0.5176772079573588,-0.2585556788417591,-0.7171069196688717
0.6059261440516452,0.021216863811342246,0.06117102344826142,0.3234321265805802,0.9102649311039821,-0.15995634810422832
-0.19990267338739742,0.033376593000915056,-0.05091023741199696,0.10508467880803019,-0.041114386483218635,0.16858957905831007
-0.14903083359326819,-0.2533137586839357,0.11834148610622486,-0.8841673087820294,0.35027289106338033,0.7923150882781145
-0.5524518939469529,0.1483730821770607,-0.06501852163222832,0.205252436861443,-0.5032329824667512,-0.6595273311203274
-0.0008668147173700458,0.1651042360756696,-0.08806710519435512,0.245119156529793,0.6201956750308346,-0.6979048032870325
0.08102313291297869,0.007818488708647875,0.10927251931445192,0.4079960465870216,0.29487185528409565,-0.22650966395194638
0.7209760242932457,-0.07436033379269935,-0.03566966286198592,-0.09976480592983306,0.2608150509768805,0.28977635029076243
0.03493359153839082,-0.06617408949329395,0.17436947017776605,-0.26571118260610094,-0.3872017856163392,0.14651737863738434
0.5199296267747442,0.0970463201642589,-0.07010422843587316,0.5446713012899398,0.7526091128966512,-0.16126774803774735
-0.5351844749347183,-0.07607360893243742,-0.10953512708230917,-0.22532757477750898,-0.6337086651901702,0.6786816582757993
-0.33086621371329317,-0.09649062524246932,0.06863477687971642,0.08180961802425779,0.20662185502899755,0.32136299584150674
-0.36429423156499485,0.041735505547579876,-0.03655219945552168,0.524710582369718,0.26266046605084625,-0.09850047149984098
0.4960896970047204,0.026333651490907717,0.017400255338813064,0.171605766203772,-0.06965283421810797,0.10159838722811942
0.21671446654964455,0.042169003156710905,-0.1644533820361299,-0.1308175511641343,0.7276792971260906,0.3952622524947107
-0.13718230985200308,-0.06559403155200416,-0.033293240601387386,-0.6577066853573537,-0.2724130019560036,0.147125375177656
-0.3696049044880587,0.23063369754253593,-0.20003004165947236,-0.01630278154028364,-0.6206684973510437,-0.6325213309995399
0.13300984609055289,0.14962001775086065,-0.04245012007224658,0.3869400508518295,-0.6508331279549044,-0.02506311744389489
-0.1302985243534347,-0.24464508399819462,0.1268647564670009,-0.9349678227153113,-0.42683188039656406,0.5959322643430447
-0.30468483957295134,-0.0039974469717926064,0.0695435883262372,-0.1810684908730955,0.13348193243122708,-0.3817160979516432
0.015153778584187538,-0.204767238193029,0.11698447245745824,-0.7182344165994703,-1.249600553754488,0.48181628039372626
-0.5076832412244123,0.03355940603812996,-0.03518280063165724,0.41624116808029177,0.8450958082704876,0.09542284491651998
-0.3549467197686196,-0.23419851589880625,0.12846303591417607,-0.6261353510125438,-0.6195592585682177,0.6876296321273077
0.1468622030525506,-0.05634170055192256,0.05174195141447813,0.3163330169237679,-0.5436455304402465,0.22798591926901146
-0.37039364250371065,0.04152943492855321,0.042782823644778256,0.6040463168138195,0.3514894662290913,-0.20646853248729835
0.3223369223902772,-0.05779323603534936,-0.022713916681314616,-0.18299502415264013,-0.5610935926000109,0.3232708709233987
-0.03714829884530335,-0.191696279410847,0.05078915298499176,-0.7565133028671455,-0.21514315122346606,0.5072713524599268
-0.23639964783004697,0.22379150629689076,-0.08098926965158104,0.5634717676094669,1.2999895158901116,-0.7199872310543312
-0.17140579588534344,-0.17595858113081575,0.18315489569828491,-0.14216955145082566,-0.6745477075544464,0.4763138810076959
-0.3544619214616618,-0.08767315599485792,0.04639633153932943,0.10774486463983024,-0.27014455797281833,0.3227477297280328
-0.43295965331478836,-0.09637104464938795,0.12331360004276992,-0.18574269065019733,-0.9540894493656069,0.07978497465750545
-0.06025714344324817,0.032676714713502086,-0.0717259678002371,0.46716396856152587,0.724176724855528,-0.0061048558986902535
0.97283194396687,0.08613671963231034,-0.010422183063633739,0.8315324100631267,0.5547553901179803,-0.262105269456796
0.12564614421899933,-0.017950950017217693,0.04232634094629084,0.5644644495498423,0.7417135837911766,0.13822858401274463
0.361567509460192,-0.07005777585504758,0.005792816441732018,-0.19669900320416667,0.057938479497514184,0.13523888003012718
0.5148277432575743,0.2136773458264799,-0.12508066260471817,0.29918389566470327,0.12595810496482995,-0.7104942436463877
-0.16503207592667501,-0.06464729763055421,0.06535042157688564,0.13520053032371515,0.017161899748650455,0.16004262386395673
0.12286868789718475,-0.09479777140893397,0.009395810201169086,-0.12372348751095075,0.7721155546359375,0.3173936616484885
-0.443708266627195,-0.2312870664022183,0.08852797317974082,-1.0475710802564002,-1.0006788666976205,0.5287718308099336
-0.07931011643862096,-0.21108357161004365,0.03887955574437041,-0.7478226126270351,0.2691252901535641,0.6529527614343658
-0.4109557162144932,0.14821920277582828,-0.005166253098754625,0.84330750286931,0.12338937122075277,-0.2568650141326545
0.08647634489258915,0.006743672971706416,-0.02760753345046163,0.11713267036972952,0.4462670738037211,0.09159890306835994
0.6739462086484138,0.09521856794667449,-0.050434858945240246,0.058186522284084274,0.8719866423139289,0.0531013606630375
-0.4603670939880651,-0.018037287149606174,0.03605630131716908,-0.11928798870279977,-0.22870754699444218,-0.20070179333450655
-0.30930314879191223,-0.22795653536162608,0.09961594954911801,-0.575173928309668,0.11370416840223685,0.7301358517714469
1.2088831688525066,-0.03963679942482656,0.04312647888702403,0.371701254239194,1.2502331707061245,0.17044632392664694
0.1416933446742481,-0.06481581284540994,0.07418995941886486,-0.46012321335888284,0.05998688111465178,-0.16151629669399536
-0.6162822064246971,-0.1830089282893318,0.08478514086675815,-0.8319889944884783,-0.9188276916561948,0.3510295265578649
-0.018984459850223345,0.21919150782367203,-0.05267397684585917,0.4758037213121806,0.324036546532966,-0.7904010690220378
-0.04910170552307691,0.22032619918943352,-0.02650382827365705,1.0063670484995062,0.8785407801855616,-0.5742217286689766
0.4570929061951976,-0.1976946676446818,0.13105747323726846,-0.8023617046859518,-0.6234983724140359,0.570868245468442
-0.41963978827498116,-0.002348369363306513,-0.028915229119396924,-0.1425816158674118,0.6457775516907933,0.01629602039575273
0.25512658379684283,-0.08685257708839089,-0.012599484065402677,-0.5474770275941598,-0.6439282981003489,0.19370109743488495
0.587150507711802,-0.041306456964279925,0.03405883073791793,-0.324205330483893,-0.22760127565909505,-0.058652913363123726
1.2451188987153257,0.1576982213662838,-0.09921418959872585,1.150208986243293,-0.18956168812718932,0.12168775717501079
-0.035607372789857594,4.380555430139044e-05,0.041224690663160146,0.676763987307123,0.8055130524320924,0.0878374021305035
0.12402066368678555,-0.05964973137581675,-0.04192882801194653,-0.5913646462705908,0.574238724474792,-0.04104115280299725
0.5602413510172337,-0.054347509172558595,0.0412288186755414,-0.024758533891822143,1.4153287721033494,0.06039929392787258
0.0296151716607711,0.06866325886035579,-0.12534360642522246,-0.6623964615023206,0.20794480130128257,-0.012925265615917336
0.1117647097139185,-0.12190071147604009,0.008350383689870622,-0.5873316029433302,0.645827986615549,0.2471064296710872
-0.6293860018476929,0.06524846202890089,-0.11384320365569789,-0.39297670754369984,-0.1979697932548059,-0.1786109490399812
-0.6811059450920214,-0.0350399859377547,0.023682134422359447,0.49532749282009236,0.32282761916418634,0.44476901459344864
-0.190924723553497,0.16966239330335608,-0.08436989154289387,0.7064733667211067,1.31274905834817,-0.49575771964537885
-0.33954048223040467,0.03263141084466109,0.016787811869320768,0.1862058029134488,0.5768664246606785,0.0716994991313924
-0.7699068924065737,0.17524783568835367,-0.11921983331951824,0.7541647284301982,-0.10894781490226224,-0.15142568706668813
0.7877698357722893,0.008977743340988886,-0.00734416948565042,0.01879503305783925,0.7334890034607002,-0.010915724155796447
-0.5304362122541717,-0.03955324732393539,-0.0323283936092329,-0.06454002366822764,0.7927892930111322,0.08844988603854409
-0.6585641946740746,-0.10769835509336645,-0.06693492163232251,-0.9749345331289275,-0.8996940877150259,0.3055224484140924
-0.6470713016118956,0.08550579345302195,-0.06664991449619673,-0.5898763647917693,-1.5732692583606018,-0.29084388635783576
-0.6424932065487299,0.5063026095149707,-0.10844098279889747,1.8465252320105523,1.191447237104378,-1.5363524545118032
1.0124095919633438,-0.04561861028953318,0.11714192693849101,0.5751053680777343,0.43996078915533277,0.1716443605666309
0.7859469939594004,-0.1639257265589128,0.18126818420902047,0.5854820174617603,0.8251943933549168,0.7800779627759682
0.40594525595111874,-0.0035884528840169905,0.038495318236313025,0.33273118762690945,-0.47127488906027226,-0.0615284044856832
0.06227058751231662,-0.12434612750225804,0.04817212707314855,-0.17221868636725324,-0.5597514645934889,0.4000764915893047
0.41047651480269587,-0.15342770658157234,0.11749664776207491,0.00011342740302522358,0.4682656264236478,0.5356078142271459
-0.5453217891828008,-0.08728025950114626,0.07856522737793203,-0.27369973475119314,0.7282403415849723,0.06353602775575995
-0.16036587890876608,-0.20103140089467275,0.04945496963936713,-1.0222485515227586,-0.5290236041486027,0.4304132293932925
-0.5288955023258815,0.3619535805670895,-0.04568651812396862,0.7457264417448775,-0.36440969856331895,-1.5389920995916324
-0.14267618288959727,-0.046282973328766186,0.20465506009465795,-0.016634136438750113,0.830918725510958,-0.29377919420136056
1.164485957932251,0.10683204700392762,-0.02101591404765757,0.2999268549312002,0.7479626627725668,0.05058382222091007
0.20934741525723966,0.03798912720611286,-0.034249081260861125,0.14318774994261085,0.6610176520028581,0.11328538755306328
-0.9290295063428767,-0.10212925343588197,0.07356596460810572,-1.0096250623503287,-1.6629093728877626,-0.21421840905785672
0.10673045455170604,-0.1643893514431347,0.15682462801526698,0.25155877864029574,0.9956328661202218,0.6575596919702482
0.20128228266589399,-0.06279989192909052,0.10899957518683068,0.24465008890421336,0.40576796009581173,0.12244311000344332
-0.3595235353961661,-0.1253641928567203,0.08051365313022152,-0.5530783242986836,0.5661529737759485,0.1494776423031965
-0.633968526783266,0.08420677758752504,-0.04376977562058937,0.2870436355167778,0.5162803093882204,-0.46700073495739947
-0.787619785582182,0.18535057503384472,0.044602406965873254,1.4156273643945059,0.08462760389952795,-0.572375414117104
-0.2981215930301868,-0.21217391331048197,0.05846526057418577,-0.9628437672831629,-1.7627958437916158,0.5121209878565685
0.2077999131438395,-0.05425239677644356,0.12090010198305512,0.40793813868900486,0.13396926899255002,0.23260177546488725
-0.16390407350815317,0.15721643374023042,-0.08445305181949303,-0.6728556723187131,-0.35713270214765824,-0.9410569775476729
-0.6440854038284416,-0.017613502888771282,-0.002998901210310656,-0.47703637623644357,-0.08349971032108394,-0.3132695634295355
0.49508744418002926,-0.02448799508873989,0.037839079706065926,-0.16048369086811687,0.37550593783772257,0.016441548175287757
0.5108780911198696,0.03835907169246988,-0.08414330659505853,-0.6175646268784212,0.9176135760492428,-0.1855244350684715
-0.41633159437374445,-0.12614430690424605,0.02343455896559976,-0.555375594095858,-0.7994322750227774,0.2609886065277047
1.208651742755191,0.13229608959506384,-0.032919653191199494,0.7272801185433777,1.1962831106147607,-0.16651892091530884
0.3231463630895035,-0.1293344282616754,0.1394409449148264,-0.09800577723112847,-0.793411987738136,0.39728622105652134
1.1209521428566622,-0.23852762552315065,0.1268957338318526,-0.8526435693978766,-0.5662547189587794,0.6007176373798462
0.47590504903675623,-0.01589197294343936,0.05885397250828395,0.8349146368203888,0.7828410822330927,0.23333269485414032
-0.41334589054542015,-0.03275379595158745,0.05197021157872039,-0.28419880831336775,0.36272459150618896,-0.023232407626158746
-0.8476809861060131,0.1755599188350227,-0.04474391448234427,-0.0017018596869489144,0.5363048506825216,-0.7836007139970176
0.34225930892364054,-0.18371784659987123,0.050103932918038385,-0.7281459756050845,0.2778294783170798,0.47429371822893707
1.0583666523623048,0.10482978037217966,-0.0015909383562453527,0.20767698869506868,0.9192956602003539,-0.22346624078762423
-0.3351888016796487,0.012503738722277391,-0.03474172167405898,0.3445588576464731,0.7548402207053684,-0.015512889363037186
-0.34414250888842735,0.19150145287757986,-0.00887801861329307,0.9977952107939068,1.120603565399866,-0.4354689098137592
0.4153754251117088,0.207399992355079,0.014524821087943174,0.6398467821254559,0.7619255173500465,-0.7609689251145586
0.4407776878596821,-0.11198509617805719,0.08213401298894762,-0.20399480467937603,0.4642849323454912,0.24385978937541886
-0.07421197891490516,-0.07945469104797986,-0.009448032236201831,-0.4217563579863133,-0.19207096427158765,0.10595172336012526
-0.8012555609470742,0.2260780242638526,-0.04085495958368779,1.0736848993588053,0.023198281649121633,-0.5477169269649633
0.8893390905228455,0.010700633987444808,-0.036760227161022674,0.29537564597137256,-0.1116647890967859,0.36330245687927754
-0.2394815287792249,0.009307458387406431,-0.09164472736802198,-0.286693521630355,-0.30938715567619957,0.09057832701867952
0.1524731312257288,0.19482224353625716,0.025677398531822826,0.9139656780509786,1.2621145739458872,-0.5642036178423375
0.31588554448630624,-0.18654632897349033,0.09512438693857428,-0.5297456033545642,0.585989542105458,0.5084330181201571
-0.5174213383991075,0.07326768962142799,0.03502062039994924,0.9463323707384932,1.0076216472415052,-0.21024481615280388
-0.677158632486677,0.025680530799765955,0.03347031848405235,0.16338850386720427,-1.196783701724028,-0.31823726976690914
-0.8006005895882247,0.06183020331225686,0.08109106870395943,0.37017330957027506,0.5137427890585844,-0.5233517071477807
-0.023405413146873943,-0.007484321521680326,0.08218645035415761,0.3726286236141303,0.07502872902189672,-0.09977983827814407
-0.024762364465602316,-0.09297073933941014,0.11649351359932902,-0.10661387809395029,0.08893211958018998,0.11251719181940789
-0.5739599597264289,0.18271136144111844,-0.1137393645683401,0.356531601961771,1.1198213559751835,-0.5128803767837669
0.28471565115978437,0.022775395435779444,0.06121354609740415,0.03531181998428856,0.9919879412286079,-0.4187084557526797
-0.782533325067847,-0.0453974030221328,-0.011624299313853115,-0.2191512526201811,0.004847306366027482,0.005647829636346913
-0.48719824073983364,0.09941602113003467,0.026058988257809057,0.3081216126380033,0.11604846678412262,-0.681309940763489
-0.14280496044221125,-0.07319014580064231,0.024860281991087918,-0.49449676349936933,-1.1074242765373934,-0.03464146146234448
-0.0387771400786745,-0.10786514804074865,0.05910074592180026,-0.3252202068353547,0.1830348107023001,0.19989660253290165
1.2108590778080381,-0.10059338942310747,0.08876077742453825,0.1995981153379467,0.6796708520187829,0.4700444198694931
-0.5451479286140744,-0.11953715938226417,0.0030705868693536864,-1.131655147970414,-1.4880725619438893,-0.03705685795224589
0.4439783811671132,-0.2290416106992329,0.1382478951620536,-0.27204139496199176,0.008977553478490385,0.8194908989236356
1.418474111838165,-0.21223855108944623,0.11983069024268489,-0.5047825197988112,-0.9987300866421851,0.6318505807278383
0.2983143517692357,-0.179496567927371,0.10871376657533482,-0.5147809467983866,-1.0753493890219235,0.4472670213792962
-0.6350505324450206,-0.17065131236092546,0.018161532728390162,-0.9261033349062804,-1.2123618253694164,0.3529734454540714
-0.17693483834842483,0.13918405121484695,0.01299466091449486,-0.4071383628301526,0.8642976449270301,-0.8783637107706317
0.9157369689278101,-0.21451746304568486,0.19535217127444682,-0.8673906429274577,-0.6730372273071552,0.3167119863987726
-0.5685053182333715,-0.13439461026197397,0.04246580549886492,-0.9231684549899394,-0.7406774774375564,0.0865479064089194
1.2426265675246515,-0.01744050693887067,0.0386023757667564,0.16561285546287197,0.5593481148654185,-0.06278669561873151
-0.7378303711161913,-0.05355587167652576,0.006965291625955272,0.1439247757446478,0.08882904870169739,0.20700164913889596
1.7743644483561314,-0.16602905162074022,0.1239474811600243,-0.23796530077923927,-0.23210837936024786,0.47823873371832404
1.1005523323707675,0.05013797471786846,0.0007248163116961859,0.21885396592880313,1.1406470361034269,0.011658526858475682
0.10692867567249364,-0.14502117462371344,0.05397847603298711,-0.584663233378308,0.8520115418794156,0.3037680118862265
0.18752322142353184,0.2526402920262427,0.06341786385360915,0.9086247885937557,0.6367731454690349,-1.3815242876570366
0.917595294931431,-0.03427505704029565,0.0916879619328741,0.28355879567543996,0.7267386841352983,0.0005196244786764836
-0.4000863338414531,0.1059198626888958,-0.03050012752866904,0.7693065942180395,-0.17346630120582596,-0.2761475801105524
-0.7831044458852763,0.45264946027749053,-0.08588815918114256,0.9302819608982231,0.10876253285508275,-1.90830936916025
-0.4278781174196258,0.025653265300002337,0.06351933300012358,1.1012595310742381,0.3630407401516509,0.10699817638933284
-0.771394271007096,0.09953245956081613,0.045764130182270435,0.43454280531119727,1.0996609149721661,-0.5532295938296201
-0.4862060477375121,-0.13338541377279223,0.12770893051212373,-0.1849156146112907,-0.24733140762337724,0.2985221467669228
-0.5014218238172572,-0.05881183680413893,0.09623193686396414,-0.3161635833570009,-0.34294090103756325,-0.165982245726231
-0.5845943063326677,-0.19432455621287592,0.04255453381931584,-0.9091935647560032,-0.5211528881803034,0.46048425238460045
-0.04109266131581246,-0.06270412725096453,0.08266263273088303,-0.2881923804187356,-0.6069085399547676,-0.10212543562792309
0.5904638777125915,-0.11528232904432423,0.12448059556284652,-0.3027565761278175,-0.04441254360486013,0.13324186154192041
-0.4200880773289395,-0.1383830410335244,0.13437033803790221,-0.3019352486409794,-0.4441570869308875,0.2564012329360268
0.4013812701435857,0.06120813913089329,0.03608483654111372,0.12878870969118106,-0.22639338913307228,-0.5584771447556682
-0.42852274539588575,-0.22549214858885425,0.0027462323380251785,-0.9788829957893833,-1.7715911017700927,0.6907651449415777
-1.0204479448785932,0.22597612763133612,0.00855423056207849,0.035704957108330104,-0.8871430813255035,-1.5630531394760385
-0.017823458200684872,0.05841251884042631,-0.10764656299643294,-0.3044817018742676,0.6708284534874589,-0.08786297832820367
0.44129112880067045,0.04454090607765665,-0.0947384914089151,-0.48166383709436555,0.41983472955849477,-0.3205597889332741
1.0018851788020091,-0.11086186127054909,0.11981231219126132,0.02381171643490676,0.38478757205479575,0.28279470029417864
0.16059134241515882,-0.11119746451897561,0.11954161207611058,-0.009991504674352614,0.06889620220614834,0.2679930808372091
-0.5865192028170918,-0.1671753406142098,0.049035039866561325,-0.6310227291905663,-0.6831069748442373,0.4249344614374433
-0.5476912119882591,0.2567809373283666,-0.41379333692214726,0.22909800637624933,0.6037633688328121,-0.0601903115559157
0.14430797215704394,-0.08728184445559006,0.11727391091054007,0.051770967889470665,-0.6285599577089618,0.1575896665651686
0.3359742349757042,-0.19945218187513492,0.03920807307951568,-0.5619417251353258,-0.8821073434984092,0.6766238968744265
0.07214914382775861,0.2268634603417266,0.017448956924919434,1.0155525913015566,1.3316256098493144,-1.0818549297839322
-0.1386494504582505,0.04638878649409672,0.030016972414077303,0.05467212477864147,1.3493084097775427,-0.4943541923948902
-0.8067090324248787,-0.10014931689634143,0.07298876336998461,-0.26914567685238544,-0.7910732070825541,0.15521027892820038
-0.5953139785660815,-0.09808726429563241,-0.09683661660820397,-0.21754189343707386,-1.8291400599943963,0.6923606634579409
0.15485716033857533,-0.20387454534812877,0.037631540997004054,-0.47779415409097603,0.33942270403689134,0.8510086097200524
1.7928033947343758,-0.2139255024968142,0.1305702162465956,-0.13507762385245425,-0.7805914991291312,0.8118296806741196
-0.2322721696986476,0.07966286815664114,-0.03184153879529461,0.5972556774154913,0.8442551127446292,-0.10015914073540033
1.13915320214316,0.01566770166973952,-0.008493216239330081,0.9098428244865522,1.0718878093274165,0.20593353017825544
1.5162108781433343,-0.01433903017914151,-0.05111686785073721,-0.22036334894621912,1.247358495827914,0.39499827214480954
0.9935669736713939,-0.19572787550153392,0.13166431715143068,-0.5588698191082735,0.18193668836678922,0.4806001556691575
0.07495192027718489,-0.08440957883602995,0.042888008885354933,-0.23209724647444063,-0.05595031187777444,0.13478774571150653
-0.5320868406663517,-0.11091104902674709,0.06773100609349325,-0.20269600480387706,-1.0331815643716702,0.26518186305081537
0.9887609807236151,0.08189637493829494,0.03355995732983974,0.7466273845722902,0.6754135641183883,-0.1607359717220227
-0.8358329003097242,0.21321500892821138,0.020956726339539378,0.9172284937545236,-0.2663427003296235,-0.6510714812468323
-0.3645216021941762,-0.021379041912438,0.020874275408039322,0.053070724887523735,0.8915651854056974,0.038112744851971136
0.708860959425311,0.0397427547469178,0.08295849466538496,0.2884259672182854,0.05503521403273259,-0.4336528480835855
0.9382380333841358,-0.2213211287792931,0.12372325798774697,-0.97597430688564,0.5940065107304426,0.43800048671501113
-0.5219057001169978,-0.01154858782789403,0.0029199853640018425,0.24564423467196494,0.9139741454478978,0.00972196774949241
0.44785217794568966,0.048261038839108206,0.010112834649820268,0.46753099467353776,-0.22902090373148543,-0.053872701546944235
0.32026702573115506,-0.07038884001158563,-0.0024666814158318395,0.05201462958359171,-0.06538971771170621,0.28067094936083814
0.21045740341895613,-0.06908624138594976,0.03271389485403908,-0.14183825707548836,-0.023734903023399756,0.3087661532358279
-0.17715729189502372,0.09286063056553656,-0.09164004757469257,0.07597211440888674,-0.40897665773447756,-0.33574307411803517
-0.8267253858168493,-0.03942603985805371,0.02565941599627397,-0.5270874276377919,-0.4531102046625861,-0.05743413129672392
-0.8875324332068559,0.35495532650481765,-0.08448162351766486,1.4727299516324979,-0.701158513808001,-1.0492623364923344
-0.4531062963443222,0.00031440549699124354,0.026872760671451168,0.2699411609790481,-0.6462876431321716,-0.09571159101690752
-0.01075939362989331,-0.09270050852868128,-0.00029911075364985606,5.117545871824447e-05,-0.4003769582019969,0.38647816123946166
0.8349288651304276,-0.2380618074622154,0.07870255393417791,-1.052505859140517,-0.6772738023609717,0.5862911465686182
0.7567068961202004,0.004905124125865301,-0.023851741515773295,0.4118598133334257,1.0216622761342218,0.3482788541320314
0.8069166913885983,-0.10121356517708335,0.006692102115942289,-0.2784711521696326,-0.5050125221649258,0.484462285193588
0.20038946215949394,0.01343468891094357,-0.053369412943344186,0.1064718580000934,0.564922335818506,0.09386130414464722
-0.5818337599790058,0.1482726411019753,0.052479830134755545,1.0785625518740591,0.716728790288212,-0.634534650648936
0.5211060787033455,0.2847756069287273,-0.10167097691869365,1.1896654092891565,0.33388944019591626,-0.42924599504027006
-0.21256643067356928,-0.16121060230478979,0.039144283334602514,-0.47865580744768277,-0.010683263903087603,0.48540117603452293
-0.6616950724106054,-0.07220642294238144,0.0975790826645564,-0.5518305865618054,-0.9774178716866293,0.1816235728304303
1.5336364668786773,0.1514570246242392,-0.006659189293711121,0.3192409448186493,0.9727934903943911,-0.5431325043924686
0.9271880432369113,0.14055566538715358,-0.09902001646921299,0.23393063166175176,0.950920510978519,-0.3456015781193891
0.7081947776490376,-0.0620561564514831,0.030346478345489203,-0.1568164605471425,-1.0354786703728949,0.06031862429144841
1.0909018693358667,0.05691868788022003,-0.09231266161612794,0.5104938660376197,-0.2717745221898884,0.4980727596175374
0.22669119555257589,-0.1898837255393283,0.006952932557111824,-0.4646393257282342,-0.9151934106090618,0.7290170427033003
0.16479476061896103,-0.03245596168569387,-0.058776137392838046,-0.23507870701895084,0.5180993640249496,0.10846884056256778
-0.02940316487549488,-0.25446125177982626,0.08924702935136053,-0.5194607199600889,-1.730426275959053,0.9406414261482365
0.4937918821220595,0.1435819552109775,-0.1746498432806205,0.039035560770175115,0.5328394348760197,-0.1190945800589116
1.0492360118657966,-0.24349260593242594,0.024482373804761925,-0.4291112579200944,-0.23524240757774528,1.042352639279883
-0.29908788488589044,-0.28822503508787956,0.07518699530118167,-0.9304369592101314,0.007017872342207632,0.9627835698467968
-0.0618188719490933,-0.14678487417242614,-0.027790147486084216,-0.20546460048761084,-0.4468600323511258,0.6639928987375048
-0.19896746578648705,-0.24130370139363488,0.04300857333466279,-0.7171621486805404,-1.0675881217228977,0.8459238460604279
-0.17292643859347367,-0.13200201164173975,0.02469681821822345,-0.5224073777140987,-0.005485827569863044,0.31140533999563225
-0.5538171503442846,-0.05627508591105934,-0.04687902401217148,-0.33784485353954574,0.5785031174801523,0.07791531678587793
-0.04158750597861838,-0.15028288571638282,0.03762122657386935,-0.12898817978622001,0.03902703083543191,0.6010351374352143
0.14025809253186572,-0.21720649893433108,-0.0006197372855309968,-0.48950247952835335,-0.04792552834187269,0.8978442706537866
0.5095144051366038,-0.1334244082135576,0.03886937480035746,-0.5532917826030397,0.30841824826608555,0.2774506075851919
-0.4998472344106002,-0.19005109584081792,-0.056070207426649366,-0.7317200081057758,0.3505960744785428,0.7119681993021687
1.188395844866873,-0.2033824583648811,-0.00035703913541795806,-0.2824892691128502,-0.49266941289929056,0.9190730688959698
0.34302607106622873,-0.13271350967708762,0.07067768221397186,-0.19212255907774045,-0.34240495020075024,0.39853000665515026
-0.6009228766208345,-0.1004320209520011,-0.03454145739900438,-0.3422722120079713,-0.9281626423207356,0.3226676592122528
-0.5600427106151193,-0.12736186896347357,0.024805648092436572,-0.45067325991931484,-0.05206787272021396,0.3196472242549828
-0.3710567041438526,-0.05597804128530981,-0.050433467995870784,0.05677378099480834,-0.4582580295140404,0.2855725389430246
-0.07052648735408118,0.020639751144792107,-0.019595418962492617,-0.06972860979064088,0.7188221925289549,0.08240635709092192
-0.7644778307030315,-0.09618638282450964,-0.03574643487648299,-0.41866773216646314,-0.12317054785965409,0.2596995489789835
0.3226733893214966,-0.07686857362283672,0.03801309352257021,0.08338943523407893,0.8613808830856695,0.2599318655677423
-0.21936285087860674,-0.16619382832070972,-0.030403398375225765,-0.7404682482331258,-0.6189350291150946,0.512879902473709
-0.6970472107905432,-0.17957794022803553,0.018210140300778832,-0.43914800073737426,-0.2944058956584241,0.8599193523816924
-0.6805003879863414,0.011654305362030382,-0.07052181621022069,-0.6317168664477995,-0.840918513464022,-0.2420922200229243
-0.8027559251516192,0.18331595643500942,-0.05279051451953087,0.7490171736183964,-0.04773634925832626,-0.43015349934401614
-0.8095962587885093,-0.16652745020144066,0.09932756475382187,-0.6203966791205102,-1.0130305581635286,0.33134322583921394
0.3002665133976794,0.2782122527378561,-0.09959722559290252,0.30169291891953387,0.37906912155028305,-1.0514097252697092
-0.8265717313330101,0.16452094080322371,-0.12387621920503,0.07991059369440512,-0.010374172212994637,-0.42337933821056195
0.6641319735931008,-0.2284583342179386,0.035346333910042604,-0.6078235187850654,-0.13620001356541422,0.8379423027248274
0.0392889520605626,-0.25434819711658796,-0.001374028902349833,-1.0509736357351835,0.05164379476769021,0.83818714776586
-0.34796268230419325,-0.024412102902103605,0.012226175811797635,0.5990590435017595,-0.5971943764021304,0.35356288938236746
-0.6158211643391875,0.06159994443780947,-0.024809264525417762,0.3231347954532051,-0.571280261698687,-0.14370727163211416
-0.08337163113143387,0.021777306236168137,-0.018128218741549462,0.10469115176770494,-0.910002744487737,0.1622848972052653
-0.6137006149287001,0.26215101604368335,-0.12977696712278697,0.23258400657855494,1.2353694250537401,-0.8304310806472557
-0.8617176826957003,0.12355846377237634,0.017931875335334357,0.33174952391525103,-0.4435613226256234,-0.5994321758429606
-0.8306857229926872,0.25919461586377474,-0.14734503445454705,0.6150443816546449,-0.10540725587613275,-0.5826069609491007
-0.44822812263160583,0.2456794872842183,-0.11508253802610635,0.648213671136137,0.6168193233268107,-0.9330436927629568
1.1643604521095245,-0.05238317460461883,-0.12560000868627452,-0.6068383063190654,0.40524134796313893,0.4690804188773061
0.76643627872735,0.10118487470869386,0.06993135727268718,1.1897690895835522,0.1965209678963742,-0.3220938230809489
-0.7485209481451973,0.009572930357836684,0.044354247439431393,0.7082990186064251,-0.13522460367428435,0.03978085587711222
-0.004071266739830159,-0.08789544887866496,-0.017394930451884782,-0.4245705134084725,0.49742846037306787,0.3733948895024364
0.5310994270687555,-0.11326621501116563,-0.021555226593359178,-0.27514086911272395,0.1800997600716725,0.4111857326230348
-0.19382509910111878,-0.07294924569220496,0.059407419708167986,-0.2733803323583426,0.14162473099861872,0.012178047705939665
-0.5639026970206995,-0.22806968463148602,0.025778092412484188,-0.49230816933952815,-1.5603618240745136,0.9130047100999548
-0.21877151176504417,0.358366040283963,-0.366363209011368,0.6666396654150049,1.0739108403460484,-0.8502907807590738
-0.6220762674580189,0.3199529504271747,-0.17049961331958985,0.9272865306439231,1.0571135703495886,-1.038532580455879
0.2107393418814254,-0.039771834460860744,0.007585208218904516,0.5828698415086908,-0.31330158125747865,0.5491525999318028
0.5417615986472317,-0.220253928721305,0.06923718167145543,-0.3265242222940601,-1.314703385552107,0.8681677574592825
-0.1755591131899623,0.03283634608956537,-0.229644857313955,-0.003348675259140954,0.56222533372758,0.6411480783926531
-0.7880361527042186,0.019396561785856248,-0.06974261922882319,-0.07250732270375049,-0.19013340890630115,-0.0036448078416890795
0.08745519779491118,-0.028816337305279993,-0.044210373011434045,0.21663161952288967,-0.10302215032551221,0.29073631040588666
-0.5549856659656827,-0.13091796769190822,0.028353431396727524,-0.513623487494749,0.1359715909681154,0.3023681360445609
-0.847033304010143,0.04170829025598405,0.012964686508244228,-0.4260395129549823,0.3687424105564938,-0.5793559399416863
-0.47456509583963213,0.08491664139189359,-0.05435898981754883,0.11465007508193858,-0.3420309762065572,-0.33771724646906964
-0.5467304422362509,0.04071961137412977,0.059788216133638716,1.1446344178434211,-0.5855192665822098,0.145186820229791
-0.252758178147233,-0.03873352832530774,-0.040218193219891174,-0.344935637031768,-0.6827915275048189,0.156465553941195
0.8720109558302804,0.014576279951284965,-0.0029868450659884527,-0.11800080932819279,-0.4990430915709032,-0.3259026079355656
-0.48525661505513473,0.22511711061031797,-0.18696629679844456,0.18644055799152226,0.09588098411402024,-0.6203672823612121
-0.4096139738565425,0.10473255703967083,-0.17387292372417062,-0.09376177114545436,-0.7496067983839687,0.15015501357514127
-0.1992956157411765,-0.1330827044770745,0.03335578106192605,-0.40025381982880837,0.07119698258261309,0.36441382218736784
-0.4906688825093415,0.13520820057273253,-0.1134910454799436,-0.28722384733304196,-0.421586994513826,-0.5532723604554219
-0.44993070966315774,-0.1709719815979187,0.010161928838630763,-0.30336379934433455,1.0365235097305328,0.6900257058407555
0.22807356844907445,0.3402947865812461,-0.09977778137963389,1.0544112733083364,0.0596590997479316,-1.0444233785199122
-0.24658841596456682,0.12065727788284752,-0.014761929967306076,0.4427756669505105,0.47371137420553344,-0.2606268715726272
-0.24852142991410786,0.14479762909303373,-0.09126286471751555,0.5159866523772663,-0.5643273838508667,-0.12508412896133114
-0.11576608649068887,0.2467670014406228,-0.11793564291310443,-0.1003306373673789,-0.037258540709706356,-0.6264030202126449
-0.41602196968790395,0.05698538788524449,-0.06707606412295397,-0.4781529671580711,0.8972202474591717,-0.44724700255455163
-0.42620497329747087,0.04596206779731621,-0.00043390064720383315,0.10010575022651214,0.529433078965623,-0.3097338095280264
1.293156017866033,0.06474395949068279,0.025908804388079965,0.8772098239067159,1.0169791624634503,-0.0752533929380994
0.22093852496050093,-0.014979238165961029,-0.05415476006474862,-0.05756913783386142,-0.0431537688897059,0.3720714402295715
-0.02120789798384526,-0.10849340627777626,0.0011500644754007805,-0.10371215302107117,-0.012214485861725688,0.4271172516676911
0.7127634124813043,0.038721557017471764,-0.1137790062993449,-0.4116046114090133,-0.34188957964005207,-0.025891211315280493
0.4269430612399654,-0.1412252805222013,-0.03436828502381217,-0.5042981475645263,0.23495076700059236,0.48884958786468946
-0.07021324791874584,-0.02437754483688015,-0.013575382728070018,0.15644759683609122,-0.47764771233770453,0.07362494913305317
-0.2651992056589758,-0.12219573979834175,0.11042979439418943,-0.049460037093892906,-1.5822961427268725,0.33227851648080353
-0.6322736905739983,0.3354095684196479,-0.040957638318793954,1.2347358380833091,0.8621988643379068,-1.1341617992733384
-0.43705035209735876,-0.12178973644411495,0.06635754397647764,-0.17589102497322195,-1.7032886322769483,0.34815625945321793
-0.3092046686464589,-0.18387611501168544,0.054943755150381746,-0.6642927312935423,-0.7082815323098783,0.49892036081357016
-0.5009095221897715,0.21744800713262175,-0.20149011616147006,-0.028701634607350313,-0.8109076519631973,-0.5554014556520277
0.5631682516989336,-0.10111082594692933,0.02159210348880114,-0.11615045106857536,0.858422910565487,0.3368780732289194
-0.3958741084741917,-0.2162384543458271,0.10712546365878528,-0.8451556598127022,-0.7886086433651596,0.5054766106250184
0.3919437576853533,0.4344671778666827,-0.16630145727185475,0.5331292629043625,1.2887169405695813,-1.8641553382447686
0.15473989068917615,0.1241670415234778,-0.07093890126181412,0.3427865686213307,0.3585513036529635,-0.4294662722663629
-0.16662401692995465,0.0026241170086831467,-0.0941673898865284,-0.49168510873578297,-0.3701115253841323,-0.27233664121715107
-0.4911947446815257,-0.024991801771146682,0.0365951214958562,-0.29854568558676653,-0.19896683395766823,-0.1501513150110636
-0.40093321945105,0.015842124079098463,0.021492206143169934,0.6045950722048152,-0.7245982197067231,-0.00866235029853124
-0.32979123426414914,0.12017855162305491,-0.08752943049951123,0.8183543668649333,0.7773534085497418,-0.12933252764257075
-0.5702267632555453,0.10949182153801346,-0.16000462850095531,0.415478847239501,-0.28940844409474575,0.06830809898354984
0.5277605402719792,-0.010816261666899196,0.0017182721221475905,0.44099927189633137,-0.29255695801293236,0.10788403117133427
-0.7303379973700617,0.2185575900126972,-0.16462469680270642,0.8881960619043907,0.5721679960100263,-0.16078979906284774
-0.2578801691102959,-0.2112415331070857,-0.0008741860018828262,-0.8723932406792569,0.02685271433952341,0.6650745908444087
-0.5068215261936948,0.03830285569630176,-0.09847378872048551,-0.5000675172148223,0.48693239163217283,-0.4869464361089981
-0.4272649226009828,-0.0359840446142764,-0.006233548884104767,0.028214211417595614,0.24844432510081083,0.06491907735891456
1.0904070359431206,0.1327952846373735,-0.0799961079738758,0.7107287081953273,0.5080119879001073,-0.37721276124184433
0.018420733403850864,0.3074334725323078,-0.07955091932616998,0.5607506210293347,1.0282175267082247,-1.2362064165174702
-0.440464292771084,-0.05623358088223007,-0.09517111542046575,-0.5828105862114925,-0.7039538949744517,0.04309947399883729
-0.5049666478907273,-0.047490624989247165,0.013926201104652147,-0.25874043574132677,0.31008080683204575,-0.05018367252714606
0.13923243979971844,-0.1444899290814602,-0.006997061243136482,-0.6775158753628716,-0.688303404485558,0.3680893050514209
-0.34794747971883133,0.07239588193376234,-0.10936222958622177,0.4708388254711129,0.06084139916059783,0.12703525376012248
0.07653398420584123,0.2870243560252547,-0.23661722285711106,0.46878981447517054,0.12845122355921212,-0.5582688510165263
-0.42086889498544466,0.07537647110260448,-0.058314674110671594,0.3097673124026874,0.13027869831807593,-0.17157682651832085
-0.7458850821959169,-0.05367146767792352,-0.00996775797579108,0.17115451453623454,-0.20221893978642935,0.25371408603767254
-0.025196314745215442,-0.0069339481061684305,-0.0861457309385032,-0.6715064897200844,0.27726578818389447,-0.11918986313035473
-0.4244589843095006,0.3167059819542024,-0.08149462619551906,0.5878198225155149,-0.2490394542871579,-1.563531906823394
1.1839344340706297,-0.090107457848981,-0.008005810476373831,-0.08548363819898674,1.1396817461114206,0.34122460844168634
-0.342890473976462,-0.05480661819034116,-0.03971023054443601,0.029423600034846453,0.20654034330961046,0.24407428093141403
0.7998482280390944,0.0851206040129539,-0.022619550330972182,0.5849600835227156,0.7837809970290772,-0.35951275279933537
0.031998326772892494,0.087802568005032,0.012783906165348302,0.12031065314821343,-0.4059916842205835,-0.580512710064157
-0.847757139117697,-0.011486183777742243,-0.01930708451565477,-0.3012047623104419,-0.6047498662568285,-0.22960912335079575
0.14607171362602167,0.41083647725660477,-0.2647405484026707,0.8732325146461752,0.4727024885807789,-0.9542473119968895
0.7951122262507002,-0.0007213531929958217,-0.08152935618734969,-0.7144567651905102,-0.3107195237323661,-0.39020808807574836
0.9656531778682285,0.08746039827683444,-0.0002040576402912997,0.7222956766148054,0.7067582196279862,-0.3456542037553598
-0.9197246616132664,0.11175746238412732,-0.1461453815144691,-0.28507257761957994,-1.7106346077181436,-0.3468518170702479
-0.24617648245879176,0.09536149866749072,0.010398898269577517,-0.1322461879313781,0.6658199063471506,-0.6509548289945541
0.9215125553113659,0.03236199062517381,-0.1958429324906863,-0.5313490959842633,0.9633627244455232,0.020720915420227914
-0.7826988956291716,0.060397706101032234,-0.09372752716572996,0.6762822988323163,-0.603168202432707,-0.026785838599035827
-0.3441620494451081,0.16747812100621962,-0.17602960886062702,0.8842465021659804,-0.08009237426027749,0.08552805040747558
-0.9507521775607248,0.2870603554139378,-0.1565252690402278,0.23034576169298848,-1.501585806023124,-0.8324259050669258
0.36421846864354435,-0.07102407461320392,-0.0407442572468697,-0.0700406367678299,0.7518514769713396,0.49640201179646315
-0.5369355798615789,0.23592028431934475,-0.15828900062967322,0.42713494443343336,-0.9878108276115092,-0.9051960796391623
0.10934588212004015,-0.009938786441896719,-0.14703727355749763,0.3474983116397672,-0.03278055099779298,0.638989647100618
-0.5275758222836624,0.33078700848937714,-0.08589583566558967,0.9776949602942415,0.45519875358530015,-1.3400112424877177
-0.7555007845945758,0.38576322817912384,-0.07637286775937469,1.16847387293961,0.29696270399876434,-1.5965873875933587
-0.9277103140406336,0.36329458413597043,-0.039127942510259084,1.044621894052641,0.19765577449152127,-1.5930735796556996
-0.8798461997350919,0.5042814224533981,-0.2740891968904141,0.9709642453689762,0.5916494722156336,-1.3573858672686958
0.286389800469786,-0.08951115559028877,-0.07029218345189092,-0.6658076117701077,0.5498582140682475,0.1571622189853401
0.8889672604904291,0.19742844461198727,-0.18270865619793164,0.17332650917788484,-0.30054647870135165,-0.3645370094536853
-0.3055661354810453,0.019931700301520472,-0.006380644150204118,-0.22482047072093625,-0.8966603951259335,-0.20497357139462524
-0.8957985642090791,0.38573525776676987,-0.19313490015389478,1.0035655326579924,-0.6967954516796642,-0.9700706737490037
0.366446840637652,-0.17409620314597807,0.00596642733608177,-0.4548654987698073,0.3240246461045726,0.6392441502704034
0.3151227171580173,0.06160323023214809,-0.1559937964823861,-0.4204847431851706,-0.4964126305253127,-0.2777800395375398
0.378079171609796,-0.004296020323749095,-0.0968504319888136,-0.27623705525834086,0.11171023835683203,0.08798801668518852
-0.5186540254411063,0.008739410060531694,-0.02880597682708308,0.4523303717250089,0.7146907108505318,0.051685329986190354
0.16367417678327212,-0.18361556663151357,0.021874197180689947,-0.8046443608668185,-0.4168854600745022,0.4877342686503159
1.3108592116070785,0.025465816617900705,-0.13391827438343462,0.33547488719502816,0.25885446264663337,0.29014985764359835
-0.16152325384855137,-0.06868575697921586,0.04914976430897,-0.24063201746350238,-0.7508755580566457,0.022294146389725267
-0.07051244649998134,-0.09962023843449741,-0.04183973556379994,-0.5872280067457145,0.3109782136283479,0.40782261869293723
0.8113753790690919,0.28395075974182415,-0.16096822474895622,0.6074446231817339,1.0583842235825123,-0.813418808855068
-0.15341310433267985,0.12017315679319507,-0.04125992043245663,1.2219099801238462,0.6876676233045123,-0.11052285245108795
-0.44219847811350355,-0.025096313248998636,-0.12543901106048128,-0.9494508393368318,-0.161315221282186,-0.07650952641543451
1.4495331165946268,0.08338221006018842,-0.19419505246064994,0.7425706816565518,0.17601912478713144,0.25868135217380495
-0.6106067571457581,0.10743612270918185,-0.04792689094733438,0.7061279157437683,-0.41508888684906387,-0.28494483902992096
-0.5571103973782747,-0.006509163071310442,-0.252789419295964,0.11255405048015676,-1.3593718114325541,0.6972142231686589
-0.32047387487342394,-0.20397552273182507,0.07289344778507578,-0.5827105725995954,0.1522628744763228,0.6299608525227374
-0.2016338514991507,-0.06529993359615893,-0.0769064747028334,-0.3245469476219025,0.18462919693601387,0.19677341409020377
-0.8213763362970878,0.2248713553547883,-0.18481741010038377,0.11701901009949034,-0.10706372327066926,-0.35531591396831974
0.5645602084255714,-0.07873808810642358,0.04616147165744877,-0.3212566385744189,-0.9276964874263081,0.04806464820482548
0.26114042098950274,0.12212540041819686,0.01250077208968503,0.3557211720904214,-0.40932422091834164,-0.3810289710785226
-0.09780630090032427,-0.0889777014322044,0.02007348539454723,-0.1826143802926803,-0.08703291288545456,0.23131432063695412
1.1140972530032613,-0.1534947702675813,0.04708455227040331,-0.4077965060784814,-0.6895369747099942,0.4595562371129427
-0.6180518710362926,-0.08836779961206576,-0.05221112742541412,-0.2669068537428363,-1.3107458008285666,0.32093346077647533
-0.38481776056817196,-0.06247136624202254,0.01724121323236183,-0.14888280225030437,-0.086477850917555,0.09171420274186426
0.8868252094582438,0.23292621903860994,-0.2521431284631962,0.04297229179601514,0.13609686019948386,-0.5175755777707081
1.2694208140811132,-0.24566099857785517,-0.03588985753326923,-0.5199800535323771,0.13225284667142256,1.1230812680452322
0.09450883738424198,0.18247675027754545,-0.14683950837360604,0.11988404619064985,0.7709264355892231,-0.5704540299774603
0.7474712135376211,-0.10245484686573592,-0.060381165160997896,-0.24757811724663914,0.280596460014952,0.5336524263894522
-0.6181216159337193,0.2427301772541784,-0.19144605716567553,0.2427667969043874,0.7976204858766511,-0.6907940093707856
-0.3597717679051564,-0.056096465240694116,-0.16584486090802475,-0.7075814033821698,0.2732091353427957,0.3139554614110862
-0.5066853052456393,0.3789502636399906,-0.28816868661740513,0.18660536946109585,0.7886358192743965,-1.0675190654504685
1.410281105677812,0.09387993493213587,-0.13277358470792555,1.0917767104786429,-0.3435947026023798,0.05552086713068638
0.08951820237348751,-0.07492607297057485,-0.0509441758515784,0.04450833678270727,-0.8023896526906138,0.39624625810069647
0.23495627020538667,-0.1519540017534048,0.08109130907299589,-0.5743332381013528,-0.4210426258862343,0.3002619929652095
-0.002311828982049846,-0.21404432531690953,0.008377604378797754,-0.736780578083877,-0.5340058653874524,0.7344212030598967
-0.5898270505920225,0.057301514192529546,-0.07479241159229766,0.24523457582333008,0.038069760739229075,-0.16400874236773477
0.15903059012213627,0.08645051932487452,-0.1789982182117894,0.4204207975847991,-0.4010081023132024,0.2326871790692837
0.41402658054252206,-0.10840670151396614,-0.07194888807845956,-0.7444468468268419,-0.22599732152091745,0.23557826341430133
0.238874232603574,-0.1280243892445735,-0.038959013756121985,-0.5169967141653915,0.8021258111440139,0.4101813292409373
1.0604523241230994,-0.02458023734170256,-0.060074817660051294,-0.39026012611723404,-0.5565463163881614,-0.017027817799966982
-0.10086975698362166,-0.08399885841227417,-0.13319810285863276,-0.09791502061522461,-0.9588385959673296,0.5341285391651627
0.34677013914807575,0.00820691650692873,-0.10219070913184447,-0.004802516155657743,-0.2890008345168473,0.348042607249766
-0.46875244225957013,0.49867170039778563,-0.15156894078571015,1.5418619843077694,1.3115011671535233,-1.6505812947084348
-0.4274441584734474,0.10699715923207714,-0.08477997464607745,-0.13918120654031418,-0.30186947838079314,-0.7479961651541573
-0.057211558709562516,-0.05728570557462087,-0.015164157992479499,-0.5894044816372113,0.12248560218045856,-0.004016967838220253
0.15194258787291814,-0.03858774351956151,-0.13062206125841724,-0.00914775569608195,-0.36712412270710537,0.29683541938113533
0.802144781752476,0.23842652138650594,-0.13859064276850197,1.3367350417010484,1.1363085778702682,-0.30338421988942343
-0.7824849715090536,0.20912965610123457,-0.15019238386855438,0.47328238559918523,0.8383167599599273,-0.5457218996131195
0.4208921491535864,0.03680389832252967,-0.07190216002292027,0.35695423095247225,0.8841819061644034,-0.08766657468005024
1.1742046756077402,0.1770875875761232,-0.37522411007501866,0.7613062762146416,1.5650604687174545,0.3249871485147908
-0.930610428273884,0.4352270568816926,-0.3474503277086851,0.3965867008247468,0.358877880689914,-1.4802454052765777
-0.4082767390910844,0.33793677349889206,-0.29093957221749067,0.5078351897688371,0.7831979693969373,-0.6461249679367225
-0.2598195639849572,-0.016766945769646213,-0.0694871406155465,-0.07149829511071815,-0.48180805993762466,0.015617728381836837
0.4945211132364242,0.06739116581754423,-0.07580612561392575,0.32667564005512695,0.7320538551649078,-0.2831147576691495
-0.4686040054388354,0.14612086206909602,-0.11038982525847774,0.5365583253397914,-0.42169030884582703,-0.38973242907691885
0.45570303501354004,0.566301753008513,-0.27506575227104646,1.6073584418727767,1.1761505768357567,-1.4082813092954813
-0.7413361290635039,-0.15518364713949562,-0.04631639056336101,-0.8907647264605931,0.34023372630969817,0.3983324312424581
0.10120469684216249,0.3514615759401977,-0.24244430874868284,0.3570107066965611,0.005831872208213795,-1.20138968394856
0.03514960451477478,0.13213934566173302,-0.3028305356591897,0.5562884934009249,-0.3228798996386053,-0.13234540887698376
-0.4325816016376418,0.03529618234296644,-0.2566424022135644,-0.33153174170057853,-0.43335387829058414,-0.08290680578242071
-0.04416788523368109,0.3727462436965807,-0.4058568044294334,0.4250831601330529,-0.6325859227654234,-0.583407748672514
1.3888428064508929,-0.06379314225685584,-0.11103913892772144,0.2420683242323236,0.15276000092907882,0.5432079687765463
-0.8199538187387574,-0.12430162933562228,-0.06368847085549023,-0.8280175484520307,-0.9124474590421798,0.2743395585850106
1.0179857637125356,0.17144010546881355,-0.22079195380294026,0.8559226078907134,0.7190512740940078,0.015112447084964842
0.2578381154203069,-0.025059027147559143,-0.1379092568647572,0.14984230393384235,0.05203937966798167,0.30947196953106193
0.38415104608722284,0.046307636216922354,-0.18073358867036382,0.14528351752381075,-0.2554775703584875,0.15333429913381114
-0.14412028981074676,0.13556644946441654,-0.10816575483303881,-0.44814746566244024,-1.0136846297723363,-0.9363538788413217
0.5718126347373753,0.02239061173671819,-0.13123094333250418,-0.06622263297432163,-0.1938978217182532,-0.10468129752811794
0.3618385347672304,0.027817781692412058,-0.15940151137867997,0.04787747484194216,0.8844876923286868,-0.026024632081711907
0.07469196384987042,-0.0762960958345148,-0.09947714075711667,-0.2160406576786158,-0.19470838867474605,0.3625212502811981
-0.8525634555838824,0.1534620466125418,-0.15693108125976374,-0.2010556778278858,-0.010265444530974666,-0.5386302739874154
-0.38614949730138703,0.1168141754098534,-0.0669656981349761,0.21943520416323725,-0.5055605459884602,-0.45533800579017036
-0.26361179057920814,-0.09149464767788829,-0.057926365763314,-0.5550423137682197,1.4259483366066594,0.2028385577598919
-0.13210075682773903,0.14653826327098912,-0.15008403000200898,1.038965128705394,0.14642362325308467,-0.26128927190355
-0.8476070712412824,-0.01995164307258923,-0.0992986942512637,-0.712105473319855,-0.5173999930389805,-0.13657377810901083
-0.868336634681679,0.07873947824608474,-0.0940835906749452,-0.5451699929196212,-0.4500971724402003,-0.37676545842156806
0.51194007511816,0.5827319809404152,-0.3155005533214824,1.45802707890501,1.4588106618007273,-1.711341478507229
-0.5276995698964584,0.017012157345234757,-0.10060480478363909,0.0876513664198526,-0.3908041446073045,-0.050593194690979004
-0.2575065084450896,0.22360140618280988,-0.22999305357295108,0.5273625380844198,0.26890721084902003,-0.45566640921742785
-0.8673107968310252,0.0932777877620582,-0.13419786385976484,-0.25214147596707615,-0.03233088037623455,-0.6286073181628853
-0.47933600594494963,0.10605486093673133,-0.16228318957622467,-0.03390324556429092,0.18363737747625297,-0.5416055661959678
-0.6238803993947011,0.1626266444027593,-0.22999901117493982,-0.26022371677285383,0.5682004157106779,-0.48699770483539373
0.46967526414827065,0.018663382722248212,-0.07381962250902618,-0.0859264163741158,0.36610205914443616,-0.20052814909276773
0.4716804802134271,0.11495746826923753,-0.17151697133065302,0.9440840030803042,0.5230075531407437,0.024929854098048043
-0.10699404960340919,0.0605098258499433,-0.04033399296191498,0.21098344101378408,0.9147093439198599,-0.36749072428965013
-0.4396485864399373,-0.0732284039209613,0.005293481200465244,-0.4362755395967215,-0.1641718133505745,0.03250038216081652
1.1072218102019733,-0.018871400557843088,-0.10994032637988471,0.16368936586497007,0.3697913190521285,0.2258239042884398
0.18418508829069835,0.6518473231652885,-0.641058253884429,1.2794093671758842,1.3548816764753435,-1.8129562120465466
0.15642218685500686,-0.020185820985859415,-0.018986964033789744,-0.061891596007240146,0.8239632227787506,-0.05399088820837905
0.5824404933529175,-0.10903459302054241,-0.05213328661122829,-0.15070204262401576,0.8348941435146315,0.5070259051891028
0.6543102346065035,0.016932681853753517,-0.16811864760339723,-0.4159376980277878,0.49547369240436945,0.02097718715956498
-0.14163048901271158,0.14187938124232508,-0.2833993912864665,-0.15272720222796732,-0.10605073646970098,-0.28973136523249776
-0.09059481258012547,0.11937500107445742,-0.11893805440260752,-0.2325815603231518,-0.10655926497335333,-0.1146809700108471
-0.20670990297728498,0.16680835139653627,-0.194186817034518,0.23576687034358046,0.8008092515591256,-0.5125112271973884
0.17915949679568688,0.03345249000924688,-0.16882562032692827,-0.43174364767786044,-0.5353828826594409,0.11523499797093262
0.18406054158421292,-0.1070305682698599,-0.09959490886885713,-0.6255201972642401,-0.8495609941187168,0.34052574738769925
-0.3603524057934604,0.021965948528327894,-0.14055211132060297,-0.46079862874477406,0.20566915329281166,-0.08500675679098801
-0.17008033596771766,-0.021798407410411613,-0.13136840330677102,-0.1778010661037237,-0.7128726906414797,0.5131697932991011
-0.556387698057111,0.38784307956886166,-0.4184470619876913,0.7959339867400059,-0.27118714520571086,-0.9669554960926794
-0.0597384532232379,-0.09550985506516119,-0.06283942513202889,-0.3639939822155682,-0.5236488155969403,0.33487156897888726
1.1260533035643714,-0.12624076045955956,-0.1324351410072535,-0.5600212136035843,-0.5763432750151769,0.5538829894470694
1.8539117173934494,-0.054252705879052954,-0.19497565113541304,0.5599915302909695,-0.12546095131756152,0.806838010415194
1.6789618097707832,0.013922768823328657,-0.2011078560862769,0.7722295551487193,0.2073420919273432,0.5100725904621917
0.6346596524809691,-0.279734992861401,-0.04522591843751489,-0.823959888857719,0.460475252060899,1.1931663910122547
-0.47681006458711384,0.12306083345427477,-0.1537346275933582,0.3385148379263305,-0.2282757332799461,-0.4705384019879615
-0.1762867578836842,0.3182786738360108,-0.1660574178483255,0.9324487071410128,1.0754374632290835,-0.9480763502553413
1.7845595515304027,-0.16570738680910835,-0.11244709781633944,-0.6007928053823821,-0.8968920375229996,0.93896639206223
0.9357436678739253,0.3489427737454525,-0.27517966855481557,0.4973061947266566,0.9395653281097802,-0.8498083338472551
1.1207140917253045,0.16609018491841043,-0.20897357630077196,-0.09890030307653075,1.1776063656293112,-0.16178790820826983
0.9984180097948612,0.05784621516728389,-0.13414467080799974,-0.39076431017838775,-0.8469739022247686,-0.3819083745571046
1.2728341764621234,0.06610433803511429,-0.15722864684974558,0.1946487651477833,0.4682389020014792,0.20009745621844788
0.5507907527771485,0.2763342137173304,-0.3465980408742583,0.7145924897953422,0.5991523291864826,-0.15859189620006475
-0.2873614106105089,0.1158811690270275,-0.16071979814683834,0.6375805996077291,0.5899595210052149,-0.25971372693855255
0.25876777308992227,0.259624678662408,-0.17941126383107986,0.03463663264490724,-0.418727898554085,-0.7217366796856184
-0.5227395068119203,-0.0023024833533834554,-0.08426567298997278,0.4361868155746902,0.2429342206719367,0.21584857943327407
1.4112553271242405,-0.05771564038950183,-0.08636313217022906,-0.13287492476010243,0.09019236979354384,0.2666986470865438
-0.3912370359004518,-0.1964481794430718,-0.06166696264077698,-0.7901405122224121,-1.3004768580875796,0.7316994189585637
-0.7437977272828726,-0.09737417221669331,0.0927370750565617,0.18804163061376777,-0.37778673527716444,0.3357864064485936
-0.544911843917236,0.028569880411783266,-0.13087803397021103,0.023090568127205557,0.906432286273819,-0.09729207789022487
-0.8177363427969722,-0.0036914317160292587,-0.09615468536328098,-0.5016768348772978,0.13902934213634488,-0.235045953392925
-0.30410171907406514,0.21546735524113825,-0.2648183209809911,0.8036986636173347,1.2023062141480816,-0.0969490828667916
-0.08373548496736039,0.08672523848174657,-0.11408623444787414,-0.34843252912812916,0.1413716172132613,-0.37270868896852516
0.589313185437579,0.005626457892569214,-0.08869111078832226,-0.1527583000883035,0.963173269688621,0.2622989819154937
0.976660806047631,0.15891884311905513,-0.19139827595985726,0.7215478533200033,0.3584062112987336,-0.11879148629299419
-0.6058734157948813,0.08467456971931658,-0.22698443814561964,-0.22217833770555062,-0.11580740257496336,-0.08183585263900328
-0.5888164901734141,0.09175915971480286,-0.12579856793271116,0.523408390459434,-0.22544056661164502,-0.13561761141522455
-0.7179351620213132,-0.050668856092103476,-0.1617207433768456,0.06661948542599183,-0.8650641479613483,0.7718061618708765
-0.804097905431101,0.38519566277600126,-0.38975941933454317,0.8155217942530975,0.2718718167414824,-0.5905486566131075
-0.8119389364110856,0.14240626600467376,-0.26112376400880033,0.13075519495778054,0.4032282416472186,-0.4926966409539397
0.8143735986716416,-0.12281666005203073,-0.06836728988586815,-0.9726534715821225,0.26265417383834366,0.19977944556480276
-0.2357132323540463,-0.04371990714708329,-0.15399286536093992,-0.7187009394050181,-0.3121737303652119,0.007872960865943579
0.20903275358807494,-0.10390929045479358,-0.03520826578277103,-0.2295847706948615,0.22406238469957884,0.40311709449110555
0.7870957829033214,-0.10456639456713013,-0.186536737718912,-0.623013207415906,0.6852105489781359,0.7943793851423266
1.7847894497892252,-0.12112706309633448,-0.1725476800393535,-0.556385356882956,-1.0887242288877033,1.0046510938043456
-0.6167987172444203,0.4132852874032419,-0.33906127505931904,1.3149197367781942,0.032762273055091384,-0.7028809050258731
-0.34735570495420265,0.6752777350457684,-0.4769289166287499,1.2005970617220227,1.6024247025175895,-1.9028393252513296
0.1343901865029078,0.11926417832279174,-0.14235488894926207,0.07603345467624711,0.9037686581744069,-0.30039304518514687
1.1138322618939827,-0.16450054727563457,-0.1108755702630303,-0.31979777437674173,-0.7267870552946294,0.8707964784530153
-0.1379115456827098,0.04005971103609973,-0.14805479282087153,-0.32406984656655813,0.09694737418422816,-0.11135038845561107
0.5205868270901928,-0.04917136072249895,-0.10971001054333784,-0.2600023892538945,0.505007330359557,0.19320772278517184
-0.021122085445134386,0.23386896145367525,-0.34587009445072925,0.3401141683597859,0.015015914137446629,-0.2945659941358998
0.03534961058262165,0.19765739660235798,-0.33121920123386894,-0.23971939797373332,0.4478603315262881,-0.19629234759311798
-0.3797290551093948,0.12456575355438249,-0.3538071685086849,0.08575839654687667,-0.33161444139935714,0.1578725403815353
-0.6841252307773158,0.018396203897228403,-0.3118491247294769,-0.9510903711482185,-1.2861245181903487,0.008794362765234265
0.2986404794777531,0.32816403066040023,-0.29470805868228644,0.4401995185248957,0.7116868961433767,-0.8161030418136299
1.0230674393636658,0.45094590059182826,-0.2832555493237865,0.625517954954109,1.237352366797733,-1.5953687404142363
0.029722442114478165,0.035866749467198755,-0.20744863947997394,-0.08714789796485412,0.28343654543678953,0.45162185766082796
0.056997750849564266,0.42775202681841057,-0.3940024593834309,0.5610770833843599,-0.7023993637386547,-1.0749068617867712
-0.3610018555295893,0.009969189231848308,-0.26881331411519693,-0.6951305475931199,0.2804959840194754,0.2975816574733119
0.38346405508433024,0.14694519427597702,-0.21945120634987247,0.817438000083679,0.4193637852790446,0.25900933258424264
0.5263385355669608,0.0425706960518748,-0.17494473724678583,0.5791384747934982,0.09546117777404373,0.4892776143334654
1.7109937166170794,0.07718422856462581,-0.2069311390462818,-0.43615711918948374,0.587000950563759,-0.28492460554703936
-0.152315723498623,-0.00496530186807953,-0.23075145362790728,-0.20092480636976595,-0.034468631400123684,0.383937585576569
-0.24561197987174577,0.19862434063545886,-0.29791096499319103,-0.024808092783708657,0.22836220886579417,-0.2558567759610395
-0.609100021837071,0.02600223187070505,-0.22794440105442038,-0.273414910562068,-0.7158141474336435,0.15178485017698007
0.35070545619383453,0.26928936626379735,-0.2509035540784842,1.1445739377406299,0.9672241487893962,-0.5657791401009775
-0.4356755670202477,0.009385136879995981,-0.25205720266275955,-0.7798038825275182,-0.4509196211840729,0.03892837976612196
-0.6024436244219598,0.14840380235021622,-0.1324382892315994,0.1898524572563709,1.2667963972744065,-0.7423482038643021
0.7083447254388517,-0.13546811645505097,-0.05885921764644764,-0.5945223615903668,0.3521462842938301,0.5546396271678709
-0.5892138803166991,0.14545428572479574,-0.20881128614957278,0.24023597881773928,0.5176975806281776,-0.3518244181858514
1.3893402843547749,-0.24776638822885322,-0.06443600225341484,-0.6305604479305706,-0.01760322015098037,1.1331251854786215
0.23557703590227397,0.09869558939005574,-0.10680494583404243,0.005795862232556903,-0.1388258100524178,-0.5810390412527979
0.10787408429905088,0.26567557955561355,-0.21844642116517587,1.0556647181468062,0.8704815494151088,-0.5496066860109965
-0.8691254971214792,0.3767699989148505,-0.20618133325088328,1.0265736892585529,0.28437248691243244,-1.16683012016741
-0.755855345254864,0.10459609365095629,-0.25711435414918826,0.5241256589177636,-0.8713563179720023,0.3377031803280284
-0.7970066216684253,0.10924286378514686,-0.1273812760158316,1.01278345722432,-0.9810679645103728,-0.08932105064173701
-0.2858909967898162,0.09805336121721192,-0.32489928281086244,-0.775545562773563,-1.2758781921068911,0.02518797320950039
-0.11419302389709185,-0.10448240015894905,-0.1638981487406661,-0.6801847822704459,-0.4836079753227285,0.4184108653326084
0.5990066108272198,0.05942534628132762,-0.14363196521762556,0.06566611865186123,-0.5403080468520622,-0.13912499000909495
-0.23501587835764548,0.06957024822003643,-0.16705379357953642,1.2225665575213687,1.1391523278211437,0.336369010401548
0.03786202981208575,0.28293487758582697,-0.2190698839663573,0.9592605410269255,-0.572510541982699,-0.9058170024864776
-0.8674447620202115,0.5582799001258537,-0.33120818431828847,1.5885919642161328,0.37329056139965733,-1.363758050156418
-0.2388087157835812,0.029961937634529145,-0.1819899102734881,0.08542644813449041,-0.30328219676799106,0.22503212725981703
0.17947541860129435,0.24474148538802298,-0.2043907819412386,0.7313755613764252,0.5820605839023947,-0.6146310313640482
-0.537124924862745,0.28854358509760714,-0.285114047249427,1.063546161594283,1.4021915195208687,-0.5595242550242148
0.3545986384128217,-0.0747535230298153,-0.04989690079679443,-0.3579919355528294,-1.5423240206547708,0.18640443234924842
-0.32150034066943634,0.18051270575283568,-0.4706668316953221,0.25788414414772554,-1.4747810294228059,0.4279892371522571
-0.15025055597270343,-0.04950814042945817,-0.09972934998613914,-0.01320917596638349,-1.4021991096791349,0.30320281595730414
-0.8136372401088248,-0.09001737845317348,-0.05597221505089811,-0.4386563720256411,-1.0285026658165601,0.24989866011410333
-0.30302124885506565,-0.22911743669595375,-0.12001143875922027,-0.650571033474737,-0.6556114677994971,1.1137368437993143
1.199225893833159,-0.06407682468072606,-0.18430681355397593,-0.07621954859833258,0.5438237819298175,0.5199294512428474
0.10217804557650889,0.2981024995077838,-0.2625829775635412,1.5290497902299545,1.2893563426644814,-0.2192846826949908
0.4415647605838091,0.0765299698800071,-0.2060464329411209,0.1493555991968667,-0.3951411064654766,-0.18393959491346257
0.10172234130128044,0.29292427511332897,-0.2624654836070428,0.8823071157956863,0.4891163044130078,-0.6363344891671867
-0.5305666141360263,-0.05367532381358242,-0.09464298714560526,-0.2909910151214554,-0.7170154272537608,0.17637537109994383
-0.7685502678601266,-0.0305925101230603,-0.007977692904695077,0.10921078198490286,-0.15342745291595028,0.07682287112560493
0.48330336899592363,0.2070151218359691,-0.1451705623717482,0.6834508858951045,-1.1046623248385334,-0.8235149259245527
0.1986451797008788,0.2339572624280763,-0.26674282425169804,0.4003386718390596,-0.6894959835889631,-0.600807328798878
-0.8049524561500137,-0.05073228541927943,-0.0767435998852054,-0.2630972480235736,-0.7215124818948702,0.1388473705419977
-0.5404743883794956,-0.06274255835567522,-0.1957407166732794,-0.3036599524124366,-0.5272777058500568,0.6187038260742539
0.7859417009250429,0.2789021149737635,-0.3118674635956341,0.017969890461402516,0.23611857363971644,-1.0882251105168146
-0.3195887072184438,-0.07178109570838642,-0.30416773286141463,-0.40652762032177003,0.04923580213331036,0.6239980579796871
-0.12714348265171016,0.166031287868331,-0.3943555107700044,0.037413454149822334,1.324732210335548,-0.044180157296700884
-0.2599929676381334,-0.017225470042040336,-0.2411780105255622,-0.580425318040922,-0.25656742837590896,0.6729555864146222
0.4127261063987271,0.037475690110674975,-0.32475733027025633,-0.2995233579231009,0.14253668553904664,0.35225301909497553
0.23622217616703645,-0.09706981614389687,-0.02486911234883682,-0.28331668090184126,-0.6534824297626505,0.3140871164616814
0.233340198473029,0.12985590064272645,-0.24616488977330353,-0.13516200898672004,0.2855857037758245,-0.47967400954777584
0.9759705959039475,-0.11570197756575062,-0.13136461519121434,-0.4517491658008135,-0.39228505656813484,0.542965236779962
-0.6482044603526713,0.013548573186044188,-0.2461878247837933,-0.39604444842826925,-0.9919961097684737,-0.002668503453619131
-0.45320960020552037,0.013572324321604157,-0.17834595886096727,-0.009501312332518275,-1.4478277499939942,0.06752929092657478
0.5017983948680447,-0.03008505946064388,-0.15509767898882043,0.4026328079123571,-1.127437455200805,0.5026251207723869
-0.301596385212747,-0.11218962021176071,-0.13017762065400595,0.03567706829087314,-0.5528470662403855,0.8707497986365951
-0.4155056528529715,-0.0335179262311186,-0.2089538543653654,-0.21281953299447176,-1.054328562597665,0.5114297397106622
-0.1947454982836767,0.11255518148081367,-0.3571881296510462,-0.2726467868835092,0.1313999635323171,0.2558362669391099
-0.5023017378784109,0.11849495635628393,-0.18248456719177875,0.8940428249719008,1.072755716106832,-0.10279703114863326
0.9836479575851678,0.09525582846648978,-0.30963747391014607,-0.2984003489007998,0.5902353718708913,0.1575269686428995
-0.3800455668524816,0.4586133819964801,-0.5171685216203169,0.9366658775394918,0.9723333176676454,-0.6358325595540553
-0.3928698092948222,0.0209576072768346,-0.3070841209143521,-0.3953790309179508,-0.24247562064145534,0.1685359485658373
-0.33776103125229096,0.015237903579604306,-0.1042980974614357,0.29612862619139335,0.5203877199073905,0.07436837470885527
-0.25396895990523816,-0.030433820483126484,-0.2294752029729853,-0.5388371504134821,-1.3198312204291363,0.4649296292901006
-0.2720299456016755,0.14491936661042665,-0.28387446009743256,-0.47033246936944395,-0.12196803380972465,-0.7739101786658567
-0.149619873523833,0.1726328949347965,-0.2599370971957431,0.6338548635124313,0.3696826825292381,-0.017139368850179082
-0.1476381318108484,-0.03176747996949636,-0.1610427423204559,-0.26633746098545474,-0.24506680339769282,0.18044753350478482
-0.3521874416306212,0.06798937515943271,-0.22223359811934962,-0.00268856559452213,0.13644492860547297,0.21006377586481673
-0.7985304928648145,0.1498086169217086,-0.2419031109813714,0.28226038836036715,-0.6943322183216387,0.008950736737321385
0.30485434485112006,0.15827672250948865,-0.32283399944066515,0.2878470510065896,-0.23822132348242864,-0.08920100033046152
-0.5802451529061203,0.04326397214209238,-0.25419956485173156,-0.4111123502945464,-0.24215305220852157,0.22717406310056454
0.5216218836337754,-0.029370295495980026,-0.2496879282661626,-0.5532523032379697,-0.08612324737501798,0.1859478789228053
1.5967883155925635,0.049792177574424945,-0.24570760202228947,-0.028042376258498924,0.09074663965590002,0.16578621108748415
-0.22614749534987855,-0.035514441108563166,-0.2246234082686659,-0.2370024569462843,-0.09404211521111794,0.3386678903075495
0.12686013115131822,-0.035467721539669594,-0.06374094351678139,0.16846374763955008,-1.2630560867006386,0.24254311260974726
0.5393640448737547,0.3141219958784056,-0.31434963174965425,0.5767297801652966,0.520312176662086,-1.0120757053105844
0.9819077104631855,-0.054677252616907035,-0.24354007417441725,-0.21052732894283066,0.2402197084186697,0.5053603050272542
-0.21676383669317012,-0.10308161519956571,-0.13366054707161268,-0.5388363628010415,-0.506824943601059,0.42529168276907736
0.592476791151004,0.35296893347803165,-0.38563507326083646,0.35874633726334126,0.33691092076301965,-0.6357287161146992
-0.8474745566868964,0.4637854045890051,-0.42553870198050414,1.0490530293889915,0.6966238286474433,-1.1722211266790965
0.078901982589757,-0.22140064790363123,-0.08977039717288171,-0.8017888143544213,-1.0717435825191326,0.9316200907134844
0.7311754850787324,-0.003674535513685906,-0.2704622242291175,-0.17893867971795996,-0.019586275844909906,0.26022381926581994
0.4176047963923206,0.22605816434584647,-0.3595667201738796,0.558506969725455,-0.09114520949673866,-0.19458984380789524
-0.6012629485118401,0.24759684539843307,-0.44932295616743334,-0.034211984831021836,0.30442936885233607,-0.2742619380946958
0.1351447200173912,0.36608834455545375,-0.4956028502638744,1.0899866967630047,0.8516759780677434,-0.4205698565891809
0.7522713540293118,-0.0729863860250819,-0.19161817818737237,-0.6704785161374018,-0.7576130151622325,0.2829703207655463
-0.7819364511067044,0.3063209891003612,-0.36066346440775676,0.6067525405910854,0.7772128756759669,-0.5580475934009137
-0.5043422258993315,0.3420971856100903,-0.2858469451998873,0.288241182019892,0.5798174712632411,-0.9962388992838491
0.21366529208762564,0.050493644769184776,-0.33517675475833597,-0.6363064118634982,-0.5852963064072529,0.22030224800015086
-0.09243396772935619,-0.0032762119878804175,-0.21983829626283846,-0.1354526737015158,0.7060202129053401,0.18441751567516418
-0.6228515543856441,0.37768217472233145,-0.5296830445578491,0.4924002502702969,0.5210351742362556,-0.4460246718034311
0.964143123006967,0.07895355418137973,-0.35390158902972235,-0.2871934392242539,0.20131781410951977,0.15973886957636818
-0.87044862610415,0.2511393569564004,-0.41668439714611016,0.5770750541641751,-1.672808161701522,-0.24576349799147001
1.2943208002609488,0.20583039098943928,-0.3980552890416176,0.7448311672331154,1.1253107910592246,0.09775667401883359
-0.13607423043642108,-0.05647233455928835,-0.1907174275294533,-0.07527570016559215,0.4876174748665827,0.5870684139889195
0.5613465821652623,0.04996274439527243,-0.30432293133064026,0.2834526759091931,0.7733314753351701,0.23342251914883727
-0.09063569459963783,0.20028166753211157,-0.3336258348025464,0.5974875579190524,0.5483180210783689,0.03530457644231699
-0.49745474111128796,0.5165986814203959,-0.46292832288235786,0.9071414280359686,-0.0937255641121908,-1.1085676069240902
-0.6015706007684609,0.08637578827145398,-0.34066365184943437,-0.24409369603164355,-0.2440245531773204,0.010319903088722882
-0.6448503123831331,0.43530835713564775,-0.5015903855739061,0.8992843530967196,0.37523691255745373,-0.931035523504675
1.1656661854044217,-0.09380353544302744,-0.11457839019036675,-0.3581280852734843,1.399527269091466,0.4252573134541495
-0.168958873707729,-0.060934204631592714,-0.22732496554257586,-0.5424577109620083,0.009369779093157948,0.3424656835234594
-0.534685599058601,0.21881278819766486,-0.4235649906229788,-0.20600149473581308,0.8691506352264167,0.06828375612695581
0.48495292494405295,0.029051769309159925,-0.19807276304881838,-0.08516716054827889,0.6470673563048019,-0.028825614034778457
1.1140147749388964,0.31943193870279474,-0.3942317735734805,0.862244508206095,-0.14321435043261932,-0.15544556575245183
-0.8000687517076752,0.3027411997668591,-0.33922829103946905,0.4130855917805336,0.15680007267039553,-0.38802527099743633
-0.4887447496519155,0.4534130731863985,-0.5080567126332053,0.7330136914775629,1.222029139321914,-1.5194584089554493
0.5283523496058573,-0.20351040341879323,-0.03120592795655852,-0.47466863321451114,-0.8769374163858505,0.8794379127930045
-0.48448326292471555,0.23587742061298894,-0.2859969680861123,0.48514295337694735,-0.5843758401666452,-0.431495877912218
-0.06129648362832407,0.2102896602712414,-0.3534139953616713,0.008773666907922584,-0.004234664548924627,-0.0029029841745749074
-0.2602724337551876,0.216484727221262,-0.35569264161565217,-0.15935617582302286,-0.27894635603764195,-0.12290992055492644
-1.0259202589867664,0.4614512442720843,-0.4277605361802319,0.501063814336574,-1.3767881492565248,-1.5515213472483687
0.26430307793860774,0.09431431828905085,-0.32458366249045323,-0.19777206253277435,-0.25610077487434557,-0.24707073418141556
-0.37881785027919435,-0.09285565812568419,-0.19834860881083027,-0.5363084566309706,-0.649621815471368,0.4862823544356494
-0.5150871640435781,0.2695116284312334,-0.38410005360943156,0.04073078582265999,-0.7905617317017604,-0.6954279163128274
-0.30485680480619193,0.08387551685030165,-0.43893694940034444,-0.26781850986802325,0.7761748785290918,0.4014213682953227
0.11336460345036525,0.528003788575875,-0.5294316699885558,0.784968750860572,0.3098276978583696,-1.1154357036597964
-0.46464093498935477,0.012064330224614506,-0.2440195822272696,-0.6978840964395969,-0.5966920225786749,-0.15276625336528893
0.5825218529426228,0.2465440074068626,-0.8106588297823626,0.12139899545878863,0.8984511124817827,-0.0961284639457447
-0.9533334136963013,0.53132502732618,-0.5649392854891927,0.7227588012867021,-0.26626757114602606,-1.5049733886212344
-0.5757409522437624,0.05001128831006579,-0.4519214960081429,-0.37822781480473533,-0.29469383050652587,0.27329862119085435
1.865227496216389,-0.21887995307900088,-0.19267678782244657,-0.8252131520445538,0.4305441794586016,1.0987086988729264
0.6080361153987413,0.3117918004459429,-0.815823362538992,0.4012058856820908,-0.3198970439972686,-0.34208151776624174
-0.4991444347726697,0.21911919694090154,-0.8211407058584604,0.4946623615045995,0.2350880015390655,0.38447462967238355
-0.7580486513665281,0.10183755974102288,-0.505483537376389,-0.680364913222921,0.1226420607660117,0.29124691377598655
-0.3664968994918987,0.05218659393841385,-0.798116881598844,-1.021489533285066,-0.03332581334777407,0.4829031742258545
-0.9125180716875989,0.4029282795813346,-0.4367063779883189,0.2696272638430153,0.3465810904865543,-1.295211193920544
-0.5693123422271369,0.36046127387533033,-0.5987997293091839,0.43631067287473657,0.4708129354261845,-0.2387343015929111
-0.7329121031296892,0.08385891871414758,-0.28764158948964835,0.5204970213648998,0.11976292001135924,0.116147375460117
-0.837828337629406,0.46740735997912924,-0.8444231805670834,0.5803055262510664,-0.028787541428766605,-0.6584288127204854
-0.8658263822779544,0.07639836470077793,-0.4366023244472811,-0.822152822876063,-1.473682698215917,0.1428274688580724
1.5314156802598606,0.32806874034785827,-0.9695432785978231,0.41108575880584475,0.18280726708791128,0.7486587314416493
-0.33553930158689615,0.10743399938541998,-0.7988651720185296,-0.3899375539808039,0.109073001166204,0.4705557660084354
-0.7742020497290727,0.18045242981276088,-0.3494145160544644,0.6469243533487812,-0.5077315077777649,0.00977554180090845
0.26268225291115654,0.04463805566448392,-0.7934400056788686,-0.6097250168361159,-0.3173366927456098,0.7318425950487795
0.933898980181717,0.14192000243139696,-0.7975851552502413,0.1944966029310864,0.9527127075542445,0.5572769852124626
-0.31157002519239096,0.36782177895600077,-0.536521750809152,-0.16190442725457177,-0.7205698011492288,-1.1132786551103901
-0.5821831525154451,0.17135672489513665,-0.3248655844668318,0.24321939868143772,0.7462412166405072,-0.39055829120407637
-0.8425609740533107,0.2379904891973355,-0.5338252546869509,-0.453293466447249,-0.036494857154047544,-0.37210226778003674
0.45089663364043164,-0.15875306450751958,-0.1673185114038227,-0.3994581156445465,-0.4040885791804918,0.9013899258692608
-0.6986194260477063,0.4567807918163805,-0.5891038330247848,-0.06318025528838733,0.25418963135728667,-1.0023327018435892
-0.37348995040523003,0.5484562616744318,-0.991313213283043,0.8852389355616856,0.3472279500680844,-0.31589421859995337
0.6142418901978066,0.17374233795173444,-0.494832539454683,0.9093137750736449,0.8604270497134783,0.6627907223778555
1.1211172183686358,0.09991507466955979,-0.4864610043164711,-0.5025360507832077,0.017481432044136103,0.2573289896582196
-0.4935371176816803,0.2080798526084775,-0.8059007152575602,0.14301259758653706,1.2122014991222874,0.1414793533434966
-0.3003347935033909,0.07775012013996146,-0.28319823329320615,0.9254187575137802,0.06945948108457944,0.3531975901714688
1.817307476548293,0.05878767672482321,-0.3591391073096415,0.1904582318184036,0.8658630706606862,0.23524745861813035
-0.5837493099816369,-0.08965666374440351,-0.1698602216707572,-0.5621946996806735,-0.009758058396540203,0.3995351819644313
0.6607042753971204,0.0001976927680163998,-0.3148017399145586,-0.40516662506159973,0.15768005500177829,0.2041088828511648
0.2770038898657383,0.37600458165741063,-0.39952149309983287,0.5554305928235963,-0.20403414480331872,-0.6494547917526348
-0.8485919875121775,0.5479959159837111,-0.9878712277479657,0.4762690531859817,-0.47408751862900056,-0.5297127037065539
-0.07889972978456994,0.09438167891001897,-0.3478444527991389,0.3239799636033718,0.30078459876131314,0.06457137140233593
0.45533491048300667,0.15504567711683337,-0.33132726489887043,0.5718789258942936,-0.38756800742366204,-0.2107034955844007
0.5773912715358078,0.37986083619299715,-0.8385688495184032,0.36765304908891583,-0.11486364938638882,-0.22760965536302757
-0.9701374351725403,0.5878607655375317,-1.004227422708462,-0.012217278079673877,-1.28980552680781,-0.9938488105839194
0.7553691022091968,0.44828499915386544,-0.8448123187342087,0.8750661956444201,1.3518908629631503,-0.778396966315823
-0.15846357463741434,0.024577878561251043,-0.28615106303830573,-0.08230339134296161,-0.559597417773745,0.1665602120487799
-0.8350507026066631,0.41675399904283184,-0.8968244024208186,0.4106166200873962,-0.42881065525216355,-0.42236846181847776
-0.14668424912879008,0.22980013657812126,-0.4403432161219364,0.44628236826170875,0.676018973868123,0.2667863716481671
-0.7969301051378661,0.21332698880350753,-0.8104370244854918,-0.2831497935081855,0.04066586922110815,-0.10103304335384067
0.6467258382831103,0.5151511654527424,-0.33875565473585667,1.5021946220820142,0.8658263769224681,-1.0287293480995339
-0.1522176219640674,0.2597614270553563,-0.8822246659080591,-0.30584568545742385,-1.2243627753161925,0.1279621245004936
-0.09177050253132668,0.6230517063684528,-0.9989162167937741,1.0202025279777645,-0.08095372775949716,-0.6888892122487318
